"","Year","Month","GrossReturn","PriceReturn","CPI","rate","adjusted.GR"
"1",1926,"Jan",-0.001783,-0.00398,17.9,13.388677839851,-0.930624827999462
"2",1926,"Feb",-0.033296,-0.037876,17.9,13.388677839851,-0.932814952787211
"3",1926,"Mar",-0.057708,-0.062007,17.8,13.4695131086142,-0.934877421726166
"4",1926,"Apr",0.038522,0.034856,17.9,13.388677839851,-0.927823667222314
"5",1926,"May",0.013623,0.00907,17.8,13.4695131086142,-0.929947677410337
"6",1926,"Jun",0.056427,0.050196,17.7,13.5512617702448,-0.927399629208772
"7",1926,"Jul",0.040403,0.038168,17.5,13.7175619047619,-0.929308739672202
"8",1926,"Aug",0.029822,0.025747,17.4,13.8021455938697,-0.93042751853309
"9",1926,"Sep",0.01342,0.009122,17.5,13.7175619047619,-0.931142127578067
"10",1926,"Oct",-0.030172,-0.032434,17.6,13.6339393939394,-0.933727482812888
"11",1926,"Nov",0.026937,0.019367,17.7,13.5512617702448,-0.929426257584072
"12",1926,"Dec",0.026047,0.020321,17.7,13.5512617702448,-0.929487420664914
"13",1927,"Jan",-0.00291,-0.005579,17.5,13.7175619047619,-0.932251686355918
"14",1927,"Feb",0.045522,0.040566,17.4,13.8021455938697,-0.929366861488445
"15",1927,"Mar",0.007324,0.00261,17.3,13.8877071290944,-0.932338540027334
"16",1927,"Apr",0.013021,0.010907,17.3,13.8877071290944,-0.931955875326141
"17",1927,"May",0.062353,0.057096,17.4,13.8021455938697,-0.928229796601922
"18",1927,"Jun",-0.02037,-0.025705,17.6,13.6339393939394,-0.933057670007455
"19",1927,"Jul",0.08445,0.081687,17.3,13.8877071290944,-0.927158024362213
"20",1927,"Aug",0.03332,0.028624,17.2,13.9742635658915,-0.930993601424667
"21",1927,"Sep",0.053016,0.049095,17.3,13.8877071290944,-0.929269430754576
"22",1927,"Oct",-0.046804,-0.04896,17.4,13.8021455938697,-0.935604200488694
"23",1927,"Nov",0.070546,0.06427,17.3,13.8877071290944,-0.928091949235898
"24",1927,"Dec",0.019295,0.014403,17.3,13.8877071290944,-0.931534453817402
"25",1928,"Jan",-0.007182,-0.0092,17.3,13.8877071290944,-0.933312900946327
"26",1928,"Feb",-0.012549,-0.016679,17.1,14.0618323586745,-0.934440181215315
"27",1928,"Mar",0.105752,0.101652,17.1,14.0618323586745,-0.92658582477429
"28",1928,"Apr",0.034725,0.032715,17.1,14.0618323586745,-0.931301519273379
"29",1928,"May",0.012325,0.007422,17.2,13.9742635658915,-0.932395673714073
"30",1928,"Jun",-0.03433,-0.038725,17.1,14.0618323586745,-0.935886286807339
"31",1928,"Jul",0.010117,0.008278,17.1,14.0618323586745,-0.932935317832146
"32",1928,"Aug",0.07023,0.065514,17.1,14.0618323586745,-0.928944236364201
"33",1928,"Sep",0.022409,0.019937,17.3,13.8877071290944,-0.931325287961774
"34",1928,"Oct",0.013839,0.012055,17.2,13.9742635658915,-0.932294566905492
"35",1928,"Nov",0.122975,0.116704,17.2,13.9742635658915,-0.925006328687981
"36",1928,"Dec",0.006232,0.002888,17.1,14.0618323586745,-0.933193254576327
"37",1929,"Jan",0.055473,0.053892,17.1,14.0618323586745,-0.929923997634184
"38",1929,"Feb",-0.004874,-0.008075,17.1,14.0618323586745,-0.933930615060465
"39",1929,"Mar",0.000154,-0.003213,17,14.150431372549,-0.933985113994036
"40",1929,"Apr",0.019559,0.018234,16.9,14.2400788954635,-0.933100149481281
"41",1929,"May",-0.041281,-0.046101,17,14.150431372549,-0.936720019620227
"42",1929,"Jun",0.112294,0.109584,17.1,14.0618323586745,-0.926151481870703
"43",1929,"Jul",0.050014,0.048186,17.3,13.8877071290944,-0.929471073625031
"44",1929,"Aug",0.094871,0.090733,17.3,13.8877071290944,-0.926458050893523
"45",1929,"Sep",-0.050941,-0.053046,17.3,13.8877071290944,-0.93625217155533
"46",1929,"Oct",-0.18615,-0.188115,17.3,13.8877071290944,-0.94533409389754
"47",1929,"Nov",-0.125359,-0.130374,17.3,13.8877071290944,-0.941250792186076
"48",1929,"Dec",0.027753,0.023571,17.2,13.9742635658915,-0.931365372629007
"49",1930,"Jan",0.059632,0.057032,17.1,14.0618323586745,-0.929647869212292
"50",1930,"Feb",0.026041,0.021516,17,14.150431372549,-0.93227644977429
"51",1930,"Mar",0.072348,0.069351,16.9,14.2400788954635,-0.929636322268699
"52",1930,"Apr",-0.013938,-0.015867,17,14.150431372549,-0.934915252526298
"53",1930,"May",-0.011148,-0.015304,16.9,14.2400788954635,-0.935115034063613
"54",1930,"Jun",-0.155715,-0.159182,16.8,14.3307936507937,-0.944928813260996
"55",1930,"Jul",0.038713,0.036395,16.6,14.5155020080321,-0.933053213523979
"56",1930,"Aug",0.011266,0.006691,16.5,14.6095353535354,-0.935214855721445
"57",1930,"Sep",-0.123549,-0.127635,16.6,14.5155020080321,-0.943511270241448
"58",1930,"Oct",-0.08368,-0.086394,16.5,14.6095353535354,-0.941297419862503
"59",1930,"Nov",-0.019736,-0.024113,16.4,14.7047154471545,-0.937581549739087
"60",1930,"Dec",-0.071479,-0.077707,16.1,14.9973498964803,-0.94195782388905
"61",1931,"Jan",0.059527,0.056729,15.9,15.1985744234801,-0.93459134289841
"62",1931,"Feb",0.110943,0.105279,15.7,15.4049256900212,-0.932279912692578
"63",1931,"Mar",-0.068939,-0.073451,15.6,15.5100854700855,-0.943606530584776
"64",1931,"Apr",-0.092955,-0.09546,15.5,15.6166021505376,-0.945413328682805
"65",1931,"May",-0.137674,-0.14302,15.3,15.8338126361656,-0.948774171446616
"66",1931,"Jun",0.146492,0.139763,15.1,16.0567770419426,-0.932783784581297
"67",1931,"Jul",-0.075465,-0.07857,15.1,16.0567770419426,-0.945796618099271
"68",1931,"Aug",0.007779,0.002304,15.1,16.0567770419426,-0.940916211924335
"69",1931,"Sep",-0.287461,-0.291524,15,16.1704888888889,-0.958502113445291
"70",1931,"Oct",0.076738,0.072834,14.9,16.2857270693512,-0.937709417967779
"71",1931,"Nov",-0.100909,-0.109396,14.7,16.5209070294785,-0.948684677198087
"72",1931,"Dec",-0.137557,-0.145471,14.6,16.6409132420091,-0.951111204495569
"73",1932,"Jan",-0.018803,-0.021067,14.3,17.0110023310023,-0.945522354504887
"74",1932,"Feb",0.053581,0.045233,14.1,17.2664775413712,-0.942321610851694
"75",1932,"Mar",-0.118907,-0.125245,14,17.3969523809524,-0.952106578211712
"76",1932,"Apr",-0.205295,-0.207637,13.9,17.5293045563549,-0.957110910580427
"77",1932,"May",-0.232123,-0.240123,13.7,17.7998053527981,-0.959155055832229
"78",1932,"Jun",0.002768,-0.006507,13.6,17.9380392156863,-0.947050062122091
"79",1932,"Jul",0.391838,0.390006,13.6,17.9380392156863,-0.926505696595709
"80",1932,"Aug",0.401979,0.394164,13.5,18.0783209876543,-0.926514550158411
"81",1932,"Sep",-0.029526,-0.034118,13.4,18.2206965174129,-0.949508905719374
"82",1932,"Oct",-0.142069,-0.143263,13.3,18.3652130325815,-0.955697311537108
"83",1932,"Nov",-0.052228,-0.058702,13.2,18.5119191919192,-0.951425998094923
"84",1932,"Dec",0.061569,0.053749,13.1,18.6608651399491,-0.946005987404746
"85",1933,"Jan",0.013938,0.012575,12.9,18.965684754522,-0.949215966671498
"86",1933,"Feb",-0.179558,-0.186035,12.7,19.2801049868766,-0.95954448951172
"87",1933,"Mar",0.038627,0.032581,12.6,19.4410582010582,-0.949189176519921
"88",1933,"Apr",0.414312,0.412291,12.6,19.4410582010582,-0.930810235649797
"89",1933,"May",0.174816,0.170167,12.6,19.4410582010582,-0.942526654518347
"90",1933,"Jun",0.137498,0.133994,12.7,19.2801049868766,-0.943910645396753
"91",1933,"Jul",-0.084736,-0.085471,13.1,18.6608651399491,-0.953447419862503
"92",1933,"Aug",0.123272,0.119807,13.2,18.5119191919192,-0.942431495899942
"93",1933,"Sep",-0.118045,-0.121112,13.2,18.5119191919192,-0.954799167046302
"94",1933,"Oct",-0.090623,-0.091588,13.2,18.5119191919192,-0.953393769671995
"95",1933,"Nov",0.108553,0.10207,13.2,18.5119191919192,-0.943185855317651
"96",1933,"Dec",0.026694,0.02443,13.2,18.5119191919192,-0.947381188395593
"97",1934,"Jan",0.115033,0.113644,13.2,18.5119191919192,-0.942853750621221
"98",1934,"Feb",-0.03284,-0.037272,13.3,18.3652130325815,-0.950056836536072
"99",1934,"Mar",0.005355,0.002464,13.3,18.3652130325815,-0.948084485396132
"100",1934,"Apr",-0.02549,-0.026944,13.3,18.3652130325815,-0.949677289975565
"101",1934,"May",-0.078497,-0.082255,13.3,18.3652130325815,-0.952414517803156
"102",1934,"Jun",0.02408,0.021102,13.4,18.2206965174129,-0.946719932908142
"103",1934,"Jul",-0.119846,-0.121723,13.4,18.2206965174129,-0.954208007019796
"104",1934,"Aug",0.05865,0.051629,13.4,18.2206965174129,-0.94492135084486
"105",1934,"Sep",-0.000216,-0.003127,13.6,17.9380392156863,-0.947207628592728
"106",1934,"Oct",-0.032663,-0.033732,13.5,18.0783209876543,-0.949296533975607
"107",1934,"Nov",0.086059,0.080682,13.5,18.0783209876543,-0.943073659327632
"108",1934,"Dec",-0.000681,-0.004415,13.4,18.2206965174129,-0.94800817966744
"109",1935,"Jan",-0.042368,-0.043755,13.6,17.9380392156863,-0.949433413401806
"110",1935,"Feb",-0.03684,-0.04266,13.7,17.7998053527981,-0.94876755466744
"111",1935,"Mar",-0.031454,-0.035324,13.7,17.7998053527981,-0.948481062339518
"112",1935,"Apr",0.096493,0.095347,13.8,17.6635748792271,-0.941249572651785
"113",1935,"May",0.038135,0.033059,13.8,17.6635748792271,-0.944376411983351
"114",1935,"Jun",0.070533,0.067124,13.7,17.7998053527981,-0.943056165746915
"115",1935,"Jul",0.083814,0.082471,13.7,17.7998053527981,-0.942349722262487
"116",1935,"Aug",0.026569,0.022105,13.7,17.7998053527981,-0.945394700597407
"117",1935,"Sep",0.025526,0.022175,13.7,17.7998053527981,-0.945450179895221
"118",1935,"Oct",0.071803,0.070634,13.7,17.7998053527981,-0.942988611856001
"119",1935,"Nov",0.051943,0.04562,13.8,17.6635748792271,-0.943636575157376
"120",1935,"Dec",0.039887,0.036744,13.8,17.6635748792271,-0.944282539292222
"121",1936,"Jan",0.071832,0.070187,13.8,17.6635748792271,-0.94257091650791
"122",1936,"Feb",0.022461,0.018857,13.8,17.6635748792271,-0.945216229655015
"123",1936,"Mar",0.024029,0.021457,13.7,17.7998053527981,-0.945529808379235
"124",1936,"Apr",-0.077588,-0.078356,13.7,17.7998053527981,-0.950935023917005
"125",1936,"May",0.053106,0.046971,13.7,17.7998053527981,-0.943983143429554
"126",1936,"Jun",0.032542,0.029509,13.8,17.6635748792271,-0.944676086618902
"127",1936,"Jul",0.073442,0.072356,13.9,17.5293045563549,-0.942067874337364
"128",1936,"Aug",0.014124,0.00893,14,17.3969523809524,-0.944875434854634
"129",1936,"Sep",0.004817,0.001617,14,17.3969523809524,-0.945381333864822
"130",1936,"Oct",0.076281,0.075272,14,17.3969523809524,-0.941496777416549
"131",1936,"Nov",0.010666,-0.000321,14,17.3969523809524,-0.945063400770314
"132",1936,"Dec",-0.00383,-0.007289,14,17.3969523809524,-0.94585135736768
"133",1937,"Jan",0.036648,0.035916,14.1,17.2664775413712,-0.943248609500538
"134",1937,"Feb",0.018483,0.01535,14.1,17.2664775413712,-0.944243054103164
"135",1937,"Mar",-0.003511,-0.006242,14.2,17.1378403755869,-0.945060217789696
"136",1937,"Apr",-0.080646,-0.08149,14.3,17.0110023310023,-0.948955977957011
"137",1937,"May",-0.005699,-0.011686,14.4,16.8859259259259,-0.944408748861095
"138",1937,"Jun",-0.053803,-0.057853,14.4,16.8859259259259,-0.947098237803363
"139",1937,"Jul",0.098991,0.098012,14.5,16.7625747126437,-0.938128845745672
"140",1937,"Aug",-0.051183,-0.056291,14.5,16.7625747126437,-0.94658336331587
"141",1937,"Sep",-0.13961,-0.143683,14.6,16.6409132420091,-0.951227581690549
"142",1937,"Oct",-0.102722,-0.103703,14.6,16.6409132420091,-0.949136533483807
"143",1937,"Nov",-0.084289,-0.100254,14.5,16.7625747126437,-0.948447169691667
"144",1937,"Dec",-0.045828,-0.053019,14.4,16.8859259259259,-0.946652356497971
"145",1938,"Jan",0.012163,0.011096,14.2,17.1378403755869,-0.944196057576824
"146",1938,"Feb",0.065757,0.061131,14.1,17.2664775413712,-0.941655034607181
"147",1938,"Mar",-0.254106,-0.257951,14.1,17.2664775413712,-0.959165964083078
"148",1938,"Apr",0.142667,0.140966,14.2,17.1378403755869,-0.937000934160938
"149",1938,"May",-0.039973,-0.046036,14.1,17.2664775413712,-0.947443233221859
"150",1938,"Jun",0.253519,0.249304,14.1,17.2664775413712,-0.931375986576452
"151",1938,"Jul",0.074738,0.073872,14.1,17.2664775413712,-0.941163368932742
"152",1938,"Aug",-0.025901,-0.029465,14.1,17.2664775413712,-0.946672860282241
"153",1938,"Sep",0.016932,0.013867,14.1,17.2664775413712,-0.944327963741406
"154",1938,"Oct",0.07896,0.0782,14,17.3969523809524,-0.941351155470885
"155",1938,"Nov",-0.026207,-0.032784,14,17.3969523809524,-0.947067700136669
"156",1938,"Dec",0.04481,0.041538,14,17.3969523809524,-0.943207441191088
"157",1939,"Jan",-0.070506,-0.071314,14,17.3969523809524,-0.94947565331732
"158",1939,"Feb",0.039292,0.034357,13.9,17.5293045563549,-0.943910900873851
"159",1939,"Mar",-0.134821,-0.138171,13.9,17.5293045563549,-0.953307529844488
"160",1939,"Apr",-0.006611,-0.007842,13.8,17.6635748792271,-0.946773916228361
"161",1939,"May",0.069557,0.06346,13.8,17.6635748792271,-0.94269281169759
"162",1939,"Jun",-0.06181,-0.065748,13.8,17.6635748792271,-0.949731495382258
"163",1939,"Jul",0.11131,0.110355,13.8,17.6635748792271,-0.940455673299925
"164",1939,"Aug",-0.067551,-0.073025,13.8,17.6635748792271,-0.950039099902675
"165",1939,"Sep",0.181167,0.177572,14.1,17.2664775413712,-0.935336903498509
"166",1939,"Oct",-0.016887,-0.01764,14,17.3969523809524,-0.9465610944877
"167",1939,"Nov",-0.040532,-0.051142,14,17.3969523809524,-0.947846361716226
"168",1939,"Dec",0.028177,0.023143,14,17.3969523809524,-0.944111558332643
"169",1940,"Jan",-0.035927,-0.0368,13.9,17.5293045563549,-0.947970362456515
"170",1940,"Feb",0.013139,0.006917,14,17.3969523809524,-0.944928976331483
"171",1940,"Mar",0.013561,0.010518,14,17.3969523809524,-0.944906037749524
"172",1940,"Apr",-0.004478,-0.006231,14,17.3969523809524,-0.945886580593059
"173",1940,"May",-0.23148,-0.239765,14,17.3969523809524,-0.958225689555206
"174",1940,"Jun",0.083035,0.078208,14.1,17.2664775413712,-0.940709148901474
"175",1940,"Jul",0.03309,0.031914,14,17.3969523809524,-0.943844503230349
"176",1940,"Aug",0.035421,0.026631,14,17.3969523809524,-0.943717797461277
"177",1940,"Sep",0.014221,0.010096,14,17.3969523809524,-0.944870162242193
"178",1940,"Oct",0.041468,0.04018,14,17.3969523809524,-0.94338910171457
"179",1940,"Nov",-0.029431,-0.042997,14,17.3969523809524,-0.947242946554295
"180",1940,"Dec",0.002927,-0.00249,14.1,17.2664775413712,-0.945094668759836
"181",1941,"Jan",-0.045555,-0.046847,14.1,17.2664775413712,-0.947748820327383
"182",1941,"Feb",-0.004729,-0.01257,14.1,17.2664775413712,-0.945513797186905
"183",1941,"Mar",0.008872,0.004173,14.2,17.1378403755869,-0.944377501449515
"184",1941,"Apr",-0.062152,-0.063463,14.3,17.0110023310023,-0.947929161144703
"185",1941,"May",0.013184,0.00214,14.4,16.8859259259259,-0.943353002567713
"186",1941,"Jun",0.058851,0.052486,14.7,16.5209070294785,-0.9395664277986
"187",1941,"Jul",0.057106,0.055619,14.7,16.5209070294785,-0.939666023099064
"188",1941,"Aug",-0.001113,-0.009736,14.9,16.2857270693512,-0.942213191496521
"189",1941,"Sep",-0.007351,-0.011499,15.1,16.0567770419426,-0.941803249373602
"190",1941,"Oct",-0.064602,-0.065955,15.3,15.8338126361656,-0.944433384152655
"191",1941,"Nov",-0.024916,-0.042107,15.4,15.7245021645022,-0.941697278017063
"192",1941,"Dec",-0.038843,-0.046205,15.5,15.6166021505376,-0.942156826570654
"193",1942,"Jan",0.022276,0.020639,15.7,15.4049256900212,-0.937684813737265
"194",1942,"Feb",-0.017647,-0.024642,15.8,15.3010970464135,-0.939737000693697
"195",1942,"Mar",-0.064068,-0.069676,16,15.0973333333333,-0.941857947486126
"196",1942,"Apr",-0.037988,-0.040323,16.1,14.9973498964803,-0.939864289633894
"197",1942,"May",0.070339,0.060119,16.3,14.801063394683,-0.932261584346268
"198",1942,"Jun",0.023544,0.016976,16.3,14.801063394683,-0.935223093887186
"199",1942,"Jul",0.036031,0.034314,16.4,14.7047154471545,-0.934030578046053
"200",1942,"Aug",0.015346,0.007531,16.5,14.6095353535354,-0.93495347702518
"201",1942,"Sep",0.032449,0.027671,16.5,14.6095353535354,-0.933857800593266
"202",1942,"Oct",0.067867,0.066333,16.7,14.4225948103792,-0.930759576249689
"203",1942,"Nov",-0.004392,-0.016937,16.8,14.3307936507937,-0.935058287086888
"204",1942,"Dec",0.057537,0.050449,16.9,14.2400788954635,-0.930608167631285
"205",1943,"Jan",0.072434,0.071062,16.9,14.2400788954635,-0.929630679253292
"206",1943,"Feb",0.058503,0.052676,16.9,14.2400788954635,-0.930544782132651
"207",1943,"Mar",0.059404,0.055182,17.2,13.9742635658915,-0.929251679367183
"208",1943,"Apr",0.003588,0.002332,17.4,13.8021455938697,-0.932199829164251
"209",1943,"May",0.052698,0.045651,17.5,13.7175619047619,-0.928473343152075
"210",1943,"Jun",0.021689,0.017142,17.5,13.7175619047619,-0.930580281801334
"211",1943,"Jul",-0.053092,-0.054238,17.4,13.8021455938697,-0.93602900376874
"212",1943,"Aug",0.016232,0.010751,17.3,13.8877071290944,-0.931740194027996
"213",1943,"Sep",0.027498,0.023331,17.4,13.8021455938697,-0.930584522798807
"214",1943,"Oct",-0.01165,-0.0125,17.4,13.8021455938697,-0.933229274517518
"215",1943,"Nov",-0.067052,-0.077966,17.4,13.8021455938697,-0.936972110287418
"216",1943,"Dec",0.070305,0.065211,17.4,13.8021455938697,-0.927692577186698
"217",1944,"Jan",0.018622,0.01731,17.4,13.8021455938697,-0.931184165596786
"218",1944,"Feb",0.006479,0.000238,17.4,13.8021455938697,-0.932004519640934
"219",1944,"Mar",0.021313,0.017309,17.4,13.8021455938697,-0.931002367628179
"220",1944,"Apr",-0.012427,-0.013433,17.5,13.7175619047619,-0.932898328786341
"221",1944,"May",0.048841,0.040864,17.5,13.7175619047619,-0.928735411015282
"222",1944,"Jun",0.054574,0.049768,17.6,13.6339393939394,-0.927936424252464
"223",1944,"Jul",-0.01947,-0.020629,17.7,13.5512617702448,-0.932615465553301
"224",1944,"Aug",0.0147,0.008208,17.7,13.5512617702448,-0.930267215584362
"225",1944,"Sep",-0.000692,-0.003118,17.7,13.5512617702448,-0.931324993270107
"226",1944,"Oct",0.002435,0.001045,17.7,13.5512617702448,-0.931110097816409
"227",1944,"Nov",0.017327,0.005832,17.7,13.5512617702448,-0.930086681412035
"228",1944,"Dec",0.044778,0.041034,17.8,13.4695131086142,-0.927794529632237
"229",1945,"Jan",0.011901,0.010784,17.8,13.4695131086142,-0.930066686252381
"230",1945,"Feb",0.069472,0.063578,17.8,13.4695131086142,-0.926087906899694
"231",1945,"Mar",-0.041685,-0.04499,17.8,13.4695131086142,-0.933770058964218
"232",1945,"Apr",0.090524,0.089465,17.8,13.4695131086142,-0.924632985794749
"233",1945,"May",0.020041,0.011624,17.9,13.388677839851,-0.929108079883832
"234",1945,"Jun",0.00238,0.000134,18.1,13.2296869244936,-0.929557129027582
"235",1945,"Jul",-0.021539,-0.022479,18.1,13.2296869244936,-0.931238051462975
"236",1945,"Aug",0.059852,0.054027,18.1,13.2296869244936,-0.925518248881802
"237",1945,"Sep",0.046361,0.043999,18.1,13.2296869244936,-0.926466337203885
"238",1945,"Oct",0.030815,0.029862,18.1,13.2296869244936,-0.92755884191481
"239",1945,"Nov",0.04495,0.035612,18.1,13.2296869244936,-0.926565496096662
"240",1945,"Dec",0.011133,0.008805,18.2,13.1515018315018,-0.928549420970347
"241",1946,"Jan",0.069504,0.068515,18.2,13.1515018315018,-0.924424699743229
"242",1946,"Feb",-0.065171,-0.069785,18.1,13.2296869244936,-0.934304317097035
"243",1946,"Mar",0.049118,0.046147,18.3,13.0741712204007,-0.925457919790027
"244",1946,"Apr",0.035748,0.034707,18.4,12.9976811594203,-0.926005744222646
"245",1946,"May",0.028785,0.023202,18.5,12.922018018018,-0.926103744538433
"246",1946,"Jun",-0.035289,-0.037521,18.7,12.77311942959,-0.929956971263356
"247",1946,"Jul",-0.02735,-0.028429,19.8,12.0079461279461,-0.9252264738466
"248",1946,"Aug",-0.068855,-0.073365,20.2,11.7503630363036,-0.926971098991551
"249",1946,"Sep",-0.104113,-0.106619,20.4,11.6253594771242,-0.929040673921146
"250",1946,"Oct",-0.005636,-0.006817,20.8,11.3825641025641,-0.919696438333471
"251",1946,"Nov",-0.003801,-0.011741,21.3,11.0918935837246,-0.917614309694152
"252",1946,"Dec",0.046818,0.041973,21.5,10.9794108527132,-0.912615235183881
"253",1947,"Jan",0.022013,0.020953,21.5,10.9794108527132,-0.914685871236437
"254",1947,"Feb",-0.008307,-0.015166,21.5,10.9794108527132,-0.917216880513336
"255",1947,"Mar",-0.015008,-0.017731,21.9,10.7606088280061,-0.91624651287998
"256",1947,"Apr",-0.03956,-0.040772,21.9,10.7606088280061,-0.918334159902261
"257",1947,"May",-0.00099,-0.01047,21.9,10.7606088280061,-0.915054567785555
"258",1947,"Jun",0.053991,0.050908,22,10.7071515151515,-0.90997032893647
"259",1947,"Jul",0.039572,0.038369,22.2,10.6016816816817,-0.910394714445457
"260",1947,"Aug",-0.023076,-0.029148,22.5,10.4469925925926,-0.914656710738839
"261",1947,"Sep",-0.009928,-0.01369,23,10.1981449275362,-0.911586070156548
"262",1947,"Oct",0.020578,0.019353,23,10.1981449275362,-0.908861868943096
"263",1947,"Nov",-0.017633,-0.029555,23.1,10.1496681096681,-0.911892713725876
"264",1947,"Dec",0.030784,0.025273,23.4,10.0067236467236,-0.906349606560093
"265",1948,"Jan",-0.037743,-0.038905,23.7,9.86739803094234,-0.911454701736312
"266",1948,"Feb",-0.040232,-0.047782,23.5,9.9598865248227,-0.912429020334631
"267",1948,"Mar",0.08144,0.077022,23.4,10.0067236467236,-0.901747328750104
"268",1948,"Apr",0.030821,0.028537,23.8,9.82173669467787,-0.904745326089207
"269",1948,"May",0.084014,0.077523,23.9,9.77645746164575,-0.899409058695022
"270",1948,"Jun",0.007665,0.003687,24.1,9.68702627939143,-0.905711376237265
"271",1948,"Jul",-0.052296,-0.053144,24.4,9.55562841530055,-0.910218135508987
"272",1948,"Aug",0.015539,0.008123,24.5,9.51254421768708,-0.903397409897084
"273",1948,"Sep",-0.027016,-0.031159,24.5,9.51254421768708,-0.907445430920235
"274",1948,"Oct",0.070041,0.067023,24.4,9.55562841530055,-0.898628394454568
"275",1948,"Nov",-0.098332,-0.109939,24.2,9.64286501377411,-0.915279579433447
"276",1948,"Dec",0.035952,0.029719,24.1,9.68702627939143,-0.90306452207405
"277",1949,"Jan",0.002676,0.001377,24,9.73155555555556,-0.906567506005135
"278",1949,"Feb",-0.031639,-0.041472,23.8,9.82173669467787,-0.910517042936718
"279",1949,"Mar",0.033981,0.029349,23.8,9.82173669467787,-0.90445332120227
"280",1949,"Apr",-0.018691,-0.021717,23.9,9.77645746164575,-0.908939556111778
"281",1949,"May",-0.029423,-0.037792,23.8,9.82173669467787,-0.910312269889423
"282",1949,"Jun",0.001744,-0.003269,23.9,9.77645746164575,-0.90704329288495
"283",1949,"Jul",0.062732,0.061657,23.7,9.86739803094234,-0.902209158349209
"284",1949,"Aug",0.0218,0.011738,23.8,9.82173669467787,-0.905578926116127
"285",1949,"Sep",0.027415,0.024293,23.9,9.77645746164575,-0.904661155703843
"286",1949,"Oct",0.02978,0.028437,23.7,9.86739803094234,-0.905241346910461
"287",1949,"Nov",0.020738,0.000482,23.8,9.82173669467787,-0.905677061935724
"288",1949,"Dec",0.050984,0.046034,23.6,9.91344632768362,-0.903698248157045
"289",1950,"Jan",0.019703,0.018245,23.5,9.9598865248227,-0.906960441817485
"290",1950,"Feb",0.019603,0.009975,23.5,9.9598865248227,-0.906969565999544
"291",1950,"Mar",0.008185,0.003542,23.6,9.91344632768362,-0.907619924107513
"292",1950,"Apr",0.045887,0.044493,23.6,9.91344632768362,-0.904165286693448
"293",1950,"May",0.046902,0.03759,23.7,9.86739803094234,-0.903665808777851
"294",1950,"Jun",-0.054224,-0.057849,23.8,9.82173669467787,-0.912604046218835
"295",1950,"Jul",0.016981,0.015875,24.1,9.68702627939143,-0.904839665084279
"296",1950,"Aug",0.048063,0.031526,24.3,9.59906721536351,-0.90111743055268
"297",1950,"Sep",0.059466,0.05651,24.4,9.55562841530055,-0.899630229644662
"298",1950,"Oct",0.005084,0.003425,24.6,9.46981029810298,-0.904001699039178
"299",1950,"Nov",0.02243,-7.3e-05,24.7,9.42742240215925,-0.901947963689638
"300",1950,"Dec",0.055425,0.051025,25,9.30229333333333,-0.89755436330034
"301",1951,"Jan",0.065105,0.063309,25.4,9.14005249343832,-0.894960602946658
"302",1951,"Feb",0.014546,0.004185,25.7,9.02168612191959,-0.898764939586267
"303",1951,"Mar",-0.017484,-0.019706,25.8,8.98284237726098,-0.901579533877247
"304",1951,"Apr",0.049108,0.047903,25.8,8.98284237726098,-0.894908888635799
"305",1951,"May",-0.029979,-0.040917,25.9,8.94429858429859,-0.902454558078978
"306",1951,"Jun",-0.025848,-0.028186,25.9,8.94429858429859,-0.902039144164665
"307",1951,"Jul",0.070935,0.070014,25.9,8.94429858429859,-0.892306632697962
"308",1951,"Aug",0.05022,0.038396,25.9,8.94429858429859,-0.894389735877578
"309",1951,"Sep",0.002868,0.001195,26.1,8.86809706257982,-0.898372706141804
"310",1951,"Oct",-0.013321,-0.015088,26.2,8.83043256997456,-0.899630154321627
"311",1951,"Nov",0.011388,-0.002574,26.4,8.7559595959596,-0.89633126397747
"312",1951,"Dec",0.041815,0.038467,26.5,8.71914465408805,-0.892807954086598
"313",1952,"Jan",0.017768,0.016303,26.5,8.71914465408805,-0.895282143005053
"314",1952,"Feb",-0.025241,-0.035743,26.3,8.79305449936629,-0.90046425249006
"315",1952,"Mar",0.052805,0.050655,26.3,8.79305449936629,-0.892494726740454
"316",1952,"Apr",-0.041423,-0.043268,26.4,8.7559595959596,-0.901744468027831
"317",1952,"May",0.033698,0.023274,26.4,8.7559595959596,-0.894044456638781
"318",1952,"Jun",0.047832,0.045795,26.5,8.71914465408805,-0.892188866685994
"319",1952,"Jul",0.019129,0.017659,26.7,8.64634207240949,-0.894350729805144
"320",1952,"Aug",-0.005674,-0.015007,26.7,8.64634207240949,-0.896921963523979
"321",1952,"Sep",-0.018085,-0.020098,26.7,8.64634207240949,-0.898208565212665
"322",1952,"Oct",0.00032,-0.001244,26.7,8.64634207240949,-0.896300588089124
"323",1952,"Nov",0.061382,0.048273,26.7,8.64634207240949,-0.889970520220741
"324",1952,"Dec",0.038215,0.035725,26.7,8.64634207240949,-0.892372155973039
"325",1953,"Jan",-0.006207,-0.006795,26.6,8.68260651629073,-0.897363070746708
"326",1953,"Feb",-0.00754,-0.017804,26.5,8.71914465408805,-0.897886075851073
"327",1953,"Mar",-0.022288,-0.024368,26.6,8.68260651629073,-0.899023883873105
"328",1953,"Apr",-0.025308,-0.026832,26.6,8.68260651629073,-0.899335783359563
"329",1953,"May",0.007401,-0.00273,26.7,8.64634207240949,-0.895566527452787
"330",1953,"Jun",-0.014266,-0.016183,26.8,8.61034825870647,-0.897429939741572
"331",1953,"Jul",0.026314,0.024844,26.8,8.61034825870647,-0.893207408059306
"332",1953,"Aug",-0.050101,-0.060097,26.9,8.57462205700124,-0.900789922114429
"333",1953,"Sep",0.002187,7.2e-05,26.9,8.57462205700124,-0.8953288188261
"334",1953,"Oct",0.051046,0.049806,27,8.53916049382716,-0.8898177674356
"335",1953,"Nov",0.023763,0.009879,26.9,8.57462205700124,-0.893075361731757
"336",1953,"Dec",0.001713,-0.001189,26.9,8.57462205700124,-0.895378324696637
"337",1954,"Jan",0.053486,0.052586,26.9,8.57462205700124,-0.889971009432204
"338",1954,"Feb",0.012916,0.002343,26.9,8.57462205700124,-0.894208252402054
"339",1954,"Mar",0.03053,0.028423,26.9,8.57462205700124,-0.892368597542036
"340",1954,"Apr",0.048358,0.04714,26.8,8.61034825870647,-0.890913630622049
"341",1954,"May",0.042777,0.033606,26.9,8.57462205700124,-0.891089487000953
"342",1954,"Jun",0.002467,0.000533,26.9,8.57462205700124,-0.895299574851942
"343",1954,"Jul",0.058701,0.05778,26.9,8.57462205700124,-0.889426340413526
"344",1954,"Aug",-0.025894,-0.034753,26.9,8.57462205700124,-0.898261676105773
"345",1954,"Sep",0.0825,0.080888,26.8,8.61034825870647,-0.887361001822248
"346",1954,"Oct",-0.017867,-0.018659,26.8,8.61034825870647,-0.897804640002485
"347",1954,"Nov",0.095774,0.082712,26.8,8.61034825870647,-0.885979782365609
"348",1954,"Dec",0.054288,0.052361,26.7,8.64634207240949,-0.890705928518181
"349",1955,"Jan",0.018076,0.017591,26.7,8.64634207240949,-0.89445989035451
"350",1955,"Feb",0.013526,0.005446,26.7,8.64634207240949,-0.894931571740661
"351",1955,"Mar",-0.002242,-0.003851,26.7,8.64634207240949,-0.896566180992711
"352",1955,"Apr",0.039843,0.038885,26.7,8.64634207240949,-0.892203387336412
"353",1955,"May",0.006433,-0.001081,26.7,8.64634207240949,-0.895666876371863
"354",1955,"Jun",0.0813,0.07993,26.7,8.64634207240949,-0.887905696078025
"355",1955,"Jul",0.057646,0.057068,26.8,8.61034825870647,-0.889947172409509
"356",1955,"Aug",-0.000648,-0.008313,26.8,8.61034825870647,-0.896012925536321
"357",1955,"Sep",0.011286,0.010117,26.9,8.57462205700124,-0.894378494108755
"358",1955,"Oct",-0.030468,-0.031,26.9,8.57462205700124,-0.898739397312184
"359",1955,"Nov",0.087825,0.075124,26.9,8.57462205700124,-0.886384549330117
"360",1955,"Dec",-0.000309,-0.001685,26.8,8.61034825870647,-0.895977651060217
"361",1956,"Jan",-0.035057,-0.036279,26.8,8.61034825870647,-0.899593336888097
"362",1956,"Feb",0.041397,0.034458,26.8,8.61034825870647,-0.891637954008946
"363",1956,"Mar",0.070328,0.069226,26.8,8.61034825870647,-0.888627553217924
"364",1956,"Apr",-0.000637,-0.001425,26.9,8.57462205700124,-0.895623765194028
"365",1956,"May",-0.058414,-0.065976,27,8.53916049382716,-0.901292571751015
"366",1956,"Jun",0.03891,0.037762,27.2,8.46901960784314,-0.890283256025843
"367",1956,"Jul",0.051427,0.050619,27.4,8.39990267639903,-0.888144905729727
"368",1956,"Aug",-0.032788,-0.039976,27.3,8.43433455433455,-0.897479573738922
"369",1956,"Sep",-0.044022,-0.045127,27.4,8.39990267639903,-0.898299159798724
"370",1956,"Oct",0.006619,0.005298,27.5,8.36572121212121,-0.892520930614802
"371",1956,"Nov",-0.001921,-0.011161,27.5,8.36572121212121,-0.893432766426116
"372",1956,"Dec",0.036284,0.034442,27.6,8.33178743961353,-0.888951178248985
"373",1957,"Jan",-0.040238,-0.041569,27.6,8.33178743961353,-0.897151322165162
"374",1957,"Feb",-0.024919,-0.032823,27.7,8.29809867629362,-0.895131140898078
"375",1957,"Mar",0.023827,0.020752,27.8,8.26465227817746,-0.889491049500952
"376",1957,"Apr",0.046538,0.045215,27.9,8.23144563918758,-0.886633357233082
"377",1957,"May",0.038734,0.033208,28,8.19847619047619,-0.887075426571689
"378",1957,"Jun",-0.000705,-0.003632,28.1,8.16574139976275,-0.890974995211422
"379",1957,"Jul",0.009747,0.008217,28.3,8.10096584216726,-0.889050566993498
"380",1957,"Aug",-0.048998,-0.054178,28.3,8.10096584216726,-0.895505376408101
"381",1957,"Sep",-0.057879,-0.060609,28.3,8.10096584216726,-0.8964812069028
"382",1957,"Oct",-0.038834,-0.040549,28.3,8.10096584216726,-0.894388571864905
"383",1957,"Nov",0.023703,0.016483,28.4,8.06892018779343,-0.887119637310528
"384",1957,"Dec",-0.037422,-0.041021,28.4,8.06892018779343,-0.893859690010768
"385",1958,"Jan",0.045518,0.04433,28.6,8.00550116550117,-0.8839022969643
"386",1958,"Feb",-0.014109,-0.020288,28.6,8.00550116550117,-0.890523472055413
"387",1958,"Mar",0.033052,0.029736,28.8,7.94296296296296,-0.884484370082001
"388",1958,"Apr",0.033511,0.032038,28.9,7.9120184544406,-0.884031770660772
"389",1958,"May",0.021313,0.015503,28.9,7.9120184544406,-0.885400484164044
"390",1958,"Jun",0.027998,0.024897,28.9,7.9120184544406,-0.88465037350907
"391",1958,"Jul",0.04396,0.042418,29,7.88128735632184,-0.882453977884536
"392",1958,"Aug",0.017999,0.01327,28.9,7.9120184544406,-0.885772341562785
"393",1958,"Sep",0.050837,0.047954,28.9,7.9120184544406,-0.882087654399279
"394",1958,"Oct",0.02737,0.025878,28.9,7.9120184544406,-0.884720840149507
"395",1958,"Nov",0.028617,0.023385,29,7.88128735632184,-0.884181542750352
"396",1958,"Dec",0.054112,0.051432,28.9,7.9120184544406,-0.881720173113559
"397",1959,"Jan",0.006331,0.005395,29,7.88128735632184,-0.886690863652365
"398",1959,"Feb",0.006711,0.00221,28.9,7.9120184544406,-0.887038945762238
"399",1959,"Mar",0.003352,0.000826,28.9,7.9120184544406,-0.887415852522157
"400",1959,"Apr",0.040054,0.039093,29,7.88128735632184,-0.882893778990309
"401",1959,"May",0.023631,0.019043,29,7.88128735632184,-0.884742947848505
"402",1959,"Jun",-0.000725,-0.003196,29.1,7.85076746849943,-0.887097361493622
"403",1959,"Jul",0.034504,0.033514,29.2,7.82045662100457,-0.882715369005218
"404",1959,"Aug",-0.011076,-0.015179,29.2,7.82045662100457,-0.887882901929926
"405",1959,"Sep",-0.043182,-0.045586,29.3,7.79035267349261,-0.891151352449681
"406",1959,"Oct",0.012574,0.011436,29.4,7.76045351473923,-0.884415344674066
"407",1959,"Nov",0.018486,0.013114,29.4,7.76045351473923,-0.883740493767084
"408",1959,"Dec",0.029627,0.026911,29.4,7.76045351473923,-0.882468755953367
"409",1960,"Jan",-0.069933,-0.070835,29.3,7.79035267349261,-0.894194575059016
"410",1960,"Feb",0.013922,0.009129,29.4,7.76045351473923,-0.884261471361716
"411",1960,"Mar",-0.012566,-0.015238,29.4,7.76045351473923,-0.887285059119523
"412",1960,"Apr",-0.016113,-0.017097,29.5,7.73075706214689,-0.887307939850286
"413",1960,"May",0.033513,0.028312,29.5,7.73075706214689,-0.881623896685786
"414",1960,"Jun",0.021802,0.019133,29.6,7.70126126126126,-0.882568518595212
"415",1960,"Jul",-0.022948,-0.023813,29.6,7.70126126126126,-0.887711451172037
"416",1960,"Aug",0.031467,0.026197,29.6,7.70126126126126,-0.881457760084486
"417",1960,"Sep",-0.058713,-0.06092,29.6,7.70126126126126,-0.891821774828129
"418",1960,"Oct",-0.001079,-0.002407,29.8,7.64286353467562,-0.884422449111654
"419",1960,"Nov",0.046081,0.039977,29.8,7.64286353467562,-0.878965924221403
"420",1960,"Dec",0.048839,0.046597,29.8,7.64286353467562,-0.878646817019382
"421",1961,"Jan",0.06432,0.063181,29.8,7.64286353467562,-0.87685562826141
"422",1961,"Feb",0.032838,0.028612,29.8,7.64286353467562,-0.880498171022115
"423",1961,"Mar",0.029345,0.027051,29.8,7.64286353467562,-0.880902319483558
"424",1961,"Apr",0.004537,0.003843,29.8,7.64286353467562,-0.883772664468235
"425",1961,"May",0.023553,0.018924,29.8,7.64286353467562,-0.881572467748281
"426",1961,"Jun",-0.026673,-0.028725,29.8,7.64286353467562,-0.887383736177835
"427",1961,"Jul",0.033795,0.033119,30,7.58524444444445,-0.879584674997929
"428",1961,"Aug",0.02473,0.019511,29.9,7.61395763656633,-0.881038421218835
"429",1961,"Sep",-0.018674,-0.019877,30,7.58524444444445,-0.885696207446368
"430",1961,"Oct",0.028175,0.026791,30,7.58524444444445,-0.880239286527789
"431",1961,"Nov",0.045226,0.039324,30,7.58524444444445,-0.878253204464508
"432",1961,"Dec",0.004696,0.003465,30,7.58524444444445,-0.882974095088213
"433",1962,"Jan",-0.037356,-0.038692,30,7.58524444444445,-0.887872266628013
"434",1962,"Feb",0.020592,0.016147,30.1,7.55672203765227,-0.880726287998012
"435",1962,"Mar",-0.003842,-0.005137,30.1,7.55672203765227,-0.883581820746708
"436",1962,"Apr",-0.061743,-0.062443,30.2,7.5283885209713,-0.889984256968028
"437",1962,"May",-0.079847,-0.085499,30.2,7.5283885209713,-0.892107049563075
"438",1962,"Jun",-0.080669,-0.082222,30.2,7.5283885209713,-0.892203433539717
"439",1962,"Jul",0.065203,0.063969,30.3,7.50024202420242,-0.874685568132403
"440",1962,"Aug",0.021669,0.015803,30.3,7.50024202420242,-0.879807069364491
"441",1962,"Sep",-0.048816,-0.050259,30.4,7.47228070175439,-0.887729876584113
"442",1962,"Oct",0.008313,0.006405,30.4,7.47228070175439,-0.880986828046053
"443",1962,"Nov",0.108268,0.100528,30.4,7.47228070175439,-0.86918894226787
"444",1962,"Dec",0.015534,0.01404,30.4,7.47228070175439,-0.880134519175019
"445",1963,"Jan",0.050367,0.048957,30.4,7.47228070175439,-0.876023111488445
"446",1963,"Feb",-0.024189,-0.029164,30.4,7.47228070175439,-0.8848231032055
"447",1963,"Mar",0.036581,0.035156,30.5,7.44450273224044,-0.877247834139195
"448",1963,"Apr",0.04907,0.048177,30.5,7.44450273224044,-0.875768883821337
"449",1963,"May",0.019674,0.013844,30.5,7.44450273224044,-0.879249965056324
"450",1963,"Jun",-0.018605,-0.019806,30.6,7.41690631808279,-0.883401933808912
"451",1963,"Jul",-0.001821,-0.003131,30.7,7.38948968512487,-0.881020295934109
"452",1963,"Aug",0.053466,0.048496,30.7,7.38948968512487,-0.874430264588338
"453",1963,"Sep",-0.010402,-0.011579,30.7,7.38948968512487,-0.882043123343411
"454",1963,"Oct",0.034825,0.03329,30.8,7.36225108225108,-0.876250427089373
"455",1963,"Nov",-0.004487,-0.011085,30.8,7.36225108225108,-0.880951553569949
"456",1963,"Dec",0.026065,0.024651,30.9,7.33518878101402,-0.87689960876025
"457",1964,"Jan",0.027391,0.026373,30.9,7.33518878101402,-0.876740524181024
"458",1964,"Feb",0.017015,0.012171,30.9,7.33518878101402,-0.877985367012135
"459",1964,"Mar",0.017232,0.015814,30.9,7.33518878101402,-0.877959332808747
"460",1964,"Apr",0.006192,0.005297,30.9,7.33518878101402,-0.879283837902758
"461",1964,"May",0.016815,0.01146,30.9,7.33518878101402,-0.878009361669635
"462",1964,"Jun",0.018084,0.016779,31,7.30830107526882,-0.877461831152158
"463",1964,"Jul",0.01891,0.017953,31.1,7.28158628081458,-0.876966807390458
"464",1964,"Aug",-0.011621,-0.016285,31,7.30830107526882,-0.881037171011762
"465",1964,"Sep",0.030399,0.029022,31.1,7.28158628081458,-0.87557951278162
"466",1964,"Oct",0.008745,0.007566,31.1,7.28158628081458,-0.878194229246045
"467",1964,"Nov",0.001598,-0.004588,31.2,7.25504273504274,-0.878668344653359
"468",1964,"Dec",0.005228,0.003803,31.2,7.25504273504274,-0.878228613434938
"469",1965,"Jan",0.034791,0.033837,31.2,7.25504273504274,-0.874647408473453
"470",1965,"Feb",0.003746,-0.000853,31.2,7.25504273504274,-0.878408140064607
"471",1965,"Mar",-0.012213,-0.013685,31.3,7.22866879659212,-0.879957861421146
"472",1965,"Apr",0.035612,0.034769,31.4,7.20246284501062,-0.873743774331152
"473",1965,"May",-0.003122,-0.008354,31.4,7.20246284501062,-0.878466014557277
"474",1965,"Jun",-0.04688,-0.048367,31.6,7.15054852320675,-0.883060631160441
"475",1965,"Jul",0.014486,0.013678,31.6,7.15054852320675,-0.875531567340346
"476",1965,"Aug",0.02756,0.022473,31.6,7.15054852320675,-0.873927503520252
"477",1965,"Sep",0.033366,0.032034,31.6,7.15054852320675,-0.873215158825478
"478",1965,"Oct",0.028812,0.027737,31.7,7.12483701366982,-0.873374444524973
"479",1965,"Nov",-0.003821,-0.010306,31.7,7.12483701366982,-0.877390894325147
"480",1965,"Dec",0.010349,0.009059,31.8,7.09928721174004,-0.875254578139236
"481",1966,"Jan",0.005705,0.004874,31.8,7.09928721174004,-0.875827961929512
"482",1966,"Feb",-0.01275,-0.017548,32,7.04866666666667,-0.877339932079848
"483",1966,"Mar",-0.023041,-0.024608,32.1,7.02359293873313,-0.87823921185186
"484",1966,"Apr",0.022158,0.02125,32.3,6.97391124871001,-0.87181221760333
"485",1966,"May",-0.04914,-0.054645,32.3,6.97391124871001,-0.88075362637704
"486",1966,"Jun",-0.01438,-0.015904,32.4,6.94930041152263,-0.876011730721445
"487",1966,"Jul",-0.012129,-0.013039,32.5,6.92484102564103,-0.87534500732523
"488",1966,"Aug",-0.07165,-0.077487,32.7,6.87637104994903,-0.882134806230846
"489",1966,"Sep",-0.006244,-0.007692,32.7,6.87637104994903,-0.873830728174439
"490",1966,"Oct",0.048333,0.047244,32.9,6.82849037487335,-0.866087463891535
"491",1966,"Nov",0.011223,0.003741,32.9,6.82849037487335,-0.870827841438541
"492",1966,"Dec",0.000326,-0.001089,32.9,6.82849037487335,-0.872219808405119
"493",1967,"Jan",0.079215,0.077723,32.9,6.82849037487335,-0.86214264202663
"494",1967,"Feb",0.007514,0.00242,32.9,6.82849037487335,-0.871301623716144
"495",1967,"Mar",0.041137,0.039544,33,6.80476767676768,-0.866602435444794
"496",1967,"Apr",0.043371,0.042544,33.1,6.78118831822759,-0.865911097723225
"497",1967,"May",-0.04681,-0.052314,33.2,6.75775100401606,-0.877130627226042
"498",1967,"Jun",0.019319,0.018015,33.3,6.73445445445446,-0.868210614465129
"499",1967,"Jul",0.046454,0.045623,33.4,6.71129740518962,-0.86429598743063
"500",1967,"Aug",-0.006824,-0.012197,33.5,6.68827860696517,-0.870819457674149
"501",1967,"Sep",0.033815,0.032597,33.6,6.66539682539683,-0.865132226869875
"502",1967,"Oct",-0.027448,-0.028701,33.7,6.64265084075173,-0.872746770686656
"503",1967,"Nov",0.006435,0.000533,33.8,6.62003944773176,-0.867922599757724
"504",1967,"Dec",0.027079,0.025857,33.9,6.59756145526057,-0.864814650589125
"505",1968,"Jan",-0.041875,-0.043523,34.1,6.55300097751711,-0.87314644829889
"506",1968,"Feb",-0.0269,-0.031973,34.2,6.53091617933723,-0.870785973867307
"507",1968,"Mar",0.009696,0.008585,34.3,6.50896015549077,-0.865534510892073
"508",1968,"Apr",0.084092,0.082642,34.4,6.48713178294574,-0.855205967862172
"509",1968,"May",0.016374,0.011104,34.5,6.46542995169082,-0.863855932400812
"510",1968,"Jun",0.009916,0.008695,34.7,6.42240153698367,-0.863936760229438
"511",1968,"Jul",-0.017444,-0.018664,34.9,6.37986628462273,-0.866859918309451
"512",1968,"Aug",0.016415,0.011259,35,6.35878095238095,-0.861877258396836
"513",1968,"Sep",0.039351,0.03821,35.1,6.33781576448243,-0.858356896199163
"514",1968,"Oct",0.008587,0.006751,35.3,6.2962417374882,-0.861766230302121
"515",1968,"Nov",0.05358,0.048659,35.4,6.27563088512241,-0.855190564689804
"516",1968,"Dec",-0.040826,-0.042141,35.5,6.25513615023474,-0.867793797368094
"517",1969,"Jan",-0.007547,-0.008612,35.6,6.23475655430712,-0.862821507185455
"518",1969,"Feb",-0.042321,-0.047384,35.8,6.19433891992551,-0.866884364128634
"519",1969,"Mar",0.034847,0.033599,36.1,6.13455216989843,-0.854952774139609
"520",1969,"Apr",0.022771,0.021449,36.3,6.09524334251607,-0.85585117371925
"521",1969,"May",0.003854,-0.001862,36.4,6.07575091575092,-0.858127566677711
"522",1969,"Jun",-0.054357,-0.055686,36.6,6.03708561020037,-0.865620080189265
"523",1969,"Jul",-0.058632,-0.059919,36.8,5.99884057971015,-0.865496579143543
"524",1969,"Aug",0.045728,0.04018,37,5.96100900900901,-0.849773502857616
"525",1969,"Sep",-0.023941,-0.025285,37.1,5.94224618149147,-0.859402998037977
"526",1969,"Oct",0.0469,0.044661,37.3,5.90502234137623,-0.848385718649052
"527",1969,"Nov",-0.029152,-0.034433,37.5,5.86819555555556,-0.858645841961401
"528",1969,"Dec",-0.016922,-0.018365,37.7,5.83175950486295,-0.856101784715895
"529",1970,"Jan",-0.075398,-0.076809,37.8,5.8136860670194,-0.864302230700737
"530",1970,"Feb",0.059521,0.053615,38,5.77782456140351,-0.843678308519009
"531",1970,"Mar",0.002806,0.001232,38.2,5.74233856893543,-0.851267332580966
"532",1970,"Apr",-0.088831,-0.090035,38.5,5.68980086580087,-0.863797291088586
"533",1970,"May",-0.054689,-0.061112,38.6,5.67246977547496,-0.858326671860764
"534",1970,"Jun",-0.049032,-0.050902,38.8,5.63807560137457,-0.856740408349209
"535",1970,"Jul",0.075523,0.073219,39,5.60403418803419,-0.837141515416632
"536",1970,"Aug",0.049778,0.043782,39,5.60403418803419,-0.841039890147436
"537",1970,"Sep",0.034702,0.033021,39.2,5.57034013605442,-0.8425192640603
"538",1970,"Oct",-0.009032,-0.011639,39.4,5.53698815566836,-0.848406027913526
"539",1970,"Nov",0.054387,0.048836,39.6,5.50397306397306,-0.837885706224633
"540",1970,"Dec",0.058684,0.057358,39.8,5.47128978224456,-0.836402937339518
"541",1971,"Jan",0.042828,0.0415,39.8,5.47128978224456,-0.838853144413153
"542",1971,"Feb",0.013317,0.008152,39.9,5.45507101086049,-0.84302000732523
"543",1971,"Mar",0.039068,0.037624,40,5.43893333333333,-0.838627308871035
"544",1971,"Apr",0.036965,0.035789,40.1,5.42287614297589,-0.838551300551851
"545",1971,"May",-0.03715,-0.042138,40.3,5.39100082712986,-0.849342845347055
"546",1971,"Jun",0.002439,0.001061,40.6,5.34377668308703,-0.841980723774124
"547",1971,"Jul",-0.040827,-0.041901,40.7,5.32819000819001,-0.848428539794376
"548",1971,"Aug",0.042036,0.036549,40.8,5.31267973856209,-0.834929690217841
"549",1971,"Sep",-0.005038,-0.006387,40.8,5.31267973856209,-0.842386745216599
"550",1971,"Oct",-0.040129,-0.042015,40.9,5.29724531377343,-0.847572874777396
"551",1971,"Nov",0.002898,-0.002029,40.9,5.29724531377343,-0.84074020464052
"552",1971,"Dec",0.08788,0.086486,41.1,5.26660178426602,-0.826400330282449
"553",1972,"Jan",0.019088,0.017814,41.1,5.26660178426602,-0.83737789074795
"554",1972,"Feb",0.030221,0.025416,41.3,5.23625504439064,-0.834801336272053
"555",1972,"Mar",0.007315,0.006132,41.4,5.22119162640902,-0.838083270779839
"556",1972,"Apr",0.005476,0.004658,41.5,5.20620080321285,-0.837988484117452
"557",1972,"May",0.022019,0.016763,41.6,5.19128205128205,-0.834926111985422
"558",1972,"Jun",-0.020156,-0.021378,41.7,5.17643485211831,-0.841357672595875
"559",1972,"Jul",0.003245,0.002126,41.9,5.14695306284805,-0.836789871381388
"560",1972,"Aug",0.039425,0.034649,42,5.13231746031746,-0.830500458150418
"561",1972,"Sep",-0.003277,-0.004516,42.1,5.11775138558987,-0.837076903394972
"562",1972,"Oct",0.010878,0.009503,42.3,5.08882584712372,-0.833978171591568
"563",1972,"Nov",0.050297,0.045173,42.4,5.07446540880503,-0.827096389671167
"564",1972,"Dec",0.013663,0.012622,42.5,5.06017254901961,-0.8327336405357
"565",1973,"Jan",-0.016752,-0.018044,42.6,5.04594679186229,-0.837370715646484
"566",1973,"Feb",-0.033818,-0.038229,42.9,5.00366744366744,-0.839068034819432
"567",1973,"Mar",-0.001093,-0.002089,43.3,4.94820631254811,-0.832065845145159
"568",1973,"Apr",-0.040064,-0.041236,43.6,4.90727828746177,-0.837499445042657
"569",1973,"May",-0.01395,-0.019002,43.9,4.86690964312832,-0.831930256305392
"570",1973,"Jun",-0.005178,-0.006522,44.2,4.82708898944193,-0.829276333036528
"571",1973,"Jul",0.039128,0.037679,44.3,4.8139352896915,-0.821269424542367
"572",1973,"Aug",-0.031544,-0.036505,45.1,4.71080561714708,-0.830416921022116
"573",1973,"Sep",0.042219,0.041038,45.2,4.69817109144543,-0.817095874575499
"574",1973,"Oct",0.000312,-0.00156,45.6,4.64818713450292,-0.82289680278307
"575",1973,"Nov",-0.10722,-0.113046,45.9,4.61127087872186,-0.840895223328916
"576",1973,"Dec",0.017971,0.016534,46.2,4.57483405483406,-0.817398869636793
"577",1974,"Jan",-0.00812,-0.009749,46.6,4.52698140200286,-0.82053856746459
"578",1974,"Feb",0.001992,-0.003695,47.2,4.45672316384181,-0.81637477843121
"579",1974,"Mar",-0.021818,-0.023154,47.8,4.38822873082287,-0.818459451358403
"580",1974,"Apr",-0.037649,-0.039359,48,4.36577777777778,-0.820650231922472
"581",1974,"May",-0.026896,-0.033127,48.6,4.29953360768176,-0.816379313343825
"582",1974,"Jun",-0.012816,-0.014583,49,4.25627210884354,-0.812189327424832
"583",1974,"Jul",-0.076698,-0.0785,49.4,4.21371120107962,-0.822908871552224
"584",1974,"Aug",-0.082177,-0.089737,50,4.15114666666667,-0.821821613828377
"585",1974,"Sep",-0.117511,-0.119578,50.6,4.09006587615283,-0.826625230110577
"586",1974,"Oct",0.168113,0.164814,51.1,4.04026092628832,-0.768243545903048
"587",1974,"Nov",-0.045688,-0.053816,51.5,4.00111326860841,-0.809180086763853
"588",1974,"Dec",-0.018021,-0.020305,51.9,3.96256904303147,-0.80212285381119
"589",1975,"Jan",0.12361,0.121698,52.1,3.94351887396033,-0.772710486467738
"590",1975,"Feb",0.06746,0.059497,52.5,3.90585396825397,-0.782410971278887
"591",1975,"Mar",0.024014,0.022122,52.7,3.88723592662872,-0.790471748167398
"592",1975,"Apr",0.049424,0.047293,52.9,3.86875866414619,-0.784457585107264
"593",1975,"May",0.051193,0.044794,53.2,3.84130325814536,-0.782869829889009
"594",1975,"Jun",0.04622,0.044342,53.6,3.80517412935323,-0.782272198293713
"595",1975,"Jul",-0.065504,-0.067553,54.2,3.7519803198032,-0.803345986912946
"596",1975,"Aug",-0.015663,-0.021731,54.3,3.74322897483119,-0.792475335847552
"597",1975,"Sep",-0.03225,-0.034226,54.6,3.71716727716728,-0.79484509597863
"598",1975,"Oct",0.064855,0.062135,54.9,3.69139040680024,-0.773019316734656
"599",1975,"Nov",0.030089,0.023996,55.3,3.65745629897529,-0.778830130896422
"600",1975,"Dec",-0.010485,-0.012296,55.5,3.64067267267267,-0.786773368906858
"601",1976,"Jan",0.120143,0.118545,55.6,3.63232613908873,-0.758189953304895
"602",1976,"Feb",-0.005756,-0.01162,55.8,3.61572281959379,-0.784596250931831
"603",1976,"Mar",0.03264,0.030786,55.9,3.60746571258199,-0.775876791186946
"604",1976,"Apr",-0.00961,-0.010699,56.1,3.59103980986334,-0.784277627505591
"605",1976,"May",-0.008116,-0.015026,56.5,3.55853687315634,-0.782411763335542
"606",1976,"Jun",0.043959,0.042158,56.8,3.53446009389671,-0.769772149631409
"607",1976,"Jul",-0.007202,-0.008454,57.1,3.51063631056626,-0.779898459630995
"608",1976,"Aug",0.001599,-0.004982,57.4,3.48706155632985,-0.776780641980038
"609",1976,"Sep",0.024421,0.02267,57.6,3.47148148148148,-0.770898972914768
"610",1976,"Oct",-0.020211,-0.021995,57.9,3.44831318364997,-0.779739204604282
"611",1976,"Nov",-0.001041,-0.008628,58,3.44064367816092,-0.775041846993291
"612",1976,"Dec",0.053775,0.05217,58.2,3.42538373424971,-0.761879406785803
"613",1977,"Jan",-0.049654,-0.051167,58.5,3.40268945868946,-0.784144212550733
"614",1977,"Feb",-0.015638,-0.0224,59.1,3.35799210377891,-0.774124877567713
"615",1977,"Mar",-0.012502,-0.014548,59.5,3.32869467787115,-0.771871644112897
"616",1977,"Apr",0.000641,-0.000503,60,3.29262222222222,-0.766892834216848
"617",1977,"May",-0.015064,-0.023541,60.3,3.27126589275843,-0.769404194276485
"618",1977,"Jun",0.047776,0.045705,60.7,3.2431191652938,-0.753064677379276
"619",1977,"Jul",-0.015453,-0.016589,61,3.22225136612022,-0.766819425318893
"620",1977,"Aug",-0.01231,-0.020221,61.2,3.20845315904139,-0.765308068624203
"621",1977,"Sep",-0.000825,-0.003084,61.4,3.19474484256243,-0.761803151919573
"622",1977,"Oct",-0.041984,-0.043869,61.6,3.18112554112554,-0.770871266462354
"623",1977,"Nov",0.036752,0.026953,61.9,3.16086160473883,-0.750832375962892
"624",1977,"Dec",0.00557,0.003637,62.1,3.14746108427268,-0.75754564550029
"625",1978,"Jan",-0.060643,-0.062611,62.5,3.12091733333333,-0.772051481741282
"626",1978,"Feb",-0.01626,-0.024938,62.9,3.09471118177001,-0.759753507309699
"627",1978,"Mar",0.026925,0.024356,63.4,3.06241850683491,-0.747213390675474
"628",1978,"Apr",0.088964,0.087593,63.9,3.03063119457486,-0.729827923362048
"629",1978,"May",0.013719,0.004436,64.5,2.99313695090439,-0.746134677456929
"630",1978,"Jun",-0.016578,-0.018953,65.2,2.95026584867076,-0.751049160316409
"631",1978,"Jul",0.056974,0.055121,65.7,2.9202029426687,-0.730377734148513
"632",1978,"Aug",0.033641,0.025563,66,2.90238383838384,-0.735125748053508
"633",1978,"Sep",-0.005163,-0.007483,66.5,2.87304260651629,-0.743138121350327
"634",1978,"Oct",-0.08957,-0.092269,67.1,2.83841033283656,-0.762810663515696
"635",1978,"Nov",0.026771,0.0174,67.4,2.82132542037587,-0.731305008852398
"636",1978,"Dec",0.016627,0.014264,67.7,2.80439192516002,-0.732775429030688
"637",1979,"Jan",0.042697,0.040161,68.3,2.77097120546608,-0.723493778343204
"638",1979,"Feb",-0.028649,-0.036958,69.1,2.72731307284129,-0.739396455028783
"639",1979,"Mar",0.057361,0.054825,69.8,2.68993314231137,-0.713447111581628
"640",1979,"Apr",0.004183,0.002218,70.6,2.6481208687441,-0.724739657448439
"641",1979,"May",-0.016818,-0.026303,71.5,2.60220046620047,-0.727060720460946
"642",1979,"Jun",0.040324,0.037792,72.3,2.56234209313048,-0.707966283753003
"643",1979,"Jul",0.012051,0.009737,73.1,2.52335613315094,-0.71275938004742
"644",1979,"Aug",0.061865,0.053222,73.8,2.48993676603433,-0.695735174821917
"645",1979,"Sep",0.001416,-0.000872,74.6,2.45251117068812,-0.709945616251139
"646",1979,"Oct",-0.06556,-0.068517,75.2,2.42496453900709,-0.727167978133024
"647",1979,"Nov",0.052777,0.04357,75.9,2.39337725076856,-0.689755390514992
"648",1979,"Dec",0.01834,0.015892,76.7,2.35798348544111,-0.696740616975897
"649",1980,"Jan",0.061308,0.058935,77.8,2.31050556983719,-0.679412108630829
"650",1980,"Feb",0.002611,-0.005574,78.9,2.26435149978876,-0.69286058806324
"651",1980,"Mar",-0.097518,-0.100096,80.1,2.21544735746983,-0.719329256657417
"652",1980,"Apr",0.042394,0.039877,81,2.17972016460905,-0.672174296467324
"653",1980,"May",0.05556,0.046651,81.8,2.14862265688672,-0.664755000828295
"654",1980,"Jun",0.029722,0.026895,82.7,2.11435711406691,-0.669362901464011
"655",1980,"Jul",0.0682,0.06563,82.7,2.11435711406691,-0.657007863621304
"656",1980,"Aug",0.013454,0.00603,83.3,2.09192476990796,-0.672225530885033
"657",1980,"Sep",0.027935,0.025155,84,2.06615873015873,-0.664748276111985
"658",1980,"Oct",0.017809,0.014742,84.8,2.03723270440252,-0.664889358485878
"659",1980,"Nov",0.10991,0.103015,85.5,2.01236647173489,-0.631548813726911
"660",1980,"Dec",-0.030634,-0.033006,86.3,1.98444186944766,-0.675193539561418
"661",1981,"Jan",-0.04337,-0.045036,87,1.96042911877395,-0.676861035471714
"662",1981,"Feb",0.021267,0.013492,87.9,1.93011755783087,-0.651458694116003
"663",1981,"Mar",0.038285,0.035426,88.5,1.91025235404896,-0.643231969710304
"664",1981,"Apr",-0.020211,-0.021967,89.1,1.89065469509914,-0.661049449572393
"665",1981,"May",0.006539,-0.001124,89.8,1.86812175204157,-0.649059877153566
"666",1981,"Jun",-0.008255,-0.01118,90.6,1.8427961736571,-0.651137493011265
"667",1981,"Jul",0.000714,-0.000946,91.6,1.81176128093159,-0.644097097863
"668",1981,"Aug",-0.05554,-0.063659,92.3,1.79043698085952,-0.661536882402882
"669",1981,"Sep",-0.050466,-0.0535,93.2,1.76349070100143,-0.656400508365775
"670",1981,"Oct",0.052115,0.048694,93.4,1.75757316202712,-0.618463432090201
"671",1981,"Nov",0.043827,0.035918,93.7,1.7487442191391,-0.620253134965419
"672",1981,"Dec",-0.027059,-0.029745,94,1.73997163120567,-0.644908367327922
"673",1982,"Jan",-0.015367,-0.016874,94.3,1.73125486037469,-0.639494279979086
"674",1982,"Feb",-0.050441,-0.059588,94.6,1.72259337561663,-0.651229960190094
"675",1982,"Mar",-0.006805,-0.010463,94.5,1.72547442680776,-0.635588215309989
"676",1982,"Apr",0.04155,0.040063,94.9,1.71398665261679,-0.616228768481322
"677",1982,"May",-0.029505,-0.039834,95.8,1.68848990953375,-0.639018544738259
"678",1982,"Jun",-0.015779,-0.018934,97,1.65523024054983,-0.629327436480162
"679",1982,"Jul",-0.020199,-0.022058,97.5,1.64161367521368,-0.62908997284747
"680",1982,"Aug",0.127402,0.116647,97.7,1.63620607301262,-0.57233919929802
"681",1982,"Sep",0.010496,0.007717,97.9,1.63082056520259,-0.615900828294542
"682",1982,"Oct",0.113863,0.111235,98.2,1.62278343516633,-0.575312629679864
"683",1982,"Nov",0.045754,0.037554,98,1.62813605442177,-0.602092898409675
"684",1982,"Dec",0.016835,0.014676,97.6,1.63890710382514,-0.614675712333306
"685",1983,"Jan",0.035293,0.033317,97.8,1.6335105657805,-0.606877218017477
"686",1983,"Feb",0.025733,0.018539,97.9,1.63082056520259,-0.610109099203802
"687",1983,"Mar",0.03547,0.032459,97.9,1.63082056520259,-0.606407972593804
"688",1983,"Apr",0.075719,0.074655,98.6,1.61214334009466,-0.588185309937464
"689",1983,"May",-0.005687,-0.0121,99.2,1.59634408602151,-0.617033425826224
"690",1983,"Jun",0.03697,0.033719,99.5,1.58851591289782,-0.599395933850327
"691",1983,"Jul",-0.031238,-0.032321,99.9,1.57815148481815,-0.624241629824816
"692",1983,"Aug",0.015864,0.009484,100.2,1.57043246839654,-0.604788683425826
"693",1983,"Sep",0.014105,0.010838,100.7,1.55766964581265,-0.603504306484511
"694",1983,"Oct",-0.013108,-0.014695,101,1.55007260726073,-0.612994548786548
"695",1983,"Nov",0.023846,0.017363,101.2,1.54503293807642,-0.597708153524393
"696",1983,"Dec",-0.005749,-0.008699,101.3,1.54252056597565,-0.608950655776319
"697",1984,"Jan",-0.003898,-0.005657,101.9,1.52754988550867,-0.605902140364864
"698",1984,"Feb",-0.034034,-0.039505,102.4,1.51520833333333,-0.615949904746128
"699",1984,"Mar",0.017295,0.013714,102.6,1.51030539311241,-0.594752493943096
"700",1984,"Apr",0.006781,0.005229,103.1,1.49813126414484,-0.596986349576535
"701",1984,"May",-0.053131,-0.059544,103.4,1.49088330109607,-0.619866173745134
"702",1984,"Jun",0.022937,0.018709,103.7,1.48367727418836,-0.58813610341775
"703",1984,"Jul",-0.013765,-0.015641,104.1,1.47413384566122,-0.601381711127102
"704",1984,"Aug",0.112438,0.105753,104.5,1.464663476874,-0.54864507449474
"705",1984,"Sep",-6.4e-05,-0.003292,105,1.45292698412698,-0.592349871614346
"706",1984,"Oct",0.003331,0.000216,105.3,1.44593858816081,-0.589797141736727
"707",1984,"Nov",-0.009841,-0.01495,105.3,1.44593858816081,-0.595182395505467
"708",1984,"Dec",0.025556,0.021843,105.3,1.44593858816081,-0.580710650314752
"709",1985,"Jan",0.076868,0.074737,105.5,1.44130173775671,-0.558895984324526
"710",1985,"Feb",0.014166,0.008886,106,1.42978616352201,-0.582611006999089
"711",1985,"Mar",-0.000636,-0.00398,106.4,1.42065162907268,-0.587150836577487
"712",1985,"Apr",-0.003704,-0.005413,106.9,1.40932959151855,-0.586484139194898
"713",1985,"May",0.06274,0.056847,107.3,1.40034793414104,-0.55725585241862
"714",1985,"Jun",0.016065,0.012925,107.6,1.39365551425031,-0.575517448542202
"715",1985,"Jul",-0.003321,-0.005235,107.8,1.38921459492888,-0.582842411010105
"716",1985,"Aug",-0.006473,-0.011871,108,1.38479012345679,-0.583390173320633
"717",1985,"Sep",-0.033248,-0.036197,108.3,1.37818405663281,-0.593491514122422
"718",1985,"Oct",0.045079,0.042653,108.7,1.36943268935909,-0.558932817676841
"719",1985,"Nov",0.071887,0.06663,109,1.36291131498471,-0.546370194597449
"720",1985,"Dec",0.048156,0.045156,109.3,1.35642573955474,-0.555192433011679
"721",1986,"Jan",0.004706,0.002962,109.6,1.34997566909976,-0.572461105359066
"722",1986,"Feb",0.076525,0.071556,109.3,1.35642573955474,-0.543153437034084
"723",1986,"Mar",0.055832,0.05332,108.8,1.36725490196078,-0.553984659985091
"724",1986,"Apr",-0.013348,-0.015054,108.6,1.37161448741559,-0.583974543402634
"725",1986,"May",0.055326,0.050804,108.9,1.36508111417202,-0.553788665565725
"726",1986,"Jun",0.015744,0.01331,109.5,1.35212176560122,-0.568158411331069
"727",1986,"Jul",-0.057541,-0.059378,109.5,1.35212176560122,-0.599315386735898
"728",1986,"Aug",0.074417,0.070076,109.7,1.34783348526284,-0.542379386466703
"729",1986,"Sep",-0.083243,-0.085664,110.2,1.33718088324259,-0.607750941926199
"730",1986,"Oct",0.056538,0.053813,110.3,1.33506195225144,-0.547533203998592
"731",1986,"Nov",0.024876,0.019717,110.4,1.33294685990338,-0.560694665783153
"732",1986,"Dec",-0.027513,-0.030174,110.5,1.33083559577677,-0.582773233014785
"733",1987,"Jan",0.135183,0.133724,111.2,1.31616306954436,-0.509886408721942
"734",1987,"Feb",0.041778,0.037845,111.6,1.30786140979689,-0.548595944462851
"735",1987,"Mar",0.026336,0.023832,112.1,1.29756764793339,-0.553294545680444
"736",1987,"Apr",-0.009045,-0.011093,112.7,1.28533569949719,-0.566385367270977
"737",1987,"May",0.009128,0.005199,113.1,1.27725316828765,-0.556866134142301
"738",1987,"Jun",0.05014,0.047654,113.5,1.26922760646109,-0.537225795680444
"739",1987,"Jul",0.049843,0.047883,113.8,1.26324545987112,-0.536133831431707
"740",1987,"Aug",0.039108,0.035441,114.4,1.25137529137529,-0.538456336453243
"741",1987,"Sep",-0.02194,-0.024079,115,1.23962898550725,-0.563293739128634
"742",1987,"Oct",-0.215795,-0.217944,115.3,1.2338016767852,-0.648937052850369
"743",1987,"Nov",-0.081874,-0.086541,115.4,1.23186597342577,-0.58862852387559
"744",1987,"Dec",0.073922,0.071025,115.4,1.23186597342577,-0.518823256957674
"745",1988,"Jan",0.042712,0.041086,115.7,1.22607893978681,-0.53159253188934
"746",1988,"Feb",0.047445,0.040574,116,1.22032183908046,-0.528246319266131
"747",1988,"Mar",-0.030847,-0.033368,116.5,1.21079256080114,-0.561626442397291
"748",1988,"Apr",0.010516,0.008773,117.1,1.19946484486194,-0.540562786279301
"749",1988,"May",0.008012,0.002882,117.5,1.19197730496454,-0.540135749710097
"750",1988,"Jun",0.047676,0.045068,118,1.18268926553672,-0.520006802368922
"751",1988,"Jul",-0.004458,-0.007393,118.5,1.17347960618847,-0.541959355328005
"752",1988,"Aug",-0.032488,-0.03729,119,1.16434733893557,-0.552977480742152
"753",1988,"Sep",0.042739,0.040086,119.8,1.14989426822482,-0.514981264236312
"754",1988,"Oct",0.026891,0.023328,120.2,1.14273987798114,-0.520757974146857
"755",1988,"Nov",-0.014355,-0.01977,120.3,1.1409587143253,-0.539624471315125
"756",1988,"Dec",0.018553,0.015184,120.5,1.13740525587829,-0.523462854225337
"757",1989,"Jan",0.072303,0.069633,121.1,1.12681530415634,-0.49581752684192
"758",1989,"Feb",-0.025031,-0.029187,121.6,1.1180701754386,-0.539689944504266
"759",1989,"Mar",0.023038,0.02044,122.3,1.1059471245571,-0.514214773927359
"760",1989,"Apr",0.051707,0.049899,123.1,1.09226103438939,-0.497334709812184
"761",1989,"May",0.041022,0.035451,123.8,1.08043080236941,-0.499612292408681
"762",1989,"Jun",-0.005611,-0.00794,124.1,1.07540155788343,-0.520869107849126
"763",1989,"Jul",0.090053,0.088194,124.4,1.07039657020364,-0.473505213596455
"764",1989,"Aug",0.019853,0.015516,124.6,1.0670733012306,-0.506619818758801
"765",1989,"Sep",-0.004004,-0.006616,125,1.06045866666667,-0.516614423714073
"766",1989,"Oct",-0.023639,-0.025668,125.6,1.05061571125265,-0.523869345854386
"767",1989,"Nov",0.020479,0.016641,125.9,1.04572941487953,-0.501166189146235
"768",1989,"Dec",0.022657,0.019988,126.1,1.04248480042295,-0.4993074123302
"769",1990,"Jan",-0.067661,-0.069407,127.4,1.02164311878598,-0.538821174055744
"770",1990,"Feb",0.013381,0.008986,128,1.01216666666667,-0.496373229520418
"771",1990,"Mar",0.026588,0.02436,128.7,1.00122248122248,-0.487019554481074
"772",1990,"Apr",-0.024504,-0.026508,128.9,0.998117403672097,-0.511792451130622
"773",1990,"May",0.097419,0.092408,129.2,0.993477812177503,-0.449495252319225
"774",1990,"Jun",-0.006754,-0.008921,129.9,0.982735437516038,-0.49905268186242
"775",1990,"Jul",-0.004454,-0.006508,130.4,0.975132924335378,-0.495959999585853
"776",1990,"Aug",-0.090801,-0.094897,131.6,0.957122593718339,-0.535440956576659
"777",1990,"Sep",-0.048959,-0.051213,132.7,0.940899271539814,-0.509999816092728
"778",1990,"Oct",-0.003597,-0.00611,133.5,0.929268414481898,-0.483533243730846
"779",1990,"Nov",0.064561,0.059897,133.8,0.924942700548082,-0.446964837084817
"780",1990,"Dec",0.027987,0.024954,133.8,0.924942700548082,-0.465964883158701
"781",1991,"Jan",0.045001,0.043063,134.6,0.913501733531451,-0.453880296167067
"782",1991,"Feb",0.071565,0.067371,134.8,0.910662710187933,-0.439165796094591
"783",1991,"Mar",0.024354,0.022312,135,0.907832098765432,-0.46307958616334
"784",1991,"Apr",0.002268,0.000214,135.2,0.905009861932939,-0.473877789281869
"785",1991,"May",0.04293,0.038759,135.6,0.899390363815143,-0.450913293092024
"786",1991,"Jun",-0.045357,-0.047498,136,0.893803921568628,-0.495912438913278
"787",1991,"Jul",0.046526,0.044799,136.2,0.891023005384239,-0.446582089683592
"788",1991,"Aug",0.023885,0.019912,136.6,0.885485602733041,-0.45696482724882
"789",1991,"Sep",-0.016861,-0.019061,137.2,0.877240038872692,-0.476284875859356
"790",1991,"Oct",0.013458,0.011899,137.4,0.874507520621058,-0.45934706110743
"791",1991,"Nov",-0.040214,-0.043973,137.8,0.869066279632317,-0.486489050463845
"792",1991,"Dec",0.114089,0.111476,137.9,0.867710901619531,-0.403500295985878
"793",1992,"Jan",-0.018348,-0.019654,138.1,0.86500603427468,-0.4736467432494
"794",1992,"Feb",0.012865,0.009442,138.6,0.858278018278019,-0.454944314016814
"795",1992,"Mar",-0.01947,-0.021873,139.3,0.848939937784159,-0.469679906868632
"796",1992,"Apr",0.028614,0.027157,139.5,0.846289127837515,-0.442874908111074
"797",1992,"May",0.00485,0.001087,139.7,0.843645907897877,-0.454965839321213
"798",1992,"Jun",-0.01503,-0.017545,140.2,0.837070851165003,-0.463836683612193
"799",1992,"Jul",0.040924,0.039465,140.5,0.833148279952551,-0.432165956576659
"800",1992,"Aug",-0.020615,-0.024214,140.9,0.827944168440975,-0.46421503626377
"801",1992,"Sep",0.01134,0.008916,141.3,0.82276952111347,-0.445162985069991
"802",1992,"Oct",0.004796,0.003455,141.8,0.816342266102492,-0.446802500414147
"803",1992,"Nov",0.033794,0.030069,142,0.813784037558686,-0.430034679657086
"804",1992,"Dec",0.01338,0.011197,141.9,0.815062250411088,-0.441683060858941
"805",1993,"Jan",0.007282,0.005964,142.6,0.806152407667134,-0.442305092458378
"806",1993,"Feb",0.013526,0.010361,143.1,0.799841602608898,-0.436880446295453
"807",1993,"Mar",0.021202,0.018578,143.6,0.793574744661096,-0.430633151453657
"808",1993,"Apr",-0.024519,-0.02578,144,0.788592592592593,-0.45460972831939
"809",1993,"May",0.026259,0.022549,144.2,0.786111881645863,-0.42542289173155
"810",1993,"Jun",0.003466,0.001095,144.4,0.783638042474608,-0.437404912822
"811",1993,"Jul",-0.004593,-0.005909,144.4,0.783638042474608,-0.441923206224633
"812",1993,"Aug",0.037431,0.033957,144.8,0.778710865561694,-0.416751187567299
"813",1993,"Sep",-0.007582,-0.009842,145.1,0.775033310360671,-0.440901759867059
"814",1993,"Oct",0.019884,0.01859,145.7,0.767723633035919,-0.423052347697341
"815",1993,"Nov",-0.008655,-0.012084,145.8,0.766511202560585,-0.438811937018554
"816",1993,"Dec",0.012646,0.010617,145.8,0.766511202560585,-0.426753706100389
"817",1994,"Jan",0.033429,0.031954,146.2,0.761678066575468,-0.413383739283939
"818",1994,"Feb",-0.027161,-0.030121,146.7,0.755673710520337,-0.445888496153607
"819",1994,"Mar",-0.043456,-0.045728,147.2,0.749710144927537,-0.453312879980121
"820",1994,"Apr",0.012817,0.011477,147.4,0.74733604703754,-0.42036507418413
"821",1994,"May",0.016309,0.012559,147.5,0.746151412429379,-0.417972008174232
"822",1994,"Jun",-0.024762,-0.027113,148,0.740252252252252,-0.439599633479665
"823",1994,"Jul",0.032714,0.031381,148.4,0.735561545372866,-0.404968378820509
"824",1994,"Aug",0.041341,0.03799,149,0.728572706935123,-0.397571767839394
"825",1994,"Sep",-0.02394,-0.026238,149.4,0.723944667559125,-0.433821735484138
"826",1994,"Oct",0.022619,0.021043,149.5,0.722791527313267,-0.406417442977098
"827",1994,"Nov",-0.036248,-0.039423,149.7,0.720489868626142,-0.439838607843949
"828",1994,"Dec",0.014955,0.012419,149.7,0.720489868626142,-0.410077897866106
"829",1995,"Jan",0.026,0.024348,150.3,0.713621645597694,-0.401268067174687
"830",1995,"Feb",0.039228,0.036328,150.9,0.706808040645019,-0.391127780481239
"831",1995,"Mar",0.029334,0.027179,151.4,0.701171290180537,-0.394926304046219
"832",1995,"Apr",0.029395,0.027914,151.9,0.695571648014044,-0.392892066103081
"833",1995,"May",0.039809,0.036454,152.2,0.692229522558038,-0.385539026391535
"834",1995,"Jun",0.024155,0.022198,152.5,0.688900546448088,-0.393596619911165
"835",1995,"Jul",0.033405,0.032023,152.5,0.688900546448088,-0.388119684031517
"836",1995,"Aug",0.003495,0.000642,152.9,0.684482232395902,-0.404270950027955
"837",1995,"Sep",0.042102,0.040182,153.2,0.68118363794604,-0.380137912076534
"838",1995,"Oct",-0.003442,-0.004864,153.7,0.675714595532423,-0.405293716091692
"839",1995,"Nov",0.044179,0.041338,153.6,0.676805555555556,-0.377280808415473
"840",1995,"Dec",0.017643,0.015809,153.5,0.677897937024973,-0.393501250854179
"841",1996,"Jan",0.034861,0.033415,154.4,0.668117443868739,-0.379623416922057
"842",1996,"Feb",0.010088,0.007689,154.9,0.662732945986658,-0.392513390416632
"843",1996,"Mar",0.009585,0.00786,155.7,0.654189681010491,-0.389680027877288
"844",1996,"Apr",0.015133,0.013857,156.3,0.647839624653444,-0.383961287972128
"845",1996,"May",0.025257,0.02253,156.6,0.644682843763304,-0.37662327792388
"846",1996,"Jun",0.004128,0.002562,156.7,0.643633269517124,-0.389080265882548
"847",1996,"Jul",-0.044441,-0.046048,157,0.640492569002123,-0.417517020158618
"848",1996,"Aug",0.021928,0.019589,157.3,0.637363848272939,-0.375869938084983
"849",1996,"Sep",0.056035,0.054112,157.8,0.632175749894381,-0.35298940688934
"850",1996,"Oct",0.026798,0.025348,158.3,0.627020425352706,-0.368908967582622
"851",1996,"Nov",0.076455,0.074218,158.6,0.623942833123161,-0.337134917532925
"852",1996,"Dec",-0.019815,-0.021518,158.6,0.623942833123161,-0.396416560972832
"853",1997,"Jan",0.062779,0.061689,159.1,0.6188393044207,-0.343493207078812
"854",1997,"Feb",0.007752,0.0058,159.6,0.613767752715121,-0.375528480907811
"855",1997,"Mar",-0.041653,-0.04331,160,0.609733333333333,-0.404654808249814
"856",1997,"Apr",0.060274,0.059016,160.2,0.607723678734915,-0.340512294479417
"857",1997,"May",0.061401,0.059272,160.1,0.608727878409328,-0.340223406180113
"858",1997,"Jun",0.044103,0.042762,160.3,0.606720731960907,-0.350165228324567
"859",1997,"Jul",0.080388,0.078977,160.5,0.604718587746625,-0.326743013853226
"860",1997,"Aug",-0.05497,-0.056458,160.8,0.601724709784411,-0.409992245092355
"861",1997,"Sep",0.053886,0.052408,161.2,0.597750206782465,-0.34039376397747
"862",1997,"Oct",-0.032605,-0.03373,161.6,0.593795379537954,-0.39302434150584
"863",1997,"Nov",0.046321,0.044625,161.5,0.594782249742002,-0.343909803254162
"864",1997,"Dec",0.017147,0.0157,161.3,0.596759661087002,-0.36299305099706
"865",1998,"Jan",0.011994,0.01108,161.6,0.593795379537954,-0.365041452000331
"866",1998,"Feb",0.071956,0.070303,161.9,0.590842083590694,-0.326170704775118
"867",1998,"Mar",0.051336,0.050104,162.2,0.587899712289355,-0.33790780874679
"868",1998,"Apr",0.011275,0.010232,162.5,0.584968205128205,-0.361958809818397
"869",1998,"May",-0.017674,-0.019206,162.8,0.582047502047502,-0.379079326803611
"870",1998,"Jun",0.04097,0.0398,163,0.580106339468303,-0.341202567195395
"871",1998,"Jul",-0.010109,-0.011112,163.2,0.578169934640523,-0.372760196305806
"872",1998,"Aug",-0.143124,-0.144504,163.4,0.576238270093839,-0.456379142508076
"873",1998,"Sep",0.063176,0.061612,163.6,0.574311328443358,-0.32467233082084
"874",1998,"Oct",0.080111,0.079144,164,0.570471544715447,-0.312237777478671
"875",1998,"Nov",0.062164,0.060685,164,0.570471544715447,-0.32366555537149
"876",1998,"Dec",0.059673,0.058454,163.9,0.571429733577385,-0.325663135068956
"877",1999,"Jan",0.0428,0.042,164.3,0.567603976465815,-0.334780967862172
"878",1999,"Feb",-0.031935,-0.033156,164.5,0.565698074974671,-0.381703908644289
"879",1999,"Mar",0.038979,0.037774,165,0.560953535353536,-0.33439466552431
"880",1999,"Apr",0.037559,0.036771,166.2,0.549683112715604,-0.330470215822497
"881",1999,"May",-0.023159,-0.024833,166.2,0.549683112715604,-0.369651129327839
"882",1999,"Jun",0.054431,0.053398,166.2,0.549683112715604,-0.319582828677628
"883",1999,"Jul",-0.03022,-0.031084,166.7,0.5450349930014,-0.372324895945498
"884",1999,"Aug",-0.004989,-0.006251,167.1,0.541336525034909,-0.354449217391079
"885",1999,"Sep",-0.028079,-0.029257,167.9,0.533992455826881,-0.366410834480866
"886",1999,"Oct",0.064238,0.063512,168.2,0.531256440745145,-0.304990351921643
"887",1999,"Nov",0.020822,0.019547,168.3,0.53034660328778,-0.332947191304978
"888",1999,"Dec",0.062579,0.061549,168.3,0.53034660328778,-0.305661215755198
"889",2000,"Jan",-0.04963,-0.050296,168.8,0.525813586097946,-0.377138853226207
"890",2000,"Feb",-0.017458,-0.018666,169.8,0.516827640361209,-0.352238860991469
"891",2000,"Mar",0.098488,0.097431,171.2,0.504423676012461,-0.269828029487286
"892",2000,"Apr",-0.031585,-0.032308,171.3,0.503545436855419,-0.355912381320923
"893",2000,"May",-0.022304,-0.023617,171.5,0.501792031098154,-0.348980431541456
"894",2000,"Jun",0.026219,0.025497,172.4,0.493952049497293,-0.313084378882631
"895",2000,"Jul",-0.012795,-0.013559,172.8,0.490493827160494,-0.337665824567216
"896",2000,"Aug",0.062594,0.061275,172.8,0.490493827160494,-0.28708594384163
"897",2000,"Sep",-0.052088,-0.052795,173.7,0.482771061216657,-0.360715875300257
"898",2000,"Oct",-0.00412,-0.004829,174,0.480214559386973,-0.327205644827301
"899",2000,"Nov",-0.078268,-0.079557,174.1,0.479364349990427,-0.376940508262238
"900",2000,"Dec",0.00572,0.004861,174,0.480214559386973,-0.320557959910544
"901",2001,"Jan",0.032375,0.031555,175.1,0.470915667237769,-0.298141271458006
"902",2001,"Feb",-0.090952,-0.092131,175.8,0.465058778915434,-0.379514315000414
"903",2001,"Mar",-0.063706,-0.064587,176.2,0.461732879303822,-0.359462995423673
"904",2001,"Apr",0.077825,0.076981,176.9,0.455948746938007,-0.259709517751388
"905",2001,"May",0.00687,0.00533,177.7,0.449394109923092,-0.305316619471134
"906",2001,"Jun",-0.024506,-0.025183,178,0.446951310861423,-0.325828040876336
"907",2001,"Jul",-0.009317,-0.010248,177.5,0.451027230046949,-0.317254025640893
"908",2001,"Aug",-0.063435,-0.064933,177.5,0.451027230046949,-0.354550362249441
"909",2001,"Sep",-0.080361,-0.081352,178.3,0.444516732099458,-0.363358707058105
"910",2001,"Oct",0.01954,0.018546,177.7,0.449394109923092,-0.296575035720202
"911",2001,"Nov",0.078787,0.077259,177.4,0.45184517098835,-0.256954514464094
"912",2001,"Dec",0.009051,0.007849,176.7,0.457596679871723,-0.307729625119068
"913",2002,"Jan",-0.014324,-0.01532,177.1,0.454304536043667,-0.322235490868053
"914",2002,"Feb",-0.019481,-0.020973,177.8,0.448578927634046,-0.323116620506502
"915",2002,"Mar",0.037572,0.03669,178.8,0.440477255779269,-0.279702615340015
"916",2002,"Apr",-0.061001,-0.061826,179.8,0.432465702632555,-0.344487621396919
"917",2002,"May",-0.0078,-0.009438,179.8,0.432465702632555,-0.307348163256854
"918",2002,"Jun",-0.071349,-0.072611,179.9,0.431669445988512,-0.351350968198667
"919",2002,"Jul",-0.073987,-0.075074,180.1,0.43007958541551,-0.352474499011224
"920",2002,"Aug",0.007061,0.005401,180.7,0.425331119719609,-0.293454702512839
"921",2002,"Sep",-0.108965,-0.110421,181,0.422968692449356,-0.373819673807256
"922",2002,"Oct",0.088599,0.087103,181.3,0.420614083471226,-0.233712369414189
"923",2002,"Nov",0.059019,0.057288,181.3,0.420614083471226,-0.254534350798269
"924",2002,"Dec",-0.058834,-0.060464,180.9,0.423755297586143,-0.338955225244347
"925",2003,"Jan",-0.026579,-0.02786,181.7,0.417486699688131,-0.313276801670049
"926",2003,"Feb",-0.015246,-0.017225,183.1,0.4066484616785,-0.299928854416881
"927",2003,"Mar",0.010308,0.008967,184.2,0.398248280854144,-0.277447350492835
"928",2003,"Apr",0.082774,0.081462,183.8,0.401291258614436,-0.227302680050526
"929",2003,"May",0.053251,0.051508,183.5,0.403582198001817,-0.249597920592438
"930",2003,"Jun",0.012816,0.011351,183.7,0.40205407367084,-0.277619872856788
"931",2003,"Jul",0.017932,0.016505,183.9,0.400529273155701,-0.273180490039758
"932",2003,"Aug",0.019597,0.018014,184.6,0.395218490429758,-0.269220550764102
"933",2003,"Sep",-0.010737,-0.012107,185.2,0.39069834413247,-0.288657382692786
"934",2003,"Oct",0.05556,0.05397,185,0.392201801801802,-0.241805319721693
"935",2003,"Nov",0.009259,0.007606,184.5,0.395974706413731,-0.277022000926655
"936",2003,"Dec",0.05178,0.050107,184.3,0.397489600289383,-0.247379014640106
"937",2004,"Jan",0.019078,0.017991,185.2,0.39069834413247,-0.267218513418372
"938",2004,"Feb",0.014403,0.012716,186.2,0.383229502327247,-0.266641581680196
"939",2004,"Mar",-0.014982,-0.016267,187.4,0.374372109569548,-0.283295991572103
"940",2004,"Apr",-0.015584,-0.016719,188,0.369985815602837,-0.281440735525553
"941",2004,"May",0.013629,0.012024,189.1,0.3620165697162,-0.255788055345606
"942",2004,"Jun",0.019488,0.018019,189.7,0.357708662800914,-0.249111368342583
"943",2004,"Jul",-0.032954,-0.034111,189.4,0.359859204505456,-0.288863143481322
"944",2004,"Aug",0.003807,0.002019,189.5,0.359141600703606,-0.26144045662325
"945",2004,"Sep",0.010817,0.009347,189.9,0.356278743198175,-0.254712937831318
"946",2004,"Oct",0.014973,0.013699,190.9,0.349174087654968,-0.247707905683136
"947",2004,"Nov",0.040559,0.035572,191,0.348467713787086,-0.228339700416218
"948",2004,"Dec",0.033734,0.032086,190.3,0.353427920826765,-0.236210525811729
"949",2005,"Jan",-0.023824,-0.024749,190.7,0.350589057857018,-0.277222042988487
"950",2005,"Feb",0.021152,0.019015,191.8,0.342843239485575,-0.239559786300008
"951",2005,"Mar",-0.01724,-0.018729,193.3,0.332422831522676,-0.262426328377371
"952",2005,"Apr",-0.018926,-0.020076,194.6,0.323521754025351,-0.258739800070405
"953",2005,"May",0.031994,0.030156,194.4,0.324883401920439,-0.221068058891742
"954",2005,"Jun",0.001717,0.000139,194.5,0.324202227934876,-0.243531706209103
"955",2005,"Jul",0.037364,0.036163,195.4,0.318103036506312,-0.21298717075292
"956",2005,"Aug",-0.009159,-0.011265,196.4,0.311391717583164,-0.24443552089373
"957",2005,"Sep",0.008067,0.006916,198.8,0.295560026827633,-0.221906373208813
"958",2005,"Oct",-0.015672,-0.016697,199.2,0.292958500669344,-0.238701010519341
"959",2005,"Nov",0.038289,0.035675,197.6,0.303427800269906,-0.20341656071399
"960",2005,"Dec",-6e-05,-0.001396,196.8,0.308726287262873,-0.235944131533173
"961",2006,"Jan",0.026442,0.025424,198.3,0.298826693561943,-0.209715965118446
"962",2006,"Feb",0.002425,0.000167,198.7,0.2962120449589,-0.226650451291104
"963",2006,"Mar",0.012909,0.011511,199.8,0.289075742409076,-0.214236241768823
"964",2006,"Apr",0.012064,0.01085,201.5,0.278200165425972,-0.208211649962727
"965",2006,"May",-0.028319,-0.030519,202.5,0.271888065843622,-0.236032614744678
"966",2006,"Jun",0.001587,0.000348,202.9,0.269380647281091,-0.210964022379483
"967",2006,"Jul",0.005571,0.00451,203.5,0.265638001638002,-0.205482927425868
"968",2006,"Aug",0.02415,0.021679,203.9,0.263155141409188,-0.189212816046136
"969",2006,"Sep",0.026487,0.025296,202.9,0.269380647281091,-0.191348156915224
"970",2006,"Oct",0.032527,0.03142,201.8,0.276299966963991,-0.190999744005218
"971",2006,"Nov",0.018385,0.015887,201.5,0.278200165425972,-0.20326641511534
"972",2006,"Dec",0.013768,0.012294,201.8,0.276299966963991,-0.205697699411911
"973",2007,"Jan",0.015313,0.014345,202.416,0.272415882802414,-0.202058844342748
"974",2007,"Feb",-0.019288,-0.021598,203.499,0.265644221019923,-0.225128212405782
"975",2007,"Mar",0.010894,0.009679,205.352,0.254223642006571,-0.194008176737348
"976",2007,"Apr",0.043991,0.042857,206.686,0.246128587970803,-0.162212463402323
"977",2007,"May",0.034459,0.032154,207.949,0.238560095664482,-0.164789012966692
"978",2007,"Jun",-0.01662,-0.017829,208.352,0.236164439666206,-0.204490949225545
"979",2007,"Jul",-0.031197,-0.032283,208.299,0.236478971734542,-0.216482429425423
"980",2007,"Aug",0.015094,0.012859,207.917,0.238750719437724,-0.180550223647292
"981",2007,"Sep",0.037468,0.035923,208.49,0.235346219642829,-0.160180374130291
"982",2007,"Oct",0.01736,0.016292,208.936,0.232709218771937,-0.174695877578067
"983",2007,"Nov",-0.041382,-0.043581,210.177,0.225430629104675,-0.217729688460304
"984",2007,"Dec",-0.006116,-0.007903,210.036,0.226253277215969,-0.189495336349706
"985",2008,"Jan",-0.061166,-0.062332,211.08,0.220188238266692,-0.23058265064607
"986",2008,"Feb",-0.031419,-0.033693,211.693,0.216654935842628,-0.203898351565736
"987",2008,"Mar",-0.0034,-0.005054,213.528,0.206199343099422,-0.173768410916922
"988",2008,"Apr",0.048629,0.04749,214.823,0.19892810980823,-0.125361236073004
"989",2008,"May",0.012986,0.010708,216.632,0.188916380467029,-0.147975402944587
"990",2008,"Jun",-0.082842,-0.084569,218.815,0.177055198836156,-0.220802897853164
"991",2008,"Jul",-0.007306,-0.008738,219.964,0.170906754438605,-0.152200637465833
"992",2008,"Aug",0.014955,0.012682,219.086,0.175599231960661,-0.136648806492276
"993",2008,"Sep",-0.085467,-0.087287,218.783,0.177227359225047,-0.223146665057101
"994",2008,"Oct",-0.16698,-0.168455,216.573,0.189240271563553,-0.299535997965502
"995",2008,"Nov",-0.073512,-0.076514,212.425,0.212462437723118,-0.235862513200944
"996",2008,"Dec",0.011995,0.009229,210.228,0.225133347286438,-0.173971549920277
"997",2009,"Jan",-0.082615,-0.084039,211.143,0.219824163402686,-0.247936688316647
"998",2009,"Feb",-0.103588,-0.107402,212.193,0.213788076578084,-0.261475691434399
"999",2009,"Mar",0.087634,0.084154,212.709,0.21084360950093,-0.101755180053115
"1000",2009,"Apr",0.09423,0.09255,213.24,0.20782842493591,-0.0940517896338938
"1001",2009,"May",0.05464,0.051848,213.856,0.204349344106938,-0.124307240950882
"1002",2009,"Jun",0.002476,0.00068,215.693,0.19409222057894,-0.160470202616375
"1003",2009,"Jul",0.074482,0.073101,215.351,0.195988564405707,-0.10159508880094
"1004",2009,"Aug",0.034751,0.032255,215.834,0.193312144209593,-0.132874826573242
"1005",2009,"Sep",0.036534,0.034978,215.969,0.192566217065104,-0.130837361340905
"1006",2009,"Oct",-0.018259,-0.019458,216.177,0.191418760244306,-0.175989977026475
"1007",2009,"Nov",0.060257,0.057607,216.33,0.19057612598037,-0.109458877207923
"1008",2009,"Dec",0.018983,0.017346,215.949,0.192676665941187,-0.145633490535441
"1009",2010,"Jan",-0.035751,-0.036781,216.687,0.188614606936888,-0.188762283104603
"1010",2010,"Feb",0.030424,0.028014,216.741,0.188318469202105,-0.132872183084155
"1011",2010,"Mar",0.061014,0.05943,217.631,0.183458851603555,-0.103463547919428
"1012",2010,"Apr",0.015977,0.014957,218.009,0.181406883813665,-0.140027865149766
"1013",2010,"May",-0.080111,-0.082337,218.178,0.180491769717081,-0.220757803148037
"1014",2010,"Jun",-0.053525,-0.055115,217.965,0.18164537119874,-0.199019415579962
"1015",2010,"Jul",0.070451,0.06862,218.011,0.181396045765275,-0.0939101211341942
"1016",2010,"Aug",-0.045434,-0.04784,218.312,0.179767183358374,-0.190886122732544
"1017",2010,"Sep",0.090383,0.088751,218.439,0.179081269065201,-0.0752265949704403
"1018",2010,"Oct",0.038726,0.037081,218.711,0.177614904295318,-0.117940851282304
"1019",2010,"Nov",-5.1e-05,-0.002571,218.803,0.177119753080778,-0.150512089035192
"1020",2010,"Dec",0.067054,0.065249,219.179,0.175100412600356,-0.0919465361783527
"1021",2011,"Jan",0.023349,0.022319,220.223,0.169529673709528,-0.124990991674346
"1022",2011,"Feb",0.032508,0.030251,221.309,0.163790597460263,-0.112806030351818
"1023",2011,"Mar",0.000625,-0.000867,223.467,0.152551980083562,-0.131817898636161
"1024",2011,"Apr",0.029441,0.028358,224.906,0.145177689049351,-0.101064393898058
"1025",2011,"May",-0.011313,-0.013573,225.964,0.139815781864958,-0.132590532847055
"1026",2011,"Jun",-0.016545,-0.018106,225.722,0.14103779575466,-0.138104799280937
"1027",2011,"Jul",-0.019828,-0.020982,225.922,0.140027679169507,-0.140220875414147
"1028",2011,"Aug",-0.054322,-0.056734,226.545,0.136892596761497,-0.168190554944401
"1029",2011,"Sep",-0.070238,-0.071739,226.889,0.135168885813474,-0.180948305032407
"1030",2011,"Oct",0.109014,0.107554,226.421,0.137515218700268,-0.0250556812179038
"1031",2011,"Nov",-0.002727,-0.005552,226.23,0.13847559268591,-0.124027773272488
"1032",2011,"Dec",0.009427,0.007613,225.672,0.141290604653361,-0.115539025832436
"1033",2012,"Jan",0.045205,0.044003,226.665,0.136290708019912,-0.0801605675176532
"1034",2012,"Feb",0.04334,0.040744,227.663,0.131309581852709,-0.0777590707829455
"1035",2012,"Mar",0.032866,0.031282,229.392,0.122782544000372,-0.0800836675639859
"1036",2012,"Apr",-0.006034,-0.007237,230.085,0.119400801153197,-0.112055307646712
"1037",2012,"May",-0.05979,-0.062433,229.815,0.120715938182161,-0.161063059810631
"1038",2012,"Jun",0.041465,0.039888,229.478,0.122361765979019,-0.0720772645961028
"1039",2012,"Jul",0.014363,0.013096,229.104,0.124193961403264,-0.0976975194442146
"1040",2012,"Aug",0.022744,0.019938,230.379,0.117972268884462,-0.0851794552824485
"1041",2012,"Sep",0.02512,0.023547,231.407,0.113005800746448,-0.0789625720616252
"1042",2012,"Oct",-0.017837,-0.019227,231.317,0.113438845105778,-0.117901262096983
"1043",2012,"Nov",0.005326,0.002154,230.221,0.118739529987852,-0.101376171081649
"1044",2012,"Dec",0.008508,0.005902,229.601,0.121760503365984,-0.100959610385778
"1045",2013,"Jan",0.052361,0.051024,230.28,0.118452897921371,-0.0590922496997432
"1046",2013,"Feb",0.013013,0.010511,232.166,0.10936714821866,-0.086855058195457
"1047",2013,"Mar",0.037584,0.036025,232.773,0.106474261762891,-0.062261061231674
"1048",2013,"Apr",0.019621,0.018482,232.531,0.107625793263407,-0.0794535427024664
"1049",2013,"May",0.02312,0.020441,232.945,0.105657272460595,-0.0746499611736935
"1050",2013,"Jun",-0.013601,-0.015262,233.504,0.103010369558266,-0.105721009318314
"1051",2013,"Jul",0.050672,0.049287,233.596,0.102575957350868,-0.0470751760954196
"1052",2013,"Aug",-0.029207,-0.031638,233.877,0.101251227497075,-0.118463638668154
"1053",2013,"Sep",0.03166,0.030064,234.149,0.0999719551795368,-0.0621033607792182
"1054",2013,"Oct",0.046268,0.044953,233.546,0.102812008483696,-0.0512725723411748
"1055",2013,"Nov",0.030817,0.028398,233.069,0.105069028199089,-0.0671922081827735
"1056",2013,"Dec",0.02595,0.024196,233.049,0.105163863965661,-0.07167612563934
"1057",2014,"Jan",-0.034666,-0.035731,233.916,0.10106761971534,-0.123274553973743
"1058",2014,"Feb",0.045757,0.043194,234.781,0.0970109733467928,-0.0467214773526153
"1059",2014,"Mar",0.008056,0.006537,236.293,0.089991380757506,-0.0751706685061707
"1060",2014,"Apr",0.006555,0.005388,237.072,0.0864097545612023,-0.0735033482771474
"1061",2014,"May",0.023309,0.020895,237.9,0.0826285554154408,-0.054792158509691
"1062",2014,"Jun",0.020635,0.019048,238.343,0.08061631066712,-0.0555065753450367
"1063",2014,"Jul",-0.013974,-0.015278,238.25,0.081038125218608,-0.0878897080520585
"1064",2014,"Aug",0.039777,0.037446,237.852,0.0828470365325217,-0.0397748112886194
"1065",2014,"Sep",-0.013928,-0.015467,238.031,0.08203273243121,-0.0886856095523069
"1066",2014,"Oct",0.023972,0.0228,237.433,0.0847579457503101,-0.0560364143802287
"1067",2014,"Nov",0.027631,0.025159,236.151,0.0906468036694037,-0.0577783783507103
"1068",2014,"Dec",-0.002473,-0.004249,234.812,0.0968661453985884,-0.090566333745755
"1069",2015,"Jan",-0.02943,-0.030468,233.707,0.102052284840991,-0.119306757628075
"1070",2015,"Feb",0.057008,0.054305,234.722,0.0972867193247048,-0.0367075611281372
"1071",2015,"Mar",-0.014993,-0.016628,236.119,0.0907946134505625,-0.0969821560778701
"1072",2015,"Apr",0.0091,0.008004,236.599,0.0885816648985557,-0.0730139662107595
"1073",2015,"May",0.012522,0.010141,237.805,0.0830610514216831,-0.0651293399657296
"1074",2015,"Jun",-0.019343,-0.02102,238.638,0.0792804722354921,-0.0913789091645615
"1075",2015,"Jul",0.021297,0.020101,238.654,0.0792081143971329,-0.053660747750663
"1076",2015,"Aug",-0.060086,-0.062433,238.316,0.0807387390411611,-0.130304146556365
"1077",2015,"Sep",-0.024547,-0.026258,237.945,0.0824238094237465,-0.0988252554059162
"1078",2015,"Oct",0.083449,0.082049,237.838,0.0829107768032584,0.000497015274268708
"1079",2015,"Nov",0.003373,0.000817,237.336,0.0852012898731476,-0.075403789727077
"1080",2015,"Dec",-0.015247,-0.017076,236.525,0.0889222421872248,-0.0956627003760976
"1081",2016,"Jan",-0.0491,-0.05025,236.916,0.087125113260959,-0.125307668454402
"1082",2016,"Feb",-0.001742,-0.004457,237.111,0.0862310619639467,-0.0809892711085689
"1083",2016,"Mar",0.06734,0.065146,238.132,0.0815738050045074,-0.0131602715770729
"1084",2016,"Apr",0.003747,0.002576,239.261,0.0764701866720166,-0.0675570838583514
"1085",2016,"May",0.018487,0.015886,240.229,0.0721325624022635,-0.0500363148024001
"1086",2016,"Jun",0.002675,0.001002,241.018,0.0686228137870755,-0.0617129008816161
"1087",2016,"Jul",0.036571,0.035324,240.628,0.0703547938449947,-0.0315631732947489
"1088",2016,"Aug",0.001247,-0.001396,240.849,0.0693726498068639,-0.0637061830776837
"1089",2016,"Sep",0.000446,-0.001033,241.428,0.0668080476719078,-0.0622061745941358
"1090",2016,"Oct",-0.017958,-0.019206,241.729,0.0654796624870551,-0.0783099531832395
"1091",2016,"Nov",0.03579,0.033007,241.353,0.0671395563068756,-0.0293771851315955
"1092",2016,"Dec",0.0192,0.017569,241.432,0.0667903729966756,-0.0446108009608216
"1093",2017,"Jan",0.019384,0.018311,242.839,0.0606094298417197,-0.0388695675163588
"1094",2017,"Feb",0.039459,0.037052,243.603,0.0572830931200903,-0.0168583922660587
"1095",2017,"Mar",0.001664,5.5e-05,243.801,0.0564244335885963,-0.0518356371241615
"1096",2017,"Apr",0.010591,0.009439,244.524,0.0533008348192135,-0.0405485625828295
"1097",2017,"May",0.014552,0.01192,244.733,0.0524013244365629,-0.0359647252029323
"1098",2017,"Jun",0.005798,0.004364,244.955,0.0514475447871378,-0.043415903164603
"1099",2017,"Jul",0.020696,0.019162,244.786,0.0521734630793156,-0.029916609935393
"1100",2017,"Aug",0.002238,-0.000324,245.519,0.04903218623949,-0.0446070071569826
"1101",2017,"Sep",0.02005,0.018742,246.819,0.043506915323915,-0.0224789265691007
"1102",2017,"Oct",0.024158,0.023006,246.663,0.0441668727508112,-0.0191625239920693
"1103",2017,"Nov",0.031389,0.02886,246.669,0.044141474337405,-0.012213358678715
"1104",2017,"Dec",0.011149,0.009851,246.524,0.044755615409994,-0.0321669631771307
"1105",2018,"Jan",0.05806,0.057018,247.867,0.0390948909428579,0.0182515660720202
"1106",2018,"Feb",-0.037661,-0.039702,248.991,0.0344041886386791,-0.0696683070604344
"1107",2018,"Mar",-0.025459,-0.027092,249.554,0.0320705471895195,-0.0557418747644538
"1108",2018,"Apr",0.00377,0.002656,250.546,0.0279842158060131,-0.0235550463068417
"1109",2018,"May",0.0238,0.021317,251.588,0.02372662183146,7.16775035201067e-05
"1110",2018,"Jun",0.00684,0.005507,251.989,0.0220975254210833,-0.0149276610515201
"1111",2018,"Jul",0.037144,0.03597,252.006,0.0220285760391949,0.0147896294831442
"1112",2018,"Aug",0.032938,0.030647,252.146,0.0214611111551775,0.0112357570146191
"1113",2018,"Sep",0.005138,0.003758,252.439,0.0202755253084245,-0.0148367033540754
"1114",2018,"Oct",-0.068409,-0.069492,252.885,0.0184761189209853,-0.0853089407859997
"1115",2018,"Nov",0.019752,0.017259,252.038,0.0218988141999752,-0.00210080897457143
"1116",2018,"Dec",-0.090646,-0.092188,251.233,0.0251731792134527,-0.11297523341599
"1117",2019,"Jan",0.081409,0.080024,251.712,0.0232223069751675,0.0568661302907312
"1118",2019,"Feb",0.031708,0.029398,252.776,0.0189152978658312,0.0125552164747784
"1119",2019,"Mar",0.019531,0.018007,254.202,0.0131994765317872,0.00624903941905486
"1120",2019,"Apr",0.040629,0.039469,255.548,0.00786284116226055,0.03251053367535
"1121",2019,"May",-0.063187,-0.065503,256.092,0.00572190202479334,-0.068516855291767
"1122",2019,"Jun",0.069561,0.068056,256.143,0.00552165522123731,0.0636876833494675
"1123",2019,"Jul",0.014603,0.013367,256.571,0.00384429001458986,0.010717508773451
"1124",2019,"Aug",-0.016085,-0.018377,256.558,0.00389515561133688,-0.0199026317635428
"1125",2019,"Sep",0.018791,0.017272,256.759,0.00310927108040359,0.0156331213076184
"1126",2019,"Oct",0.021621,0.020441,257.346,0.000821203101401837,0.0207827300562204
"1127",2019,"Nov",0.036206,0.033979,257.208,0.00135817444765845,0.0348005603205499
"1128",2019,"Dec",0.029788,0.028136,256.974,0.00227000915786566,0.0274556662283607
