Series ID,Year,Period,Label,Value
CUUR0000SA0L1E,1957,M01,1957 Jan,28.5
CUUR0000SA0L1E,1957,M02,1957 Feb,28.5
CUUR0000SA0L1E,1957,M03,1957 Mar,28.7
CUUR0000SA0L1E,1957,M04,1957 Apr,28.8
CUUR0000SA0L1E,1957,M05,1957 May,28.8
CUUR0000SA0L1E,1957,M06,1957 Jun,28.9
CUUR0000SA0L1E,1957,M07,1957 Jul,28.9
CUUR0000SA0L1E,1957,M08,1957 Aug,29.0
CUUR0000SA0L1E,1957,M09,1957 Sep,29.1
CUUR0000SA0L1E,1957,M10,1957 Oct,29.2
CUUR0000SA0L1E,1957,M11,1957 Nov,29.4
CUUR0000SA0L1E,1957,M12,1957 Dec,29.4
CUUR0000SA0L1E,1958,M01,1958 Jan,29.4
CUUR0000SA0L1E,1958,M02,1958 Feb,29.4
CUUR0000SA0L1E,1958,M03,1958 Mar,29.5
CUUR0000SA0L1E,1958,M04,1958 Apr,29.5
CUUR0000SA0L1E,1958,M05,1958 May,29.5
CUUR0000SA0L1E,1958,M06,1958 Jun,29.5
CUUR0000SA0L1E,1958,M07,1958 Jul,29.6
CUUR0000SA0L1E,1958,M08,1958 Aug,29.6
CUUR0000SA0L1E,1958,M09,1958 Sep,29.6
CUUR0000SA0L1E,1958,M10,1958 Oct,29.7
CUUR0000SA0L1E,1958,M11,1958 Nov,29.9
CUUR0000SA0L1E,1958,M12,1958 Dec,29.9
CUUR0000SA0L1E,1959,M01,1959 Jan,29.9
CUUR0000SA0L1E,1959,M02,1959 Feb,29.9
CUUR0000SA0L1E,1959,M03,1959 Mar,30.0
CUUR0000SA0L1E,1959,M04,1959 Apr,30.0
CUUR0000SA0L1E,1959,M05,1959 May,30.1
CUUR0000SA0L1E,1959,M06,1959 Jun,30.1
CUUR0000SA0L1E,1959,M07,1959 Jul,30.2
CUUR0000SA0L1E,1959,M08,1959 Aug,30.2
CUUR0000SA0L1E,1959,M09,1959 Sep,30.3
CUUR0000SA0L1E,1959,M10,1959 Oct,30.5
CUUR0000SA0L1E,1959,M11,1959 Nov,30.5
CUUR0000SA0L1E,1959,M12,1959 Dec,30.5
CUUR0000SA0L1E,1960,M01,1960 Jan,30.5
CUUR0000SA0L1E,1960,M02,1960 Feb,30.6
CUUR0000SA0L1E,1960,M03,1960 Mar,30.6
CUUR0000SA0L1E,1960,M04,1960 Apr,30.6
CUUR0000SA0L1E,1960,M05,1960 May,30.6
CUUR0000SA0L1E,1960,M06,1960 Jun,30.6
CUUR0000SA0L1E,1960,M07,1960 Jul,30.6
CUUR0000SA0L1E,1960,M08,1960 Aug,30.6
CUUR0000SA0L1E,1960,M09,1960 Sep,30.6
CUUR0000SA0L1E,1960,M10,1960 Oct,30.8
CUUR0000SA0L1E,1960,M11,1960 Nov,30.8
CUUR0000SA0L1E,1960,M12,1960 Dec,30.8
CUUR0000SA0L1E,1961,M01,1961 Jan,30.8
CUUR0000SA0L1E,1961,M02,1961 Feb,30.8
CUUR0000SA0L1E,1961,M03,1961 Mar,30.8
CUUR0000SA0L1E,1961,M04,1961 Apr,30.9
CUUR0000SA0L1E,1961,M05,1961 May,30.9
CUUR0000SA0L1E,1961,M06,1961 Jun,30.9
CUUR0000SA0L1E,1961,M07,1961 Jul,31.0
CUUR0000SA0L1E,1961,M08,1961 Aug,31.0
CUUR0000SA0L1E,1961,M09,1961 Sep,31.1
CUUR0000SA0L1E,1961,M10,1961 Oct,31.2
CUUR0000SA0L1E,1961,M11,1961 Nov,31.2
CUUR0000SA0L1E,1961,M12,1961 Dec,31.2
CUUR0000SA0L1E,1962,M01,1962 Jan,31.2
CUUR0000SA0L1E,1962,M02,1962 Feb,31.2
CUUR0000SA0L1E,1962,M03,1962 Mar,31.3
CUUR0000SA0L1E,1962,M04,1962 Apr,31.3
CUUR0000SA0L1E,1962,M05,1962 May,31.4
CUUR0000SA0L1E,1962,M06,1962 Jun,31.4
CUUR0000SA0L1E,1962,M07,1962 Jul,31.4
CUUR0000SA0L1E,1962,M08,1962 Aug,31.4
CUUR0000SA0L1E,1962,M09,1962 Sep,31.5
CUUR0000SA0L1E,1962,M10,1962 Oct,31.6
CUUR0000SA0L1E,1962,M11,1962 Nov,31.6
CUUR0000SA0L1E,1962,M12,1962 Dec,31.6
CUUR0000SA0L1E,1963,M01,1963 Jan,31.5
CUUR0000SA0L1E,1963,M02,1963 Feb,31.5
CUUR0000SA0L1E,1963,M03,1963 Mar,31.6
CUUR0000SA0L1E,1963,M04,1963 Apr,31.7
CUUR0000SA0L1E,1963,M05,1963 May,31.7
CUUR0000SA0L1E,1963,M06,1963 Jun,31.8
CUUR0000SA0L1E,1963,M07,1963 Jul,31.8
CUUR0000SA0L1E,1963,M08,1963 Aug,31.9
CUUR0000SA0L1E,1963,M09,1963 Sep,31.9
CUUR0000SA0L1E,1963,M10,1963 Oct,32.0
CUUR0000SA0L1E,1963,M11,1963 Nov,32.1
CUUR0000SA0L1E,1963,M12,1963 Dec,32.1
CUUR0000SA0L1E,1964,M01,1964 Jan,32.1
CUUR0000SA0L1E,1964,M02,1964 Feb,32.1
CUUR0000SA0L1E,1964,M03,1964 Mar,32.2
CUUR0000SA0L1E,1964,M04,1964 Apr,32.2
CUUR0000SA0L1E,1964,M05,1964 May,32.2
CUUR0000SA0L1E,1964,M06,1964 Jun,32.3
CUUR0000SA0L1E,1964,M07,1964 Jul,32.3
CUUR0000SA0L1E,1964,M08,1964 Aug,32.2
CUUR0000SA0L1E,1964,M09,1964 Sep,32.3
CUUR0000SA0L1E,1964,M10,1964 Oct,32.4
CUUR0000SA0L1E,1964,M11,1964 Nov,32.5
CUUR0000SA0L1E,1964,M12,1964 Dec,32.5
CUUR0000SA0L1E,1965,M01,1965 Jan,32.6
CUUR0000SA0L1E,1965,M02,1965 Feb,32.6
CUUR0000SA0L1E,1965,M03,1965 Mar,32.6
CUUR0000SA0L1E,1965,M04,1965 Apr,32.7
CUUR0000SA0L1E,1965,M05,1965 May,32.7
CUUR0000SA0L1E,1965,M06,1965 Jun,32.7
CUUR0000SA0L1E,1965,M07,1965 Jul,32.7
CUUR0000SA0L1E,1965,M08,1965 Aug,32.7
CUUR0000SA0L1E,1965,M09,1965 Sep,32.8
CUUR0000SA0L1E,1965,M10,1965 Oct,32.9
CUUR0000SA0L1E,1965,M11,1965 Nov,32.9
CUUR0000SA0L1E,1965,M12,1965 Dec,33.0
CUUR0000SA0L1E,1966,M01,1966 Jan,32.9
CUUR0000SA0L1E,1966,M02,1966 Feb,33.0
CUUR0000SA0L1E,1966,M03,1966 Mar,33.1
CUUR0000SA0L1E,1966,M04,1966 Apr,33.3
CUUR0000SA0L1E,1966,M05,1966 May,33.4
CUUR0000SA0L1E,1966,M06,1966 Jun,33.5
CUUR0000SA0L1E,1966,M07,1966 Jul,33.6
CUUR0000SA0L1E,1966,M08,1966 Aug,33.7
CUUR0000SA0L1E,1966,M09,1966 Sep,33.8
CUUR0000SA0L1E,1966,M10,1966 Oct,34.0
CUUR0000SA0L1E,1966,M11,1966 Nov,34.1
CUUR0000SA0L1E,1966,M12,1966 Dec,34.1
CUUR0000SA0L1E,1967,M01,1967 Jan,34.1
CUUR0000SA0L1E,1967,M02,1967 Feb,34.2
CUUR0000SA0L1E,1967,M03,1967 Mar,34.3
CUUR0000SA0L1E,1967,M04,1967 Apr,34.4
CUUR0000SA0L1E,1967,M05,1967 May,34.5
CUUR0000SA0L1E,1967,M06,1967 Jun,34.6
CUUR0000SA0L1E,1967,M07,1967 Jul,34.7
CUUR0000SA0L1E,1967,M08,1967 Aug,34.8
CUUR0000SA0L1E,1967,M09,1967 Sep,35.0
CUUR0000SA0L1E,1967,M10,1967 Oct,35.2
CUUR0000SA0L1E,1967,M11,1967 Nov,35.3
CUUR0000SA0L1E,1967,M12,1967 Dec,35.4
CUUR0000SA0L1E,1968,M01,1968 Jan,35.5
CUUR0000SA0L1E,1968,M02,1968 Feb,35.6
CUUR0000SA0L1E,1968,M03,1968 Mar,35.8
CUUR0000SA0L1E,1968,M04,1968 Apr,35.9
CUUR0000SA0L1E,1968,M05,1968 May,36.0
CUUR0000SA0L1E,1968,M06,1968 Jun,36.2
CUUR0000SA0L1E,1968,M07,1968 Jul,36.4
CUUR0000SA0L1E,1968,M08,1968 Aug,36.5
CUUR0000SA0L1E,1968,M09,1968 Sep,36.7
CUUR0000SA0L1E,1968,M10,1968 Oct,36.9
CUUR0000SA0L1E,1968,M11,1968 Nov,37.1
CUUR0000SA0L1E,1968,M12,1968 Dec,37.2
CUUR0000SA0L1E,1969,M01,1969 Jan,37.3
CUUR0000SA0L1E,1969,M02,1969 Feb,37.5
CUUR0000SA0L1E,1969,M03,1969 Mar,37.8
CUUR0000SA0L1E,1969,M04,1969 Apr,38.1
CUUR0000SA0L1E,1969,M05,1969 May,38.2
CUUR0000SA0L1E,1969,M06,1969 Jun,38.3
CUUR0000SA0L1E,1969,M07,1969 Jul,38.5
CUUR0000SA0L1E,1969,M08,1969 Aug,38.6
CUUR0000SA0L1E,1969,M09,1969 Sep,38.9
CUUR0000SA0L1E,1969,M10,1969 Oct,39.1
CUUR0000SA0L1E,1969,M11,1969 Nov,39.3
CUUR0000SA0L1E,1969,M12,1969 Dec,39.5
CUUR0000SA0L1E,1970,M01,1970 Jan,39.6
CUUR0000SA0L1E,1970,M02,1970 Feb,39.8
CUUR0000SA0L1E,1970,M03,1970 Mar,40.1
CUUR0000SA0L1E,1970,M04,1970 Apr,40.3
CUUR0000SA0L1E,1970,M05,1970 May,40.5
CUUR0000SA0L1E,1970,M06,1970 Jun,40.8
CUUR0000SA0L1E,1970,M07,1970 Jul,40.9
CUUR0000SA0L1E,1970,M08,1970 Aug,41.0
CUUR0000SA0L1E,1970,M09,1970 Sep,41.3
CUUR0000SA0L1E,1970,M10,1970 Oct,41.6
CUUR0000SA0L1E,1970,M11,1970 Nov,41.9
CUUR0000SA0L1E,1970,M12,1970 Dec,42.1
CUUR0000SA0L1E,1971,M01,1971 Jan,42.1
CUUR0000SA0L1E,1971,M02,1971 Feb,42.1
CUUR0000SA0L1E,1971,M03,1971 Mar,42.2
CUUR0000SA0L1E,1971,M04,1971 Apr,42.3
CUUR0000SA0L1E,1971,M05,1971 May,42.6
CUUR0000SA0L1E,1971,M06,1971 Jun,42.8
CUUR0000SA0L1E,1971,M07,1971 Jul,42.9
CUUR0000SA0L1E,1971,M08,1971 Aug,42.9
CUUR0000SA0L1E,1971,M09,1971 Sep,43.1
CUUR0000SA0L1E,1971,M10,1971 Oct,43.2
CUUR0000SA0L1E,1971,M11,1971 Nov,43.3
CUUR0000SA0L1E,1971,M12,1971 Dec,43.4
CUUR0000SA0L1E,1972,M01,1972 Jan,43.4
CUUR0000SA0L1E,1972,M02,1972 Feb,43.5
CUUR0000SA0L1E,1972,M03,1972 Mar,43.6
CUUR0000SA0L1E,1972,M04,1972 Apr,43.7
CUUR0000SA0L1E,1972,M05,1972 May,43.9
CUUR0000SA0L1E,1972,M06,1972 Jun,44.0
CUUR0000SA0L1E,1972,M07,1972 Jul,44.1
CUUR0000SA0L1E,1972,M08,1972 Aug,44.3
CUUR0000SA0L1E,1972,M09,1972 Sep,44.3
CUUR0000SA0L1E,1972,M10,1972 Oct,44.5
CUUR0000SA0L1E,1972,M11,1972 Nov,44.6
CUUR0000SA0L1E,1972,M12,1972 Dec,44.7
CUUR0000SA0L1E,1973,M01,1973 Jan,44.6
CUUR0000SA0L1E,1973,M02,1973 Feb,44.7
CUUR0000SA0L1E,1973,M03,1973 Mar,44.9
CUUR0000SA0L1E,1973,M04,1973 Apr,45.1
CUUR0000SA0L1E,1973,M05,1973 May,45.3
CUUR0000SA0L1E,1973,M06,1973 Jun,45.4
CUUR0000SA0L1E,1973,M07,1973 Jul,45.5
CUUR0000SA0L1E,1973,M08,1973 Aug,45.7
CUUR0000SA0L1E,1973,M09,1973 Sep,46.0
CUUR0000SA0L1E,1973,M10,1973 Oct,46.4
CUUR0000SA0L1E,1973,M11,1973 Nov,46.6
CUUR0000SA0L1E,1973,M12,1973 Dec,46.8
CUUR0000SA0L1E,1974,M01,1974 Jan,46.8
CUUR0000SA0L1E,1974,M02,1974 Feb,47.1
CUUR0000SA0L1E,1974,M03,1974 Mar,47.5
CUUR0000SA0L1E,1974,M04,1974 Apr,47.9
CUUR0000SA0L1E,1974,M05,1974 May,48.4
CUUR0000SA0L1E,1974,M06,1974 Jun,49.0
CUUR0000SA0L1E,1974,M07,1974 Jul,49.5
CUUR0000SA0L1E,1974,M08,1974 Aug,50.1
CUUR0000SA0L1E,1974,M09,1974 Sep,50.7
CUUR0000SA0L1E,1974,M10,1974 Oct,51.3
CUUR0000SA0L1E,1974,M11,1974 Nov,51.8
CUUR0000SA0L1E,1974,M12,1974 Dec,52.0
CUUR0000SA0L1E,1975,M01,1975 Jan,52.2
CUUR0000SA0L1E,1975,M02,1975 Feb,52.6
CUUR0000SA0L1E,1975,M03,1975 Mar,52.9
CUUR0000SA0L1E,1975,M04,1975 Apr,53.3
CUUR0000SA0L1E,1975,M05,1975 May,53.5
CUUR0000SA0L1E,1975,M06,1975 Jun,53.7
CUUR0000SA0L1E,1975,M07,1975 Jul,54.0
CUUR0000SA0L1E,1975,M08,1975 Aug,54.2
CUUR0000SA0L1E,1975,M09,1975 Sep,54.6
CUUR0000SA0L1E,1975,M10,1975 Oct,54.9
CUUR0000SA0L1E,1975,M11,1975 Nov,55.3
CUUR0000SA0L1E,1975,M12,1975 Dec,55.5
CUUR0000SA0L1E,1976,M01,1976 Jan,55.7
CUUR0000SA0L1E,1976,M02,1976 Feb,56.0
CUUR0000SA0L1E,1976,M03,1976 Mar,56.4
CUUR0000SA0L1E,1976,M04,1976 Apr,56.7
CUUR0000SA0L1E,1976,M05,1976 May,57.0
CUUR0000SA0L1E,1976,M06,1976 Jun,57.2
CUUR0000SA0L1E,1976,M07,1976 Jul,57.6
CUUR0000SA0L1E,1976,M08,1976 Aug,57.9
CUUR0000SA0L1E,1976,M09,1976 Sep,58.3
CUUR0000SA0L1E,1976,M10,1976 Oct,58.6
CUUR0000SA0L1E,1976,M11,1976 Nov,58.9
CUUR0000SA0L1E,1976,M12,1976 Dec,58.9
CUUR0000SA0L1E,1977,M01,1977 Jan,59.2
CUUR0000SA0L1E,1977,M02,1977 Feb,59.5
CUUR0000SA0L1E,1977,M03,1977 Mar,59.9
CUUR0000SA0L1E,1977,M04,1977 Apr,60.3
CUUR0000SA0L1E,1977,M05,1977 May,60.6
CUUR0000SA0L1E,1977,M06,1977 Jun,61.0
CUUR0000SA0L1E,1977,M07,1977 Jul,61.2
CUUR0000SA0L1E,1977,M08,1977 Aug,61.5
CUUR0000SA0L1E,1977,M09,1977 Sep,61.9
CUUR0000SA0L1E,1977,M10,1977 Oct,62.1
CUUR0000SA0L1E,1977,M11,1977 Nov,62.4
CUUR0000SA0L1E,1977,M12,1977 Dec,62.7
CUUR0000SA0L1E,1978,M01,1978 Jan,63.0
CUUR0000SA0L1E,1978,M02,1978 Feb,63.2
CUUR0000SA0L1E,1978,M03,1978 Mar,63.7
CUUR0000SA0L1E,1978,M04,1978 Apr,64.2
CUUR0000SA0L1E,1978,M05,1978 May,64.7
CUUR0000SA0L1E,1978,M06,1978 Jun,65.3
CUUR0000SA0L1E,1978,M07,1978 Jul,65.7
CUUR0000SA0L1E,1978,M08,1978 Aug,66.1
CUUR0000SA0L1E,1978,M09,1978 Sep,66.8
CUUR0000SA0L1E,1978,M10,1978 Oct,67.3
CUUR0000SA0L1E,1978,M11,1978 Nov,67.8
CUUR0000SA0L1E,1978,M12,1978 Dec,68.0
CUUR0000SA0L1E,1979,M01,1979 Jan,68.4
CUUR0000SA0L1E,1979,M02,1979 Feb,69.0
CUUR0000SA0L1E,1979,M03,1979 Mar,69.6
CUUR0000SA0L1E,1979,M04,1979 Apr,70.2
CUUR0000SA0L1E,1979,M05,1979 May,70.8
CUUR0000SA0L1E,1979,M06,1979 Jun,71.4
CUUR0000SA0L1E,1979,M07,1979 Jul,72.0
CUUR0000SA0L1E,1979,M08,1979 Aug,72.7
CUUR0000SA0L1E,1979,M09,1979 Sep,73.4
CUUR0000SA0L1E,1979,M10,1979 Oct,74.1
CUUR0000SA0L1E,1979,M11,1979 Nov,75.0
CUUR0000SA0L1E,1979,M12,1979 Dec,75.7
CUUR0000SA0L1E,1980,M01,1980 Jan,76.6
CUUR0000SA0L1E,1980,M02,1980 Feb,77.3
CUUR0000SA0L1E,1980,M03,1980 Mar,78.3
CUUR0000SA0L1E,1980,M04,1980 Apr,79.3
CUUR0000SA0L1E,1980,M05,1980 May,80.2
CUUR0000SA0L1E,1980,M06,1980 Jun,81.1
CUUR0000SA0L1E,1980,M07,1980 Jul,80.9
CUUR0000SA0L1E,1980,M08,1980 Aug,81.3
CUUR0000SA0L1E,1980,M09,1980 Sep,82.2
CUUR0000SA0L1E,1980,M10,1980 Oct,83.2
CUUR0000SA0L1E,1980,M11,1980 Nov,84.1
CUUR0000SA0L1E,1980,M12,1980 Dec,84.9
CUUR0000SA0L1E,1981,M01,1981 Jan,85.3
CUUR0000SA0L1E,1981,M02,1981 Feb,85.7
CUUR0000SA0L1E,1981,M03,1981 Mar,86.1
CUUR0000SA0L1E,1981,M04,1981 Apr,86.8
CUUR0000SA0L1E,1981,M05,1981 May,87.8
CUUR0000SA0L1E,1981,M06,1981 Jun,88.7
CUUR0000SA0L1E,1981,M07,1981 Jul,89.9
CUUR0000SA0L1E,1981,M08,1981 Aug,90.7
CUUR0000SA0L1E,1981,M09,1981 Sep,91.9
CUUR0000SA0L1E,1981,M10,1981 Oct,92.3
CUUR0000SA0L1E,1981,M11,1981 Nov,92.7
CUUR0000SA0L1E,1981,M12,1981 Dec,93.0
CUUR0000SA0L1E,1982,M01,1982 Jan,93.2
CUUR0000SA0L1E,1982,M02,1982 Feb,93.5
CUUR0000SA0L1E,1982,M03,1982 Mar,93.7
CUUR0000SA0L1E,1982,M04,1982 Apr,94.5
CUUR0000SA0L1E,1982,M05,1982 May,95.4
CUUR0000SA0L1E,1982,M06,1982 Jun,96.3
CUUR0000SA0L1E,1982,M07,1982 Jul,96.7
CUUR0000SA0L1E,1982,M08,1982 Aug,97.1
CUUR0000SA0L1E,1982,M09,1982 Sep,97.3
CUUR0000SA0L1E,1982,M10,1982 Oct,97.7
CUUR0000SA0L1E,1982,M11,1982 Nov,97.6
CUUR0000SA0L1E,1982,M12,1982 Dec,97.2
CUUR0000SA0L1E,1983,M01,1983 Jan,97.6
CUUR0000SA0L1E,1983,M02,1983 Feb,97.9
CUUR0000SA0L1E,1983,M03,1983 Mar,98.1
CUUR0000SA0L1E,1983,M04,1983 Apr,98.6
CUUR0000SA0L1E,1983,M05,1983 May,98.8
CUUR0000SA0L1E,1983,M06,1983 Jun,99.1
CUUR0000SA0L1E,1983,M07,1983 Jul,99.6
CUUR0000SA0L1E,1983,M08,1983 Aug,100.0
CUUR0000SA0L1E,1983,M09,1983 Sep,100.7
CUUR0000SA0L1E,1983,M10,1983 Oct,101.3
CUUR0000SA0L1E,1983,M11,1983 Nov,101.8
CUUR0000SA0L1E,1983,M12,1983 Dec,101.9
CUUR0000SA0L1E,1984,M01,1984 Jan,102.3
CUUR0000SA0L1E,1984,M02,1984 Feb,102.6
CUUR0000SA0L1E,1984,M03,1984 Mar,103.0
CUUR0000SA0L1E,1984,M04,1984 Apr,103.5
CUUR0000SA0L1E,1984,M05,1984 May,103.9
CUUR0000SA0L1E,1984,M06,1984 Jun,104.2
CUUR0000SA0L1E,1984,M07,1984 Jul,104.6
CUUR0000SA0L1E,1984,M08,1984 Aug,105.1
CUUR0000SA0L1E,1984,M09,1984 Sep,105.8
CUUR0000SA0L1E,1984,M10,1984 Oct,106.3
CUUR0000SA0L1E,1984,M11,1984 Nov,106.5
CUUR0000SA0L1E,1984,M12,1984 Dec,106.7
CUUR0000SA0L1E,1985,M01,1985 Jan,106.9
CUUR0000SA0L1E,1985,M02,1985 Feb,107.4
CUUR0000SA0L1E,1985,M03,1985 Mar,107.9
CUUR0000SA0L1E,1985,M04,1985 Apr,108.2
CUUR0000SA0L1E,1985,M05,1985 May,108.6
CUUR0000SA0L1E,1985,M06,1985 Jun,108.8
CUUR0000SA0L1E,1985,M07,1985 Jul,109.0
CUUR0000SA0L1E,1985,M08,1985 Aug,109.4
CUUR0000SA0L1E,1985,M09,1985 Sep,110.0
CUUR0000SA0L1E,1985,M10,1985 Oct,110.7
CUUR0000SA0L1E,1985,M11,1985 Nov,111.2
CUUR0000SA0L1E,1985,M12,1985 Dec,111.3
CUUR0000SA0L1E,1986,M01,1986 Jan,111.6
CUUR0000SA0L1E,1986,M02,1986 Feb,111.9
CUUR0000SA0L1E,1986,M03,1986 Mar,112.3
CUUR0000SA0L1E,1986,M04,1986 Apr,112.7
CUUR0000SA0L1E,1986,M05,1986 May,112.9
CUUR0000SA0L1E,1986,M06,1986 Jun,113.1
CUUR0000SA0L1E,1986,M07,1986 Jul,113.5
CUUR0000SA0L1E,1986,M08,1986 Aug,113.8
CUUR0000SA0L1E,1986,M09,1986 Sep,114.5
CUUR0000SA0L1E,1986,M10,1986 Oct,115.1
CUUR0000SA0L1E,1986,M11,1986 Nov,115.4
CUUR0000SA0L1E,1986,M12,1986 Dec,115.5
CUUR0000SA0L1E,1987,M01,1987 Jan,115.8
CUUR0000SA0L1E,1987,M02,1987 Feb,116.1
CUUR0000SA0L1E,1987,M03,1987 Mar,116.8
CUUR0000SA0L1E,1987,M04,1987 Apr,117.4
CUUR0000SA0L1E,1987,M05,1987 May,117.6
CUUR0000SA0L1E,1987,M06,1987 Jun,117.7
CUUR0000SA0L1E,1987,M07,1987 Jul,118.0
CUUR0000SA0L1E,1987,M08,1987 Aug,118.6
CUUR0000SA0L1E,1987,M09,1987 Sep,119.4
CUUR0000SA0L1E,1987,M10,1987 Oct,120.1
CUUR0000SA0L1E,1987,M11,1987 Nov,120.5
CUUR0000SA0L1E,1987,M12,1987 Dec,120.4
CUUR0000SA0L1E,1988,M01,1988 Jan,120.8
CUUR0000SA0L1E,1988,M02,1988 Feb,121.1
CUUR0000SA0L1E,1988,M03,1988 Mar,121.9
CUUR0000SA0L1E,1988,M04,1988 Apr,122.4
CUUR0000SA0L1E,1988,M05,1988 May,122.7
CUUR0000SA0L1E,1988,M06,1988 Jun,123.0
CUUR0000SA0L1E,1988,M07,1988 Jul,123.3
CUUR0000SA0L1E,1988,M08,1988 Aug,123.8
CUUR0000SA0L1E,1988,M09,1988 Sep,124.7
CUUR0000SA0L1E,1988,M10,1988 Oct,125.5
CUUR0000SA0L1E,1988,M11,1988 Nov,125.8
CUUR0000SA0L1E,1988,M12,1988 Dec,126.0
CUUR0000SA0L1E,1989,M01,1989 Jan,126.4
CUUR0000SA0L1E,1989,M02,1989 Feb,126.9
CUUR0000SA0L1E,1989,M03,1989 Mar,127.6
CUUR0000SA0L1E,1989,M04,1989 Apr,128.0
CUUR0000SA0L1E,1989,M05,1989 May,128.3
CUUR0000SA0L1E,1989,M06,1989 Jun,128.5
CUUR0000SA0L1E,1989,M07,1989 Jul,129.0
CUUR0000SA0L1E,1989,M08,1989 Aug,129.3
CUUR0000SA0L1E,1989,M09,1989 Sep,130.0
CUUR0000SA0L1E,1989,M10,1989 Oct,130.9
CUUR0000SA0L1E,1989,M11,1989 Nov,131.3
CUUR0000SA0L1E,1989,M12,1989 Dec,131.5
CUUR0000SA0L1E,1990,M01,1990 Jan,132.0
CUUR0000SA0L1E,1990,M02,1990 Feb,132.8
CUUR0000SA0L1E,1990,M03,1990 Mar,133.9
CUUR0000SA0L1E,1990,M04,1990 Apr,134.2
CUUR0000SA0L1E,1990,M05,1990 May,134.4
CUUR0000SA0L1E,1990,M06,1990 Jun,134.8
CUUR0000SA0L1E,1990,M07,1990 Jul,135.5
CUUR0000SA0L1E,1990,M08,1990 Aug,136.4
CUUR0000SA0L1E,1990,M09,1990 Sep,137.2
CUUR0000SA0L1E,1990,M10,1990 Oct,137.8
CUUR0000SA0L1E,1990,M11,1990 Nov,138.2
CUUR0000SA0L1E,1990,M12,1990 Dec,138.3
CUUR0000SA0L1E,1991,M01,1991 Jan,139.4
CUUR0000SA0L1E,1991,M02,1991 Feb,140.3
CUUR0000SA0L1E,1991,M03,1991 Mar,140.9
CUUR0000SA0L1E,1991,M04,1991 Apr,141.1
CUUR0000SA0L1E,1991,M05,1991 May,141.3
CUUR0000SA0L1E,1991,M06,1991 Jun,141.5
CUUR0000SA0L1E,1991,M07,1991 Jul,142.0
CUUR0000SA0L1E,1991,M08,1991 Aug,142.7
CUUR0000SA0L1E,1991,M09,1991 Sep,143.4
CUUR0000SA0L1E,1991,M10,1991 Oct,143.9
CUUR0000SA0L1E,1991,M11,1991 Nov,144.4
CUUR0000SA0L1E,1991,M12,1991 Dec,144.4
CUUR0000SA0L1E,1992,M01,1992 Jan,144.9
CUUR0000SA0L1E,1992,M02,1992 Feb,145.6
CUUR0000SA0L1E,1992,M03,1992 Mar,146.4
CUUR0000SA0L1E,1992,M04,1992 Apr,146.6
CUUR0000SA0L1E,1992,M05,1992 May,146.7
CUUR0000SA0L1E,1992,M06,1992 Jun,146.9
CUUR0000SA0L1E,1992,M07,1992 Jul,147.3
CUUR0000SA0L1E,1992,M08,1992 Aug,147.7
CUUR0000SA0L1E,1992,M09,1992 Sep,148.1
CUUR0000SA0L1E,1992,M10,1992 Oct,149.0
CUUR0000SA0L1E,1992,M11,1992 Nov,149.3
CUUR0000SA0L1E,1992,M12,1992 Dec,149.2
CUUR0000SA0L1E,1993,M01,1993 Jan,149.9
CUUR0000SA0L1E,1993,M02,1993 Feb,150.8
CUUR0000SA0L1E,1993,M03,1993 Mar,151.4
CUUR0000SA0L1E,1993,M04,1993 Apr,151.7
CUUR0000SA0L1E,1993,M05,1993 May,151.7
CUUR0000SA0L1E,1993,M06,1993 Jun,151.8
CUUR0000SA0L1E,1993,M07,1993 Jul,152.0
CUUR0000SA0L1E,1993,M08,1993 Aug,152.6
CUUR0000SA0L1E,1993,M09,1993 Sep,152.9
CUUR0000SA0L1E,1993,M10,1993 Oct,153.5
CUUR0000SA0L1E,1993,M11,1993 Nov,153.9
CUUR0000SA0L1E,1993,M12,1993 Dec,153.9
CUUR0000SA0L1E,1994,M01,1994 Jan,154.3
CUUR0000SA0L1E,1994,M02,1994 Feb,155.0
CUUR0000SA0L1E,1994,M03,1994 Mar,155.8
CUUR0000SA0L1E,1994,M04,1994 Apr,155.9
CUUR0000SA0L1E,1994,M05,1994 May,156.0
CUUR0000SA0L1E,1994,M06,1994 Jun,156.2
CUUR0000SA0L1E,1994,M07,1994 Jul,156.4
CUUR0000SA0L1E,1994,M08,1994 Aug,157.0
CUUR0000SA0L1E,1994,M09,1994 Sep,157.5
CUUR0000SA0L1E,1994,M10,1994 Oct,158.0
CUUR0000SA0L1E,1994,M11,1994 Nov,158.2
CUUR0000SA0L1E,1994,M12,1994 Dec,157.9
CUUR0000SA0L1E,1995,M01,1995 Jan,158.7
CUUR0000SA0L1E,1995,M02,1995 Feb,159.6
CUUR0000SA0L1E,1995,M03,1995 Mar,160.4
CUUR0000SA0L1E,1995,M04,1995 Apr,160.7
CUUR0000SA0L1E,1995,M05,1995 May,160.8
CUUR0000SA0L1E,1995,M06,1995 Jun,160.9
CUUR0000SA0L1E,1995,M07,1995 Jul,161.1
CUUR0000SA0L1E,1995,M08,1995 Aug,161.6
CUUR0000SA0L1E,1995,M09,1995 Sep,162.1
CUUR0000SA0L1E,1995,M10,1995 Oct,162.8
CUUR0000SA0L1E,1995,M11,1995 Nov,163.0
CUUR0000SA0L1E,1995,M12,1995 Dec,162.7
CUUR0000SA0L1E,1996,M01,1996 Jan,163.4
CUUR0000SA0L1E,1996,M02,1996 Feb,164.2
CUUR0000SA0L1E,1996,M03,1996 Mar,164.9
CUUR0000SA0L1E,1996,M04,1996 Apr,165.0
CUUR0000SA0L1E,1996,M05,1996 May,165.1
CUUR0000SA0L1E,1996,M06,1996 Jun,165.2
CUUR0000SA0L1E,1996,M07,1996 Jul,165.5
CUUR0000SA0L1E,1996,M08,1996 Aug,165.8
CUUR0000SA0L1E,1996,M09,1996 Sep,166.4
CUUR0000SA0L1E,1996,M10,1996 Oct,167.0
CUUR0000SA0L1E,1996,M11,1996 Nov,167.2
CUUR0000SA0L1E,1996,M12,1996 Dec,167.0
CUUR0000SA0L1E,1997,M01,1997 Jan,167.5
CUUR0000SA0L1E,1997,M02,1997 Feb,168.3
CUUR0000SA0L1E,1997,M03,1997 Mar,169.0
CUUR0000SA0L1E,1997,M04,1997 Apr,169.4
CUUR0000SA0L1E,1997,M05,1997 May,169.3
CUUR0000SA0L1E,1997,M06,1997 Jun,169.2
CUUR0000SA0L1E,1997,M07,1997 Jul,169.5
CUUR0000SA0L1E,1997,M08,1997 Aug,169.6
CUUR0000SA0L1E,1997,M09,1997 Sep,170.0
CUUR0000SA0L1E,1997,M10,1997 Oct,170.8
CUUR0000SA0L1E,1997,M11,1997 Nov,170.8
CUUR0000SA0L1E,1997,M12,1997 Dec,170.7
CUUR0000SA0L1E,1998,M01,1998 Jan,171.2
CUUR0000SA0L1E,1998,M02,1998 Feb,172.1
CUUR0000SA0L1E,1998,M03,1998 Mar,172.6
CUUR0000SA0L1E,1998,M04,1998 Apr,173.0
CUUR0000SA0L1E,1998,M05,1998 May,173.1
CUUR0000SA0L1E,1998,M06,1998 Jun,173.0
CUUR0000SA0L1E,1998,M07,1998 Jul,173.3
CUUR0000SA0L1E,1998,M08,1998 Aug,173.8
CUUR0000SA0L1E,1998,M09,1998 Sep,174.2
CUUR0000SA0L1E,1998,M10,1998 Oct,174.7
CUUR0000SA0L1E,1998,M11,1998 Nov,174.8
CUUR0000SA0L1E,1998,M12,1998 Dec,174.8
CUUR0000SA0L1E,1999,M01,1999 Jan,175.3
CUUR0000SA0L1E,1999,M02,1999 Feb,175.7
CUUR0000SA0L1E,1999,M03,1999 Mar,176.2
CUUR0000SA0L1E,1999,M04,1999 Apr,176.8
CUUR0000SA0L1E,1999,M05,1999 May,176.6
CUUR0000SA0L1E,1999,M06,1999 Jun,176.6
CUUR0000SA0L1E,1999,M07,1999 Jul,176.9
CUUR0000SA0L1E,1999,M08,1999 Aug,177.1
CUUR0000SA0L1E,1999,M09,1999 Sep,177.7
CUUR0000SA0L1E,1999,M10,1999 Oct,178.3
CUUR0000SA0L1E,1999,M11,1999 Nov,178.4
CUUR0000SA0L1E,1999,M12,1999 Dec,178.2
CUUR0000SA0L1E,2000,M01,2000 Jan,178.8
CUUR0000SA0L1E,2000,M02,2000 Feb,179.5
CUUR0000SA0L1E,2000,M03,2000 Mar,180.5
CUUR0000SA0L1E,2000,M04,2000 Apr,180.9
CUUR0000SA0L1E,2000,M05,2000 May,180.9
CUUR0000SA0L1E,2000,M06,2000 Jun,181.0
CUUR0000SA0L1E,2000,M07,2000 Jul,181.3
CUUR0000SA0L1E,2000,M08,2000 Aug,181.7
CUUR0000SA0L1E,2000,M09,2000 Sep,182.3
CUUR0000SA0L1E,2000,M10,2000 Oct,182.8
CUUR0000SA0L1E,2000,M11,2000 Nov,183.0
CUUR0000SA0L1E,2000,M12,2000 Dec,182.8
CUUR0000SA0L1E,2001,M01,2001 Jan,183.5
CUUR0000SA0L1E,2001,M02,2001 Feb,184.4
CUUR0000SA0L1E,2001,M03,2001 Mar,185.3
CUUR0000SA0L1E,2001,M04,2001 Apr,185.6
CUUR0000SA0L1E,2001,M05,2001 May,185.5
CUUR0000SA0L1E,2001,M06,2001 Jun,185.9
CUUR0000SA0L1E,2001,M07,2001 Jul,186.2
CUUR0000SA0L1E,2001,M08,2001 Aug,186.6
CUUR0000SA0L1E,2001,M09,2001 Sep,187.1
CUUR0000SA0L1E,2001,M10,2001 Oct,187.6
CUUR0000SA0L1E,2001,M11,2001 Nov,188.1
CUUR0000SA0L1E,2001,M12,2001 Dec,187.8
CUUR0000SA0L1E,2002,M01,2002 Jan,188.2
CUUR0000SA0L1E,2002,M02,2002 Feb,189.2
CUUR0000SA0L1E,2002,M03,2002 Mar,189.8
CUUR0000SA0L1E,2002,M04,2002 Apr,190.3
CUUR0000SA0L1E,2002,M05,2002 May,190.2
CUUR0000SA0L1E,2002,M06,2002 Jun,190.1
CUUR0000SA0L1E,2002,M07,2002 Jul,190.3
CUUR0000SA0L1E,2002,M08,2002 Aug,191.0
CUUR0000SA0L1E,2002,M09,2002 Sep,191.3
CUUR0000SA0L1E,2002,M10,2002 Oct,191.8
CUUR0000SA0L1E,2002,M11,2002 Nov,191.8
CUUR0000SA0L1E,2002,M12,2002 Dec,191.4
CUUR0000SA0L1E,2003,M01,2003 Jan,191.8
CUUR0000SA0L1E,2003,M02,2003 Feb,192.5
CUUR0000SA0L1E,2003,M03,2003 Mar,193.0
CUUR0000SA0L1E,2003,M04,2003 Apr,193.1
CUUR0000SA0L1E,2003,M05,2003 May,193.2
CUUR0000SA0L1E,2003,M06,2003 Jun,193.0
CUUR0000SA0L1E,2003,M07,2003 Jul,193.2
CUUR0000SA0L1E,2003,M08,2003 Aug,193.5
CUUR0000SA0L1E,2003,M09,2003 Sep,193.6
CUUR0000SA0L1E,2003,M10,2003 Oct,194.3
CUUR0000SA0L1E,2003,M11,2003 Nov,193.9
CUUR0000SA0L1E,2003,M12,2003 Dec,193.6
CUUR0000SA0L1E,2004,M01,2004 Jan,194.0
CUUR0000SA0L1E,2004,M02,2004 Feb,194.9
CUUR0000SA0L1E,2004,M03,2004 Mar,196.1
CUUR0000SA0L1E,2004,M04,2004 Apr,196.5
CUUR0000SA0L1E,2004,M05,2004 May,196.5
CUUR0000SA0L1E,2004,M06,2004 Jun,196.6
CUUR0000SA0L1E,2004,M07,2004 Jul,196.6
CUUR0000SA0L1E,2004,M08,2004 Aug,196.8
CUUR0000SA0L1E,2004,M09,2004 Sep,197.4
CUUR0000SA0L1E,2004,M10,2004 Oct,198.2
CUUR0000SA0L1E,2004,M11,2004 Nov,198.1
CUUR0000SA0L1E,2004,M12,2004 Dec,197.8
CUUR0000SA0L1E,2005,M01,2005 Jan,198.4
CUUR0000SA0L1E,2005,M02,2005 Feb,199.5
CUUR0000SA0L1E,2005,M03,2005 Mar,200.7
CUUR0000SA0L1E,2005,M04,2005 Apr,200.9
CUUR0000SA0L1E,2005,M05,2005 May,200.8
CUUR0000SA0L1E,2005,M06,2005 Jun,200.6
CUUR0000SA0L1E,2005,M07,2005 Jul,200.8
CUUR0000SA0L1E,2005,M08,2005 Aug,201.0
CUUR0000SA0L1E,2005,M09,2005 Sep,201.3
CUUR0000SA0L1E,2005,M10,2005 Oct,202.3
CUUR0000SA0L1E,2005,M11,2005 Nov,202.3
CUUR0000SA0L1E,2005,M12,2005 Dec,202.1
CUUR0000SA0L1E,2006,M01,2006 Jan,202.6
CUUR0000SA0L1E,2006,M02,2006 Feb,203.6
CUUR0000SA0L1E,2006,M03,2006 Mar,204.9
CUUR0000SA0L1E,2006,M04,2006 Apr,205.5
CUUR0000SA0L1E,2006,M05,2006 May,205.7
CUUR0000SA0L1E,2006,M06,2006 Jun,205.9
CUUR0000SA0L1E,2006,M07,2006 Jul,206.2
CUUR0000SA0L1E,2006,M08,2006 Aug,206.7
CUUR0000SA0L1E,2006,M09,2006 Sep,207.2
CUUR0000SA0L1E,2006,M10,2006 Oct,207.8
CUUR0000SA0L1E,2006,M11,2006 Nov,207.6
CUUR0000SA0L1E,2006,M12,2006 Dec,207.3
CUUR0000SA0L1E,2007,M01,2007 Jan,208.009
CUUR0000SA0L1E,2007,M02,2007 Feb,209.112
CUUR0000SA0L1E,2007,M03,2007 Mar,209.923
CUUR0000SA0L1E,2007,M04,2007 Apr,210.311
CUUR0000SA0L1E,2007,M05,2007 May,210.316
CUUR0000SA0L1E,2007,M06,2007 Jun,210.474
CUUR0000SA0L1E,2007,M07,2007 Jul,210.756
CUUR0000SA0L1E,2007,M08,2007 Aug,211.111
CUUR0000SA0L1E,2007,M09,2007 Sep,211.628
CUUR0000SA0L1E,2007,M10,2007 Oct,212.318
CUUR0000SA0L1E,2007,M11,2007 Nov,212.435
CUUR0000SA0L1E,2007,M12,2007 Dec,212.356
CUUR0000SA0L1E,2008,M01,2008 Jan,213.138
CUUR0000SA0L1E,2008,M02,2008 Feb,213.866
CUUR0000SA0L1E,2008,M03,2008 Mar,214.866
CUUR0000SA0L1E,2008,M04,2008 Apr,215.059
CUUR0000SA0L1E,2008,M05,2008 May,215.180
CUUR0000SA0L1E,2008,M06,2008 Jun,215.553
CUUR0000SA0L1E,2008,M07,2008 Jul,216.045
CUUR0000SA0L1E,2008,M08,2008 Aug,216.476
CUUR0000SA0L1E,2008,M09,2008 Sep,216.862
CUUR0000SA0L1E,2008,M10,2008 Oct,217.023
CUUR0000SA0L1E,2008,M11,2008 Nov,216.690
CUUR0000SA0L1E,2008,M12,2008 Dec,216.100
CUUR0000SA0L1E,2009,M01,2009 Jan,216.719
CUUR0000SA0L1E,2009,M02,2009 Feb,217.685
CUUR0000SA0L1E,2009,M03,2009 Mar,218.639
CUUR0000SA0L1E,2009,M04,2009 Apr,219.143
CUUR0000SA0L1E,2009,M05,2009 May,219.128
CUUR0000SA0L1E,2009,M06,2009 Jun,219.283
CUUR0000SA0L1E,2009,M07,2009 Jul,219.350
CUUR0000SA0L1E,2009,M08,2009 Aug,219.596
CUUR0000SA0L1E,2009,M09,2009 Sep,220.137
CUUR0000SA0L1E,2009,M10,2009 Oct,220.731
CUUR0000SA0L1E,2009,M11,2009 Nov,220.384
CUUR0000SA0L1E,2009,M12,2009 Dec,220.025
CUUR0000SA0L1E,2010,M01,2010 Jan,220.086
CUUR0000SA0L1E,2010,M02,2010 Feb,220.602
CUUR0000SA0L1E,2010,M03,2010 Mar,221.059
CUUR0000SA0L1E,2010,M04,2010 Apr,221.166
CUUR0000SA0L1E,2010,M05,2010 May,221.193
CUUR0000SA0L1E,2010,M06,2010 Jun,221.265
CUUR0000SA0L1E,2010,M07,2010 Jul,221.258
CUUR0000SA0L1E,2010,M08,2010 Aug,221.551
CUUR0000SA0L1E,2010,M09,2010 Sep,221.907
CUUR0000SA0L1E,2010,M10,2010 Oct,222.079
CUUR0000SA0L1E,2010,M11,2010 Nov,222.077
CUUR0000SA0L1E,2010,M12,2010 Dec,221.795
CUUR0000SA0L1E,2011,M01,2011 Jan,222.177
CUUR0000SA0L1E,2011,M02,2011 Feb,223.011
CUUR0000SA0L1E,2011,M03,2011 Mar,223.690
CUUR0000SA0L1E,2011,M04,2011 Apr,224.118
CUUR0000SA0L1E,2011,M05,2011 May,224.534
CUUR0000SA0L1E,2011,M06,2011 Jun,224.891
CUUR0000SA0L1E,2011,M07,2011 Jul,225.164
CUUR0000SA0L1E,2011,M08,2011 Aug,225.874
CUUR0000SA0L1E,2011,M09,2011 Sep,226.289
CUUR0000SA0L1E,2011,M10,2011 Oct,226.743
CUUR0000SA0L1E,2011,M11,2011 Nov,226.859
CUUR0000SA0L1E,2011,M12,2011 Dec,226.740
CUUR0000SA0L1E,2012,M01,2012 Jan,227.237
CUUR0000SA0L1E,2012,M02,2012 Feb,227.865
CUUR0000SA0L1E,2012,M03,2012 Mar,228.735
CUUR0000SA0L1E,2012,M04,2012 Apr,229.303
CUUR0000SA0L1E,2012,M05,2012 May,229.602
CUUR0000SA0L1E,2012,M06,2012 Jun,229.879
CUUR0000SA0L1E,2012,M07,2012 Jul,229.893
CUUR0000SA0L1E,2012,M08,2012 Aug,230.196
CUUR0000SA0L1E,2012,M09,2012 Sep,230.780
CUUR0000SA0L1E,2012,M10,2012 Oct,231.276
CUUR0000SA0L1E,2012,M11,2012 Nov,231.263
CUUR0000SA0L1E,2012,M12,2012 Dec,231.033
CUUR0000SA0L1E,2013,M01,2013 Jan,231.612
CUUR0000SA0L1E,2013,M02,2013 Feb,232.432
CUUR0000SA0L1E,2013,M03,2013 Mar,233.052
CUUR0000SA0L1E,2013,M04,2013 Apr,233.236
CUUR0000SA0L1E,2013,M05,2013 May,233.462
CUUR0000SA0L1E,2013,M06,2013 Jun,233.640
CUUR0000SA0L1E,2013,M07,2013 Jul,233.792
CUUR0000SA0L1E,2013,M08,2013 Aug,234.258
CUUR0000SA0L1E,2013,M09,2013 Sep,234.782
CUUR0000SA0L1E,2013,M10,2013 Oct,235.162
CUUR0000SA0L1E,2013,M11,2013 Nov,235.243
CUUR0000SA0L1E,2013,M12,2013 Dec,235.000
CUUR0000SA0L1E,2014,M01,2014 Jan,235.367
CUUR0000SA0L1E,2014,M02,2014 Feb,236.075
CUUR0000SA0L1E,2014,M03,2014 Mar,236.913
CUUR0000SA0L1E,2014,M04,2014 Apr,237.509
CUUR0000SA0L1E,2014,M05,2014 May,238.029
CUUR0000SA0L1E,2014,M06,2014 Jun,238.157
CUUR0000SA0L1E,2014,M07,2014 Jul,238.138
CUUR0000SA0L1E,2014,M08,2014 Aug,238.296
CUUR0000SA0L1E,2014,M09,2014 Sep,238.841
CUUR0000SA0L1E,2014,M10,2014 Oct,239.413
CUUR0000SA0L1E,2014,M11,2014 Nov,239.248
CUUR0000SA0L1E,2014,M12,2014 Dec,238.775
CUUR0000SA0L1E,2015,M01,2015 Jan,239.248
CUUR0000SA0L1E,2015,M02,2015 Feb,240.083
CUUR0000SA0L1E,2015,M03,2015 Mar,241.067
CUUR0000SA0L1E,2015,M04,2015 Apr,241.802
CUUR0000SA0L1E,2015,M05,2015 May,242.119
CUUR0000SA0L1E,2015,M06,2015 Jun,242.354
CUUR0000SA0L1E,2015,M07,2015 Jul,242.436
CUUR0000SA0L1E,2015,M08,2015 Aug,242.651
CUUR0000SA0L1E,2015,M09,2015 Sep,243.359
CUUR0000SA0L1E,2015,M10,2015 Oct,243.985
CUUR0000SA0L1E,2015,M11,2015 Nov,244.075
CUUR0000SA0L1E,2015,M12,2015 Dec,243.779
CUUR0000SA0L1E,2016,M01,2016 Jan,244.528
CUUR0000SA0L1E,2016,M02,2016 Feb,245.680
CUUR0000SA0L1E,2016,M03,2016 Mar,246.358
CUUR0000SA0L1E,2016,M04,2016 Apr,246.992
CUUR0000SA0L1E,2016,M05,2016 May,247.544
CUUR0000SA0L1E,2016,M06,2016 Jun,247.794
CUUR0000SA0L1E,2016,M07,2016 Jul,247.744
CUUR0000SA0L1E,2016,M08,2016 Aug,248.278
CUUR0000SA0L1E,2016,M09,2016 Sep,248.731
CUUR0000SA0L1E,2016,M10,2016 Oct,249.218
CUUR0000SA0L1E,2016,M11,2016 Nov,249.227
CUUR0000SA0L1E,2016,M12,2016 Dec,249.134
CUUR0000SA0L1E,2017,M01,2017 Jan,250.083
CUUR0000SA0L1E,2017,M02,2017 Feb,251.143
CUUR0000SA0L1E,2017,M03,2017 Mar,251.290
CUUR0000SA0L1E,2017,M04,2017 Apr,251.642
CUUR0000SA0L1E,2017,M05,2017 May,251.835
CUUR0000SA0L1E,2017,M06,2017 Jun,252.014
CUUR0000SA0L1E,2017,M07,2017 Jul,251.936
CUUR0000SA0L1E,2017,M08,2017 Aug,252.460
CUUR0000SA0L1E,2017,M09,2017 Sep,252.941
CUUR0000SA0L1E,2017,M10,2017 Oct,253.638
CUUR0000SA0L1E,2017,M11,2017 Nov,253.492
CUUR0000SA0L1E,2017,M12,2017 Dec,253.558
CUUR0000SA0L1E,2018,M01,2018 Jan,254.638
CUUR0000SA0L1E,2018,M02,2018 Feb,255.783
CUUR0000SA0L1E,2018,M03,2018 Mar,256.610
CUUR0000SA0L1E,2018,M04,2018 Apr,257.025
CUUR0000SA0L1E,2018,M05,2018 May,257.469
CUUR0000SA0L1E,2018,M06,2018 Jun,257.697
CUUR0000SA0L1E,2018,M07,2018 Jul,257.867
CUUR0000SA0L1E,2018,M08,2018 Aug,258.012
CUUR0000SA0L1E,2018,M09,2018 Sep,258.429
CUUR0000SA0L1E,2018,M10,2018 Oct,259.063
CUUR0000SA0L1E,2018,M11,2018 Nov,259.105
CUUR0000SA0L1E,2018,M12,2018 Dec,259.083
CUUR0000SA0L1E,2019,M01,2019 Jan,260.122
CUUR0000SA0L1E,2019,M02,2019 Feb,261.114
CUUR0000SA0L1E,2019,M03,2019 Mar,261.836
CUUR0000SA0L1E,2019,M04,2019 Apr,262.332
CUUR0000SA0L1E,2019,M05,2019 May,262.590
CUUR0000SA0L1E,2019,M06,2019 Jun,263.177
CUUR0000SA0L1E,2019,M07,2019 Jul,263.566
CUUR0000SA0L1E,2019,M08,2019 Aug,264.169
CUUR0000SA0L1E,2019,M09,2019 Sep,264.522
CUUR0000SA0L1E,2019,M10,2019 Oct,265.059
CUUR0000SA0L1E,2019,M11,2019 Nov,265.108
CUUR0000SA0L1E,2019,M12,2019 Dec,264.935
CUUR0000SA0L1E,2020,M01,2020 Jan,266.004
CUUR0000SA0L1E,2020,M02,2020 Feb,267.268
CUUR0000SA0L1E,2020,M03,2020 Mar,267.312
CUUR0000SA0L1E,2020,M04,2020 Apr,266.089
CUUR0000SA0L1E,2020,M05,2020 May,265.799
CUUR0000SA0L1E,2020,M06,2020 Jun,266.302
