"","sp.t","GrossReturn","PriceReturn","inf.crsp.t","inf.crsp","adjusted.GR","adjusted.PR"
"2",19260430,1.038522,1.034856,19260430,1.005618,0.0385215972964781,0.0348555987180281
"3",19260528,1.013623,1.00907,19260528,0.994413,0.00795949744642566,0.00343193681306042
"4",19260630,1.056427,1.050196,19260630,0.994382,0.0446224892792306,0.0384611144462332
"5",19260731,1.040403,1.038168,19260731,0.988701,0.0171533839456846,0.0149683289111273
"6",19260831,1.029822,1.025747,19260831,0.994286,0.0010559291268295,-0.00290524368865885
"7",19260930,1.01342,1.009122,19260930,1.005747,-0.00922647379968311,-0.0134284281874087
"8",19261030,0.969828,0.967566,19261030,1.005714,-0.0464265801360733,-0.048650668402995
"9",19261130,1.026937,1.019367,19261130,1.005682,0.0154625164588362,0.00797709987574158
"10",19261231,1.026047,1.020321,19261231,1,0.0145824608764116,0.0089204403539811
"11",19270131,0.99709,0.994421,19270131,0.988701,-0.0251912258868796,-0.0278005837363294
"12",19270228,1.045522,1.040566,19270228,0.994286,0.0163178866932763,0.0115003204952893
"13",19270331,1.007324,1.00261,19270331,0.994253,-0.0264405319677961,-0.0309965232201677
"14",19270430,1.013021,1.010907,19270430,1,-0.0209344899302994,-0.0229776306828477
"15",19270531,1.062353,1.057096,19270531,1.00578,0.0326785288853746,0.0275683715023289
"16",19270630,0.97963,0.974295,19270630,1.011494,-0.0367884400305987,-0.0420340262952462
"17",19270730,1.08445,1.081687,19270730,0.982955,0.0481001398980616,0.0454297533550783
"18",19270831,1.03332,1.028624,19270831,0.99422,-0.00708841849402797,-0.0116007794148968
"19",19270930,1.053016,1.049095,19270930,1.005814,0.0177201834582932,0.0139306106129233
"20",19271031,0.953196,0.95104,19271031,1.00578,-0.0734291694125223,-0.075524946892439
"21",19271130,1.070546,1.06427,19271130,0.994253,0.0346623739586391,0.0285967391713771
"22",19271231,1.019295,1.014403,19271231,1,-0.0148707440276539,-0.0195987691040223
"23",19280131,0.992818,0.9908,19280131,1,-0.0404602615965421,-0.0424106202645942
"24",19280229,0.987451,0.983321,19280229,0.988439,-0.0566806359617741,-0.0606260560114554
"25",19280331,1.105752,1.101652,19280331,1,0.0563331987349209,0.0524164379107821
"26",19280430,1.034725,1.032715,19280430,1,-0.0115194283519352,-0.0134395964632812
"27",19280531,1.012325,1.007422,19280531,1.005848,-0.0272628230733812,-0.0319740871224476
"28",19280630,0.96567,0.961275,19280630,0.994186,-0.0774881892640553,-0.0816867658048865
"29",19280731,1.010117,1.008278,19280731,1,-0.0350276360193853,-0.0367844465446614
"30",19280831,1.07023,1.065514,19280831,1,0.0223987647994968,0.0178935345454445
"31",19280929,1.022409,1.019937,19280929,1.011696,-0.011861337323644,-0.0142504778477746
"32",19281031,1.013839,1.012055,19281031,0.99422,-0.025807644963652,-0.0275218808150888
"33",19281130,1.122975,1.116704,19281130,1,0.0790605410690881,0.0730347714365989
"34",19281231,1.006232,1.002888,19281231,0.994186,-0.0387386264710368,-0.0419331760710107
"35",19290131,1.055473,1.053892,19290131,1,0.00830168957331456,0.00679134779174806
"36",19290228,0.995126,0.991925,19290228,1,-0.0493482759498972,-0.0524062165209248
"37",19290328,1.000154,0.996787,19290328,0.994152,-0.0501324887662224,-0.0533302002289814
"38",19290430,1.019559,1.018234,19290430,0.994118,-0.0373986699137037,-0.038649648780414
"39",19290531,0.958719,0.953899,19290531,1.005917,-0.0894840102837033,-0.0940616676269213
"40",19290629,1.112294,1.109584,19290629,1.005882,0.0625830251047117,0.0599941412322518
"41",19290731,1.050014,1.048186,19290731,1.011696,0.0148185606760438,0.0130518334429635
"42",19290830,1.094871,1.090733,19290830,1,0.0581719980361601,0.0541726997372065
"43",19290930,0.949059,0.946954,19290930,1,-0.0827525267504572,-0.0847869692152463
"44",19291031,0.81385,0.811885,19291031,1,-0.213429453696619,-0.215328588824083
"45",19291127,0.874641,0.869626,19291127,1,-0.154676108386883,-0.159523010506083
"46",19291231,1.027753,1.023571,19291231,0.99422,-0.0124375679850126,-0.0164560297075146
"47",19300131,1.059632,1.057032,19300131,0.994186,0.0122750102831735,0.00979120927797905
"48",19300228,1.026041,1.021516,19300228,0.994152,-0.0255468667764813,-0.0298443562801526
"49",19300331,1.072348,1.069351,19300331,0.994118,0.012441467478806,0.00961189435698917
"50",19300430,0.986062,0.984133,19300430,1.005917,-0.0635155963734929,-0.065347609385449
"51",19300529,0.988852,0.984696,19300529,0.994118,-0.0663898599783607,-0.0703136865387861
"52",19300630,0.844285,0.840818,19300630,0.994083,-0.207597231751731,-0.210851180829965
"53",19300731,1.038713,1.036395,19300731,0.988095,-0.0367230254636084,-0.0388726818431622
"54",19300829,1.011266,1.006691,19300829,0.993976,-0.0678261480198485,-0.072043332591276
"55",19300930,0.876451,0.872365,19300930,1.006061,-0.187200429701685,-0.190989687793967
"56",19301031,0.91632,0.913606,19301031,0.993976,-0.155345911620657,-0.157847648127403
"57",19301129,0.980264,0.975887,19301129,0.993939,-0.101879709822301,-0.105889927998331
"58",19301231,0.928521,0.922293,19301231,0.981707,-0.164848870858523,-0.17045059794094
"59",19310131,1.059527,1.056729,19310131,0.987578,-0.0588544844337398,-0.0613398624869225
"60",19310228,1.110943,1.105279,19310228,0.987421,-0.0255963882414476,-0.0305642597317045
"61",19310331,0.931061,0.926549,19310331,0.993631,-0.188571278287641,-0.192503530194193
"62",19310430,0.907045,0.90454,19310430,0.99359,-0.214568551655938,-0.216737689656922
"63",19310529,0.862326,0.85698,19310529,0.987097,-0.262926554296474,-0.267496049638991
"64",19310630,1.146492,1.139763,19310630,0.986928,-0.0328456629146802,-0.0385220928716682
"65",19310731,0.924535,0.92143,19310731,1,-0.22008349379047,-0.22270280052497
"66",19310831,1.007779,1.002304,19310831,1,-0.149860765994437,-0.154479350333047
"67",19310930,0.712539,0.708476,19310930,0.993377,-0.402899416770871,-0.406304170292658
"68",19311031,1.076738,1.072834,19311031,0.993333,-0.103719888699281,-0.10696959062725
"69",19311130,0.899091,0.890604,19311130,0.986577,-0.261639668724484,-0.268609446123586
"70",19311231,0.862443,0.854529,19311231,0.993197,-0.296554418128214,-0.303009416701956
"71",19320130,0.981197,0.978933,19320130,0.979452,-0.216138248140115,-0.217946919595705
"72",19320229,1.053581,1.045233,19320229,0.986014,-0.17008373998824,-0.176659542834512
"73",19320331,0.881093,0.874755,19320331,0.992908,-0.310876430043733,-0.31583352899513
"74",19320430,0.794705,0.792363,19320430,0.992857,-0.382882302897551,-0.384700952140495
"75",19320531,0.767877,0.759877,19320531,0.985612,-0.412294578054954,-0.41841749015619
"76",19320630,1.002768,0.993493,19320630,0.992701,-0.238119314819765,-0.245166252251999
"77",19320730,1.391838,1.390006,19320730,1,0.0574873640761253,0.0560954514749552
"78",19320831,1.401979,1.394164,19320831,0.992647,0.0573599101744813,0.0514659076979724
"79",19320930,0.970474,0.965882,19320930,0.992593,-0.273498618557264,-0.276936211263081
"80",19321031,0.857931,0.856737,19321031,0.992537,-0.362541955873597,-0.363429119182403
"81",19321130,0.947772,0.941298,19321130,0.992481,-0.301083455867123,-0.30585758477863
"82",19321231,1.061569,1.053749,19321231,0.992424,-0.223096759817863,-0.228819782379961
"83",19330131,1.013938,1.012575,19330131,0.984733,-0.269284033904481,-0.270266308818517
"84",19330228,0.820442,0.813965,19330228,0.984496,-0.417898072119885,-0.422493490427187
"85",19330331,1.038627,1.032581,19330331,0.992126,-0.268898639087086,-0.2731544872675
"86",19330429,1.414312,1.412291,19330429,1,-0.0044496937250178,-0.0058722986162878
"87",19330531,1.174816,1.170167,19330531,1,-0.173033652675824,-0.176306136663709
"88",19330630,1.137498,1.133994,19330630,1.007937,-0.192947079111898,-0.195433161227904
"89",19330731,0.915264,0.914529,19330731,1.031496,-0.330168910906062,-0.33070681674578
"90",19330831,1.123272,1.119807,19330831,1.007634,-0.171663751826802,-0.174218952259039
"91",19330930,0.881955,0.878888,19330930,1,-0.349618528942595,-0.351880231605127
"92",19331031,0.909377,0.908412,19331031,1,-0.329396680096185,-0.330108301572984
"93",19331129,1.108553,1.10207,19331129,1,-0.18251800728484,-0.187298776232082
"94",19331230,1.026694,1.02443,19331230,1,-0.242883419170126,-0.244552964272171
"95",19340131,1.115033,1.113644,19340131,1,-0.177739450632344,-0.178763743099985
"96",19340228,0.96716,0.962728,19340228,1.007576,-0.28138235922672,-0.284675416615267
"97",19340331,1.005355,1.002464,19340331,1,-0.25300277281978,-0.255150838909647
"98",19340430,0.97451,0.973056,19340430,1,-0.275921174252482,-0.277001522953508
"99",19340531,0.921503,0.917745,19340531,1,-0.315306348664647,-0.318098611675965
"100",19340630,1.02408,1.021102,19340630,1.007519,-0.233368469816843,-0.235597815860986
"101",19340731,0.880154,0.878277,19340731,1,-0.341112210162462,-0.342517341970674
"102",19340831,1.05865,1.051629,19340831,1,-0.207489190855794,-0.212745147395728
"103",19340929,0.999784,0.996873,19340929,1.014925,-0.240386061739421,-0.242597775643901
"104",19341031,0.967337,0.966268,19341031,0.992647,-0.27044275145838,-0.271248982067456
"105",19341130,1.086059,1.080682,19341130,1,-0.180903639792686,-0.184958926962936
"106",19341231,0.999319,0.995585,19341231,0.992593,-0.251904693479095,-0.254699984947134
"107",19350131,0.957632,0.956245,19350131,1.014925,-0.272412238091643,-0.273466050230091
"108",19350228,0.96316,0.95734,19350228,1.007353,-0.262831349295634,-0.267285771766563
"109",19350330,0.968546,0.964676,19350330,1,-0.258709095098311,-0.261671056432073
"110",19350430,1.096493,1.095347,19350430,1.007299,-0.154657534622151,-0.155541044562773
"111",19350531,1.038135,1.033059,19350531,1,-0.199648697898634,-0.203562045593747
"112",19350629,1.070533,1.067124,19350629,0.992754,-0.180651755582045,-0.183260884086464
"113",19350731,1.083814,1.082471,19350731,1,-0.170486946058084,-0.171514830945568
"114",19350831,1.026569,1.022105,19350831,1,-0.214300252375316,-0.217716840713165
"115",19350930,1.025526,1.022175,19350930,1,-0.215098527831494,-0.217663265179193
"116",19351031,1.071803,1.070634,19351030,1,-0.179679742322846,-0.180574453740172
"117",19351130,1.051943,1.04562,19351130,1.007299,-0.189003314968213,-0.193878039206557
"118",19351231,1.039887,1.036744,19351231,1,-0.198297902255493,-0.200721001778048
"119",19360131,1.071832,1.070187,19360131,1,-0.173669867178174,-0.174938081850335
"120",19360229,1.022461,1.018857,19360229,1,-0.211732497317549,-0.214511005328776
"121",19360331,1.024029,1.021457,19360331,0.992754,-0.216244191547276,-0.218212709957731
"122",19360430,0.922412,0.921644,19360430,1,-0.294018272151966,-0.29460607236162
"123",19360529,1.053106,1.046971,19360529,1,-0.193989677620053,-0.198685191013578
"124",19360630,1.032542,1.029509,19360630,1.007299,-0.203960449872617,-0.206298745027232
"125",19360731,1.073442,1.072356,19360731,1.007246,-0.166431960794081,-0.167275280592056
"126",19360831,1.014124,1.00893,19360831,1.007194,-0.206829302473987,-0.210891654418079
"127",19360930,1.004817,1.001617,19360930,1,-0.214108530341461,-0.216611327072515
"128",19361031,1.076281,1.075272,19361031,1,-0.158214822345202,-0.159003985439462
"129",19361130,1.010666,0.999679,19361130,1,-0.209533887191482,-0.21812708334276
"130",19361231,0.99617,0.992711,19361231,1,-0.220871556383156,-0.22357692322463
"131",19370130,1.036648,1.035916,19370130,1.007143,-0.183421288599269,-0.183997892824372
"132",19370227,1.018483,1.01535,19370227,1,-0.197730053283708,-0.200197950875579
"133",19370331,0.996489,0.993758,19370331,1.007092,-0.209488131992205,-0.211654626465831
"134",19370430,0.919354,0.91851,19370430,1.007042,-0.265543228709847,-0.266217486411417
"135",19370528,0.994301,0.988314,19370528,1.006993,-0.200114550034144,-0.204930912673773
"136",19370630,0.946197,0.942147,19370630,1,-0.238812780937218,-0.242070884944317
"137",19370731,1.098991,1.098012,19370731,1.006944,-0.109755344538284,-0.110548389720362
"138",19370831,0.948817,0.943709,19370831,1,-0.231404749209758,-0.235542517126054
"139",19370930,0.86039,0.856317,19370930,1.006897,-0.298228640021815,-0.301550755282558
"140",19371030,0.897278,0.896297,19371030,1,-0.26814118906716,-0.268941335168508
"141",19371130,0.915711,0.899746,19371130,0.993151,-0.258221909688523,-0.271154469428248
"142",19371231,0.954172,0.946981,19371231,0.993103,-0.232397231723969,-0.238182175640447
"143",19380131,1.012163,1.011096,19380131,0.986111,-0.197054395540298,-0.197900843157884
"144",19380228,1.065757,1.061131,19380228,0.992958,-0.160492190490648,-0.164136138526449
"145",19380331,0.745894,0.742049,19380331,1,-0.412451583178747,-0.415480329438507
"146",19380430,1.142667,1.140966,19380430,1.007092,-0.0935259455730921,-0.0948753433999132
"147",19380531,0.960027,0.953964,19380531,0.992958,-0.243776760842713,-0.248552648915663
"148",19380630,1.253519,1.249304,19380630,1,-0.0125900641073599,-0.0159102633861802
"149",19380730,1.074738,1.073872,19380730,1,-0.153417714704457,-0.154099871899109
"150",19380831,0.974099,0.970535,19380831,1,-0.23269210028481,-0.235499500102062
"151",19380930,1.016932,1.013867,19380930,1,-0.198952101302673,-0.201366433637094
"152",19381031,1.07896,1.0782,19381031,0.992908,-0.156119548978627,-0.156713963176351
"153",19381130,0.973793,0.967216,19381130,1,-0.238373177836569,-0.243517207018714
"154",19381231,1.04481,1.041538,19381231,1,-0.182829081678987,-0.185388191224977
"155",19390131,0.929494,0.928686,19390131,1,-0.273020486448376,-0.27365244259543
"156",19390228,1.039292,1.034357,19390228,0.992857,-0.192951066000463,-0.19678327724551
"157",19390331,0.865179,0.861829,19390331,1,-0.328156293256577,-0.330757692987258
"158",19390429,0.993389,0.992158,19390429,0.992806,-0.234145931714196,-0.235094972178767
"159",19390531,1.069557,1.06346,19390531,1,-0.175424149337712,-0.180124636512765
"160",19390630,0.93819,0.934252,19390630,1,-0.276701646258355,-0.279737650603994
"161",19390731,1.11131,1.110355,19390731,1,-0.143234639575537,-0.143970897612633
"162",19390831,0.932449,0.926975,19390831,1,-0.281127674939999,-0.285347859751584
"163",19390930,1.181167,1.177572,19390930,1.021739,-0.0695823233196228,-0.0724141426539472
"164",19391031,0.983113,0.98236,19391031,0.992908,-0.231083648243622,-0.231672587676701
"165",19391130,0.959468,0.948858,19391130,1,-0.249576972141566,-0.257875308642188
"166",19391230,1.028177,1.023143,19391230,1,-0.195838008652294,-0.199775221276623
"167",19400131,0.964073,0.9632,19400131,0.992857,-0.251361289246223,-0.252039206369187
"168",19400229,1.013139,1.006917,19400229,1.007194,-0.207599897038608,-0.212466271189268
"169",19400330,1.013561,1.010518,19400330,1,-0.207269840804025,-0.209649843462407
"170",19400430,0.995522,0.993769,19400430,1,-0.221378571646802,-0.222749634630747
"171",19400531,0.76852,0.760235,19400531,1,-0.398922233644259,-0.405402129150241
"172",19400629,1.083035,1.078208,19400629,1.007143,-0.146881970779059,-0.150684249308423
"173",19400731,1.03309,1.031914,19400731,0.992908,-0.191995469319676,-0.19291524719777
"174",19400831,1.035421,1.026631,19400831,1,-0.190172338168454,-0.197047208532779
"175",19400930,1.014221,1.010096,19400930,1,-0.206753367943617,-0.20997962963336
"176",19401031,1.041468,1.04018,19401031,1,-0.185442834062303,-0.186450209833549
"177",19401130,0.970569,0.957003,19401130,1,-0.240894646799532,-0.251504941607545
"178",19401231,1.002927,0.99751,19401231,1.007143,-0.209983612552355,-0.214250641728759
"179",19410131,0.954445,0.953153,19410131,1,-0.248173405524562,-0.249191127823974
"180",19410228,0.995271,0.98743,19410228,1,-0.216014326116053,-0.222190766169992
"181",19410331,1.008872,1.004173,19410331,1.007092,-0.199664664462198,-0.203392368017943
"182",19410430,0.937848,0.936537,19410430,1.007042,-0.25076861195341,-0.251815948355182
"183",19410531,1.013184,1.00214,19410531,1.006993,-0.184923670270151,-0.193808239100232
"184",19410630,1.058851,1.052486,19410630,1.020833,-0.130440087366945,-0.13566721454906
"185",19410731,1.057106,1.055619,19410731,1,-0.131873133232269,-0.133094301829253
"186",19410830,0.998887,0.990264,19410830,1.013605,-0.168523911420888,-0.175701718632132
"187",19410930,0.992649,0.988501,19410930,1.013423,-0.162625234298711,-0.166124387099075
"188",19411031,0.935398,0.934045,19411031,1.013245,-0.200469443661901,-0.201625919133011
"189",19411129,0.975084,0.957893,19411129,1.006536,-0.161100429569912,-0.175890460495723
"190",19411231,0.961157,0.953795,19411231,1.006494,-0.167712321405737,-0.174087244430602
"191",19420131,1.022276,1.020639,19420131,1.012903,-0.103366100460291,-0.104801906146374
"192",19420228,0.982353,0.975358,19420228,1.006369,-0.132894750164701,-0.139069110320977
"193",19420331,0.935932,0.930324,19420331,1.012658,-0.163412571430565,-0.168425309855383
"194",19420430,0.962012,0.959677,19420430,1.00625,-0.134726465179873,-0.13682666112733
"195",19420529,1.070339,1.060119,19420529,1.012422,-0.0253339131924721,-0.0346403921745263
"196",19420630,1.023544,1.016976,19420630,1,-0.0679461131890697,-0.0739270284487694
"197",19420731,1.036031,1.034314,19420731,1.006135,-0.0507873606935223,-0.0523604778123047
"198",19420831,1.015346,1.007531,19420831,1.006098,-0.0640662466902779,-0.07127001986919
"199",19420930,1.032449,1.027671,19420930,1,-0.0483009066161987,-0.0527052096550779
"200",19421031,1.067867,1.066333,19421031,1.012121,-0.00372174966678285,-0.00515291182088162
"201",19421130,0.995608,0.983063,19421130,1.005988,-0.0655745434551818,-0.077348622562978
"202",19421231,1.057537,1.050449,19421231,1.005952,-0.00154358150341127,-0.00823560182450056
"203",19430130,1.072434,1.071062,19430130,1,0.0125211796031444,0.0112258280398636
"204",19430227,1.058503,1.052676,19430227,1,-0.000631548259876769,-0.00613301586865045
"205",19430331,1.059404,1.055182,19430331,1.017751,0.0179740058203597,0.0139171151039064
"206",19430430,1.003588,1.002332,19430430,1.011628,-0.0244458493122885,-0.0256667646812087
"207",19430529,1.052698,1.045651,19430529,1.005747,0.0291731914620703,0.0222836718845341
"208",19430630,1.021689,1.017142,19430630,1,-0.00114284551534127,-0.00558823298789102
"209",19430731,0.946908,0.945762,19430731,0.994286,-0.0795424227493572,-0.0806564109969263
"210",19430831,1.016232,1.010751,19430831,0.994253,-0.017832028261243,-0.0231293055100407
"211",19430930,1.027498,1.023331,19430930,1.00578,-0.00120379820009064,-0.0052543985641792
"212",19431030,0.98835,0.9875,19431030,1,-0.0392582505767015,-0.0400845069504656
"213",19431130,0.932948,0.922034,19431130,1,-0.0931126689523271,-0.103721800791459
"214",19431231,1.070305,1.065211,19431231,1,0.0404074448489944,0.0354557390043417
"215",19440131,1.018622,1.01731,19440131,1,-0.00983185887483273,-0.0111072098893957
"216",19440229,1.006479,1.000238,19440229,1,-0.0216356602237953,-0.0277023261398682
"217",19440331,1.021313,1.017309,19440331,1,-0.00721602840212765,-0.0111081819557177
"218",19440429,0.987573,0.986567,19440429,1.005747,-0.0344965039584424,-0.0354800226623943
"219",19440531,1.048841,1.040864,19440531,1,0.0254023270094699,0.0176035907257488
"220",19440630,1.054574,1.049768,19440630,1.005714,0.0368983856390972,0.0321729385473033
"221",19440731,0.98053,0.979371,19440731,1.005682,-0.0304265796962814,-0.0315726288677826
"222",19440831,1.0147,1.008208,19440831,1,0.00336159993287621,-0.00305785754890575
"223",19440930,0.999308,0.996882,19440930,1,-0.0118584077010715,-0.0142572992369314
"224",19441031,1.002435,1.001045,19441031,1,-0.00876634923749597,-0.0101408171826095
"225",19441130,1.017327,1.005832,19441130,1,0.00595924546655491,-0.00540730779177601
"226",19441230,1.044778,1.041034,19441230,1.00565,0.0389405389421695,0.0352174576963935
"227",19450131,1.011901,1.010784,19450131,1,0.00624723175269781,0.00513647273786555
"228",19450228,1.069472,1.063578,19450228,1,0.0634965667955871,0.0576354981891223
"229",19450331,0.958315,0.95501,19450331,1,-0.0470393685774727,-0.050325902636578
"230",19450430,1.090524,1.089465,19450430,1,0.0844309435012707,0.0833778604245405
"231",19450531,1.020041,1.011624,19450531,1.005618,0.0200403233005748,0.0116233288844476
"232",19450630,1.00238,1.000134,19450630,1.011173,0.0135789193271001,0.0113078262757536
"233",19450731,0.978461,0.977521,19450731,1,-0.0106073116146435,-0.0115578136040762
"234",19450831,1.059852,1.054027,19450831,1,0.0716930154299424,0.0658029366124477
"235",19450929,1.046361,1.043999,19450929,1,0.0580512895369258,0.0556629004953939
"236",19451031,1.030815,1.029862,19451031,1,0.0423316045074369,0.041367957277725
"237",19451130,1.04495,1.035612,19451130,1,0.0566245253804478,0.0471821981705309
"238",19451231,1.011133,1.008805,19451231,1.005525,0.028078634876197,0.0257116197931249
"239",19460131,1.069504,1.068515,19460131,1,0.0874278777516233,0.0864223030449403
"240",19460228,0.934829,0.930215,19460228,0.994505,-0.0547271228617834,-0.0593926703096223
"241",19460330,1.049118,1.046147,19460330,1.01105,0.0725609776231801,0.0695235893937163
"242",19460430,1.035748,1.034707,19460430,1.005464,0.0646780065047847,0.0636079298019852
"243",19460531,1.028785,1.023202,19460531,1.005435,0.0632681434176139,0.0574980106447791
"244",19460628,0.964711,0.962479,19460628,1.010811,0.00782556028123627,0.00549380843996161
"245",19460731,0.97265,0.971571,19460731,1.058824,0.0758915732476326,0.0746980431931072
"246",19460830,0.931145,0.926635,19460830,1.020202,0.0507887174060684,0.0456992231645685
"247",19460930,0.895887,0.893381,19460930,1.009901,0.0210102978378908,0.0181542994738317
"248",19461031,0.994364,0.993183,19461031,1.019608,0.155461594117129,0.154089259496555
"249",19461130,0.996199,0.988259,19461130,1.024038,0.185420125503592,0.175971977295756
"250",19461231,1.046818,1.041973,19461231,1.00939,0.257350544943933,0.251531134702369
"251",19470131,1.022013,1.020953,19470131,1,0.227556846070457,0.226283662405636
"252",19470228,0.991693,0.984834,19470228,1,0.191138988789917,0.182900529585193
"253",19470331,0.984992,0.982269,19470331,1.018605,0.205101701161721,0.201770210213304
"254",19470430,0.96044,0.959228,19470430,1,0.175063226771145,0.173580389081287
"255",19470529,0.99901,0.98953,19470529,1,0.222252211670319,0.210653778254603
"256",19470630,1.053991,1.050908,19470630,1.004566,0.295407400923098,0.291618240468174
"257",19470731,1.039572,1.038369,19470731,1.009091,0.289301173215572,0.287809184867119
"258",19470829,0.976924,0.970852,19470829,1.013514,0.227977290686171,0.220344887235087
"259",19470930,0.990072,0.98631,19470930,1.022222,0.272159479272029,0.267325624803847
"260",19471031,1.020578,1.019353,19471031,1,0.311357130629377,0.309783108374321
"261",19471129,0.982367,0.970445,19471128,1.004348,0.267747503520603,0.25236212744733
"262",19471231,1.030784,1.025273,19471231,1.012987,0.347505478669095,0.340301153909548
"263",19480131,0.962257,0.961095,19480130,1.012821,0.274050514154291,0.272511999290334
"264",19480228,0.959768,0.952218,19480227,0.991561,0.260031118992843,0.250119103851272
"265",19480331,1.08144,1.077022,19480331,0.995745,0.41372705263848,0.40795156244156
"266",19480430,1.030821,1.028537,19480430,1.017094,0.370589780629746,0.367552951675971
"267",19480528,1.084014,1.077523,19480528,1.004202,0.447372127343665,0.438705364295782
"268",19480630,1.007665,1.003687,19480630,1.008368,0.356689747689349,0.35133388853347
"269",19480730,0.947704,0.946856,19480730,1.012448,0.291843217643369,0.290687283882868
"270",19480831,1.015539,1.008123,19480831,1.004098,0.389984009735677,0.379833615298635
"271",19480930,0.972984,0.968841,19480930,1,0.331738319974573,0.326067731496597
"272",19481030,1.070041,1.067023,19481029,0.995918,0.458603321361747,0.454489399723352
"273",19481130,0.901668,0.890061,19481130,0.991803,0.219014451211668,0.20332231093918
"274",19481231,1.035952,1.029719,19481231,0.995868,0.394773244682107,0.386381329193645
"275",19490131,1.002676,1.001377,19490131,0.995851,0.344370451440136,0.342628774950003
"276",19490228,0.968361,0.958528,19490228,0.991667,0.287542252980626,0.274468200046277
"277",19490331,1.033981,1.029349,19490331,1,0.374791246528062,0.36863249404236
"278",19490430,0.981309,0.978283,19490429,1.004202,0.310240633655045,0.306200328147361
"279",19490531,0.970577,0.962208,19490531,0.995816,0.290489208743756,0.27936169986195
"280",19490630,1.001744,0.996731,19490630,1.004202,0.337525940399915,0.330832596053231
"281",19490729,1.062732,1.061657,19490729,0.991632,0.407083124946321,0.405659798689732
"282",19490831,1.0218,1.011738,19490831,1.004219,0.35859599232831,0.345217451640497
"283",19490930,1.027415,1.024293,19490930,1.004202,0.371801946690073,0.367633460073111
"284",19491031,1.02978,1.028437,19491031,0.991632,0.363454026118381,0.361675861115101
"285",19491130,1.020738,1.000482,19491130,1.004219,0.357184099302174,0.33025150630038
"286",19491231,1.050984,1.046034,19491230,0.991597,0.385657154517554,0.379130886834257
"287",19500131,1.019703,1.018245,19500131,0.995763,0.338718811302332,0.336804673531943
"288",19500228,1.019603,1.009975,19500228,1,0.338587526132895,0.325947390019518
"289",19500331,1.008185,1.003542,19500331,1.004255,0.329229292361844,0.323107785292768
"290",19500429,1.045887,1.044493,19500428,1,0.378937037250556,0.377099134848167
"291",19500531,1.046902,1.03759,19500531,1.004237,0.386123477938499,0.373794165522855
"292",19500630,0.945776,0.942151,19500630,1.004219,0.257513376125359,0.252693539305166
"293",19500731,1.016981,1.015875,19500731,1.012605,0.369232600485782,0.367743515383762
"294",19500831,1.048063,1.031526,19500831,1.008299,0.422791026326642,0.400341330838524
"295",19500929,1.059466,1.05651,19500929,1.004115,0.44418957946296,0.440160168045422
"296",19501031,1.005084,1.003425,19501031,1.008197,0.381290240339537,0.37901027119395
"297",19501130,1.02243,0.999927,19501130,1.004065,0.410840754076079,0.379789093337472
"298",19501230,1.055425,1.051025,19501229,1.012146,0.474059291539973,0.467914031684677
"299",19510131,1.065105,1.063309,19510131,1.016,0.51138012503317,0.508831607558781
"300",19510228,1.014546,1.004185,19510228,1.011811,0.456640641378158,0.44176477208754
"301",19510331,0.982516,0.980294,19510330,1.003891,0.416142224720861,0.41293956133082
"302",19510430,1.049108,1.047903,19510430,1,0.512124115121233,0.510387297216193
"303",19510531,0.970021,0.959083,19510531,1.003876,0.403551810331226,0.387725297604798
"304",19510629,0.974152,0.971814,19510629,1,0.409529075285777,0.406146154573179
"305",19510731,1.070935,1.070014,19510731,1,0.549567234108408,0.548234612219485
"306",19510831,1.05022,1.038396,19510831,1,0.519594093577418,0.502485601487704
"307",19510928,1.002868,1.001195,19510928,1.007722,0.462284329965947,0.459844924496799
"308",19511031,0.986679,0.984912,19511031,1.003831,0.44419068838817,0.441604350839299
"309",19511130,1.011388,0.997426,19511130,1.007634,0.491658012193248,0.471065985032315
"310",19511231,1.041815,1.038467,19511231,1.003788,0.542354036257403,0.537397492808336
"311",19520131,1.017768,1.016303,19520131,1,0.50675367773897,0.504584819867738
"312",19520229,0.974759,0.964257,19520229,0.992453,0.432190111526088,0.416759773820822
"313",19520331,1.052805,1.050655,19520331,1,0.546861234792624,0.543702291156524
"314",19520430,0.958577,0.956732,19520430,1.003802,0.413769076630615,0.411047955691574
"315",19520529,1.033698,1.023274,19520529,1,0.524562207287379,0.50918824269737
"316",19520630,1.047832,1.045795,19520630,1.003788,0.551261916168297,0.548246241400552
"317",19520731,1.019129,1.017659,19520731,1.007547,0.520155262861939,0.517962578484979
"318",19520829,0.994326,0.984993,19520829,1,0.483158561772318,0.469237253411659
"319",19520930,0.981915,0.979902,19520930,1,0.464646040818268,0.461643405681656
"320",19521031,1.00032,0.998756,19521031,1,0.492099344191025,0.489766447343701
"321",19521128,1.061382,1.048273,19521128,1,0.583180768290306,0.563627095162706
"322",19521231,1.038215,1.035725,19521231,1,0.548624360833818,0.544910221991212
"323",19530130,0.993793,0.993205,19530130,0.996255,0.47681207582343,0.475938286713842
"324",19530227,0.99246,0.982196,19530227,0.996241,0.469287299524762,0.454091961836269
"325",19530331,0.977712,0.975632,19530331,1.003774,0.452916314500795,0.449825357312827
"326",19530430,0.974692,0.973168,19530430,1,0.448428482429804,0.446163761874774
"327",19530529,1.007401,0.99727,19530529,1.003759,0.502662625828557,0.487550991968486
"328",19530630,0.985734,0.983817,19530630,1.003745,0.475850064505906,0.472979914370416
"329",19530731,1.026314,1.024844,19530731,1,0.536606815939508,0.534405918339523
"330",19530831,0.949899,0.939903,19530831,1.003731,0.427503790108871,0.412481847896143
"331",19530930,1.002187,1.000072,19530930,1,0.506081952815867,0.502903540673018
"332",19531030,1.051046,1.049806,19531030,1.003717,0.585378057935671,0.583507665210862
"333",19531130,1.023763,1.009879,19531130,0.996296,0.538505083843068,0.517640289370053
"334",19531231,1.001713,0.998811,19531231,1,0.505368472050359,0.501007363323717
"335",19540129,1.053486,1.052586,19540129,1,0.583172635421966,0.581820120654917
"336",19540226,1.012916,1.002343,19540226,1,0.522204275311752,0.506315232387293
"337",19540331,1.03053,1.028423,19540331,1,0.548674492097094,0.545508104748013
"338",19540430,1.048358,1.04714,19540430,0.996283,0.569610298575639,0.567786698866699
"339",19540528,1.042777,1.033606,19540528,1.003731,0.567079419143702,0.553297291849978
"340",19540630,1.002467,1.000533,19540630,1,0.506501777533192,0.503595373194945
"341",19540730,1.058701,1.05778,19540730,1,0.591009916911148,0.589625843283679
"342",19540831,0.974106,0.965247,19540831,1,0.463881026014569,0.450567770568588
"343",19540930,1.0825,1.080888,19540930,0.996283,0.620728198071612,0.618314697974345
"344",19541029,0.982133,0.981341,19541029,1,0.470457872846805,0.46927208371713
"345",19541130,1.095774,1.082712,19541130,1,0.640602143661637,0.621045606272989
"346",19541231,1.054288,1.052361,19541231,0.996269,0.572599609672712,0.569725253284477
"347",19550131,1.018076,1.017591,19550131,1,0.518584978883527,0.517861542013628
"348",19550228,1.013526,1.005446,19550228,1,0.511798096908193,0.49974578781793
"349",19550331,0.997758,0.996149,19550331,1,0.488278194713234,0.485878174252066
"350",19550429,1.039843,1.038885,19550429,1,0.551053123929042,0.549624149658191
"351",19550531,1.006433,0.998919,19550531,1,0.501218019138733,0.490009968333753
"352",19550630,1.0813,1.07993,19550630,1,0.612891314270013,0.610847791565352
"353",19550729,1.057646,1.057068,19550729,1.003745,0.583516621481859,0.58265123494684
"354",19550831,0.999352,0.991687,19550831,1,0.496238346962158,0.484762243517661
"355",19550930,1.011286,1.010117,19550930,1.003731,0.519755163267351,0.517998396352888
"356",19551031,0.969532,0.969,19551031,1,0.457007476572326,0.45620798983281
"357",19551130,1.087825,1.075124,19551130,1,0.634777560928666,0.615690566420031
"358",19551230,0.999691,0.998315,19551230,0.996283,0.496746098036944,0.494685938816846
"359",19560131,0.964943,0.963721,19560131,1,0.444721088894531,0.442891499819706
"360",19560229,1.041397,1.034458,19560229,1,0.559188685561218,0.548799554145332
"361",19560329,1.070328,1.069226,19560329,1,0.602504431489016,0.600854507462456
"362",19560430,0.999363,0.998575,19560430,1.003731,0.501837541027324,0.500653338708117
"363",19560531,0.941586,0.934024,19560531,1.003717,0.420270158904177,0.408863783977581
"364",19560629,1.03891,1.037762,19560629,1.007407,0.578679103938524,0.576934656766659
"365",19560731,1.051427,1.050619,19560731,1.007353,0.60944723575263,0.608210408691419
"366",19560831,0.967212,0.960024,19560831,0.99635,0.475133138016763,0.464170435945176
"367",19560928,0.955978,0.954873,19560928,1.003663,0.46334037487784,0.461648922653793
"368",19561031,1.006619,1.005298,19561031,1.00365,0.546482001196415,0.54445253153254
"369",19561130,0.998079,0.988839,19561130,1,0.533361886942445,0.519166353487329
"370",19561231,1.036284,1.034442,19561231,1.003636,0.597845448900363,0.595005270612486
"371",19570131,0.959762,0.958431,19570131,1,0.479856239918314,0.47780397211095
"372",19570228,0.975081,0.967177,19570228,1.003623,0.508923689140781,0.496692363908346
"373",19570329,1.023827,1.020752,19570329,1.00361,0.590076946612694,0.585301250512832
"374",19570430,1.046538,1.045215,19570430,1.003597,0.631195142087001,0.629133037153419
"375",19570531,1.038734,1.033208,19570531,1.003584,0.62483398113773,0.616189965846262
"376",19570628,0.999295,0.996368,19570627,1.003571,0.568723720142748,0.564128826413811
"377",19570731,1.009747,1.008217,19570731,1.007117,0.596412969524414,0.593994035035504
"378",19570830,0.951002,0.945822,19570830,1,0.503536952170847,0.495347356973103
"379",19570930,0.942121,0.939391,19570930,1,0.489496065114638,0.485179927105016
"380",19571031,0.961166,0.959451,19571031,1,0.519606265991285,0.5168948459596
"381",19571129,1.023703,1.016483,19571129,1.003534,0.624197145766131,0.612741964534434
"382",19571231,0.962578,0.958979,19571231,1,0.527216819895292,0.521506681771625
"383",19580131,1.045518,1.04433,19580131,1.007042,0.670489941180209,0.66859179877604
"384",19580228,0.985891,0.979712,19580228,1,0.575220128778364,0.565347551408532
"385",19580331,1.033052,1.029736,19580331,1.006993,0.662114679630851,0.656779447447324
"386",19580430,1.033511,1.032038,19580430,1.003472,0.668626607556773,0.666248416136525
"387",19580529,1.021313,1.015503,19580529,1,0.648932663942261,0.6395522890939
"388",19580630,1.027998,1.024897,19580630,1,0.659725745846098,0.654719112041491
"389",19580731,1.04396,1.042418,19580731,1.00346,0.691328570343157,0.688830362887441
"390",19580829,1.017999,1.01327,19580829,0.996552,0.643582251796555,0.635947175073743
"391",19580930,1.050837,1.047954,19580930,1,0.696599940403808,0.691945272145854
"392",19581031,1.02737,1.025878,19581031,1,0.658711941787985,0.656303074274676
"393",19581128,1.028617,1.023385,19581128,1.00346,0.666471360667594,0.657994951898331
"394",19581231,1.054112,1.051432,19581231,0.996552,0.701887620462842,0.697560699962136
"395",19590130,1.006331,1.005395,19590130,1.00346,0.630365731957905,0.628849310099577
"396",19590227,1.006711,1.00221,19590227,0.996552,0.625357749535469,0.618090782917782
"397",19590331,1.003352,1.000826,19590331,1,0.619934567827224,0.615856283517897
"398",19590430,1.040054,1.039093,19590430,1.00346,0.685000779611163,0.6834438549234
"399",19590529,1.023631,1.019043,19590529,1,0.658393730550678,0.650960670751036
"400",19590630,0.999275,0.996804,19590630,1.003448,0.624516442962668,0.620499350440029
"401",19590731,1.034504,1.033514,19590731,1.003436,0.687566678406052,0.685951710255497
"402",19590831,0.988924,0.984821,19590831,1,0.613212892242105,0.606519746462582
"403",19590930,0.956818,0.954414,19590930,1.003425,0.566184859261454,0.562249828355196
"404",19591030,1.012574,1.011436,19591030,1.003413,0.663106954015086,0.661237840534323
"405",19591130,1.018486,1.013114,19591130,1,0.67281714636857,0.663993879568347
"406",19591231,1.029627,1.026911,19591231,1,0.691115734496136,0.686654827454176
"407",19600129,0.930067,0.929165,19600129,0.996599,0.522397598155486,0.520921142552249
"408",19600229,1.013922,1.009129,19600229,1.003413,0.665321636439087,0.657449347837545
"409",19600331,0.987434,0.984762,19600331,1,0.621816278525955,0.617427637769995
"410",19600429,0.983887,0.982903,19600429,1.003401,0.621486472973021,0.619864800271374
"411",19600531,1.033513,1.028312,19600531,1,0.70327217367621,0.694700710544842
"412",19600630,1.021802,1.019133,19600630,1.00339,0.689680626217402,0.685267092488388
"413",19600729,0.977052,0.976187,19600729,1,0.615680763207515,0.614250374794028
"414",19600831,1.031467,1.026197,19600831,1,0.705662942999314,0.696948322260496
"415",19600930,0.941287,0.93908,19600930,1,0.556538749787434,0.552889192297762
"416",19601031,0.998921,0.997593,19601031,1.006757,0.663005468461096,0.660794611684518
"417",19601130,1.046081,1.039977,19601130,1,0.741517520858259,0.731355570734588
"418",19601230,1.048839,1.046597,19601230,1,0.746109044193954,0.742376558581688
"419",19610131,1.06432,1.063181,19610131,1,0.771881840698628,0.769985631460283
"420",19610228,1.032838,1.028612,19610228,1,0.71947055075869,0.712435098395875
"421",19610330,1.029345,1.027051,19610330,1,0.713655398107645,0.709836342802321
"422",19610428,1.004537,1.003843,19610428,1,0.672354995311446,0.671199622869469
"423",19610531,1.023553,1.018924,19610531,1,0.704012866142328,0.696306498658307
"424",19610630,0.973327,0.971275,19610630,1,0.620396531458277,0.616980358186034
"425",19610731,1.033795,1.033119,19610731,1.006711,0.732613825005435,0.731480866395939
"426",19610831,1.02473,1.019511,19610831,0.996667,0.711696953620993,0.702979197333046
"427",19610929,0.981326,0.980123,19610929,1.003344,0.64467689141579,0.642660694657145
"428",19611031,1.028175,1.026791,19611031,1,0.723194598768839,0.720875050710681
"429",19611130,1.045226,1.039324,19611130,1,0.751771631962223,0.741880033234444
"430",19611229,1.004696,1.003465,19611229,1,0.683844404507654,0.681781280476157
"431",19620131,0.962644,0.961308,19620131,1,0.613366344578725,0.611127243274029
"432",19620228,1.020592,1.016147,19620228,1.003333,0.716186736492946,0.708712202062232
"433",19620330,0.996158,0.994863,19620330,1,0.67509949818472,0.672921877917505
"434",19620430,0.938257,0.937557,19620430,1.003322,0.582976726915935,0.581795724579858
"435",19620531,0.920153,0.914501,19620531,1,0.55243263221258,0.54289688192185
"436",19620629,0.919331,0.917778,19620629,1,0.551045798040786,0.548425660000888
"437",19620731,1.065203,1.063969,19620731,1.003311,0.803103561914308,0.801014730212368
"438",19620831,1.021669,1.015803,19620831,1,0.729412152422993,0.719482584543266
"439",19620928,0.951184,0.949741,19620928,1.0033,0.615413243474472,0.612962570092315
"440",19621031,1.008313,1.006405,19621031,1,0.712436472614631,0.709196081198723
"441",19621130,1.108268,1.100528,19621130,1,0.882191883504102,0.869046899458437
"442",19621231,1.015534,1.01404,19621231,1,0.724700029435529,0.722162741817413
"443",19630131,1.050367,1.048957,19630131,1,0.783857552596081,0.781462923719545
"444",19630228,0.975811,0.970836,19630228,1,0.657237729532948,0.648788595730986
"445",19630329,1.036581,1.035156,19630329,1.003289,0.766234637871521,0.763806574498792
"446",19630430,1.04907,1.048177,19630430,1,0.787514696441356,0.785993110061112
"447",19630531,1.019674,1.013844,19630531,1,0.737426730894166,0.727492969867492
"448",19630628,0.981395,0.980194,19630628,1.003279,0.677686138626179,0.675633039667564
"449",19630731,0.998179,0.996869,19630731,1.003268,0.71195468339617,0.709707931425583
"450",19630830,1.053466,1.048496,19630830,1,0.80677619194416,0.798252255078649
"451",19630930,0.989598,0.988421,19630930,1,0.697237600449903,0.695218953832054
"452",19631031,1.034825,1.03329,19631031,1.003257,0.780585967198295,0.777944748190589
"453",19631129,0.995513,0.988915,19631129,1,0.712943229979442,0.701590289905927
"454",19631231,1.026065,1.024651,19631231,1.003247,0.771245572438726,0.768804653745049
"455",19640131,1.027391,1.026373,19640131,1,0.773534581058116,0.771777257698735
"456",19640228,1.017015,1.012171,19640228,1,0.755623002298852,0.747261043209619
"457",19640331,1.017232,1.015814,19640331,1,0.75599759873204,0.753549775034986
"458",19640430,1.006192,1.005297,19640430,1,0.736939789412237,0.735394794906692
"459",19640528,1.016815,1.01146,19640528,1,0.755277752130015,0.746033678859404
"460",19640630,1.018084,1.016779,19640630,1.003236,0.76315553207865,0.760895484804199
"461",19640731,1.01891,1.017953,19640731,1.003226,0.770278583964927,0.768615869294491
"462",19640831,0.988379,0.983715,19640831,0.996785,0.711712389890268,0.703635097084119
"463",19640930,1.030399,1.029022,19640930,1.003226,0.790240972134278,0.787848537923231
"464",19641030,1.008745,1.007566,19641030,1,0.752618771403691,0.750570347340638
"465",19641130,1.001598,0.995412,19641130,1.003215,0.745796142486038,0.735013877607894
"466",19641231,1.005228,1.003803,19641231,1,0.752123271730729,0.749639481324755
"467",19650129,1.034791,1.033837,19650129,1,0.803651900342522,0.801989068028628
"468",19650226,1.003746,0.999147,19650226,1,0.749540129708516,0.741524022987763
"469",19650331,0.987787,0.986315,19650331,1.003205,0.727241543734073,0.724667608713288
"470",19650430,1.035612,1.034769,19650430,1.003195,0.816653926860618,0.815175149808649
"471",19650528,0.996878,0.991646,19650528,1,0.748707366562921,0.739529476247499
"472",19650630,0.95312,0.951633,19650630,1.006369,0.682596421657341,0.679971336800236
"473",19650730,1.014486,1.013678,19650730,1,0.790929277972836,0.789502870061242
"474",19650831,1.02756,1.022473,19650831,1,0.814009546581981,0.805029178950444
"475",19650930,1.033366,1.032034,19650930,1,0.824259205412079,0.821907750785539
"476",19651029,1.028812,1.027737,19651029,1.003165,0.821968108283026,0.820064343828097
"477",19651130,0.996179,0.989694,19651130,1,0.764176903206102,0.752692333447764
"478",19651231,1.010349,1.009059,19651231,1.003155,0.794916325695141,0.792624600697001
"479",19660131,1.005705,1.004874,19660131,1,0.786666115701834,0.78518981843559
"480",19660228,0.98725,0.982452,19660228,1.006289,0.764910388784448,0.756332986864582
"481",19660331,0.976959,0.975392,19660331,1.003125,0.751970984470073,0.749160898752387
"482",19660429,1.022158,1.02125,19660429,1.006231,0.844447491907662,0.842809038437013
"483",19660531,0.95086,0.945355,19660531,1,0.715792805178182,0.705859229896325
"484",19660630,0.98562,0.984096,19660630,1.003096,0.784022265365337,0.781263747952524
"485",19660729,0.987871,0.986961,19660729,1.003086,0.793614756091138,0.791962526773703
"486",19660831,0.92835,0.922513,19660831,1.006154,0.695919100892696,0.68525601068759
"487",19660930,0.993756,0.992308,19660930,1,0.815403438387162,0.812758217448839
"488",19661031,1.048333,1.047244,19661031,1.006116,0.926818033664178,0.92481647038356
"489",19661130,1.011223,1.003741,19661130,1,0.85861049156708,0.844858704179031
"490",19661230,1.000326,0.998911,19661230,1,0.838581992881225,0.835981247204388
"491",19670131,1.079215,1.077723,19670131,1,0.983578618817576,0.980836348464333
"492",19670228,1.007514,1.00242,19670228,1,0.851793413322991,0.84243072888638
"493",19670331,1.041137,1.039544,19670331,1.00304,0.919409228764382,0.916472421311164
"494",19670428,1.043371,1.042544,19670428,1.00303,0.929356053893187,0.927826801636252
"495",19670531,0.95319,0.947686,19670531,1.003021,0.76792209636104,0.757713593105266
"496",19670630,1.019319,1.018015,19670630,1.003012,0.89626877958189,0.893842910458901
"497",19670731,1.046454,1.045623,19670731,1.003003,0.952594895897301,0.951044319991919
"498",19670831,0.993176,0.987803,19670831,1.002994,0.858731070711518,0.84867548938159
"499",19670929,1.033815,1.032597,19670929,1.002985,0.940562388028207,0.938276094069793
"500",19671031,0.972552,0.971299,19671031,1.002976,0.830999192262112,0.828640200673072
"501",19671130,1.006435,1.000533,19671130,1.002967,0.900411705785741,0.889267190851793
"502",19671229,1.027079,1.025857,19671229,1.002959,0.945131624435442,0.942817342043279
"503",19680131,0.958125,0.956477,19680131,1.0059,0.825249026768549,0.822109550816962
"504",19680229,0.9731,0.968027,19680229,1.002933,0.859213855596971,0.849521334900801
"505",19680329,1.009696,1.008585,19680329,1.002924,0.934775300811821,0.932646407205031
"506",19680430,1.084092,1.082642,19680430,1.002915,1.08338803298988,1.08060144970374
"507",19680531,1.016374,1.011104,19680531,1.002907,0.95892692252606,0.948769692134774
"508",19680628,1.009916,1.008695,19680628,1.005797,0.957763723154925,0.955396764411849
"509",19680730,0.982556,0.981336,19680731,1.005764,0.915704073582879,0.913325421404508
"510",19680830,1.016415,1.011259,19680830,1.002865,0.987397096674938,0.977315565577447
"511",19680930,1.039351,1.03821,19680930,1.002857,1.03804999734736,1.03581262513434
"512",19681031,1.008587,1.006751,19681031,1.005698,0.988994344306554,0.985373641663999
"513",19681129,1.05358,1.048659,19681129,1.002833,1.08360944168415,1.07387744025803
"514",19681231,0.959174,0.957859,19681231,1.002825,0.902266452880035,0.899658500219165
"515",19690131,0.992453,0.991388,19690131,1.002817,0.973811102641704,0.971693008561366
"516",19690228,0.957679,0.952616,19690228,1.005618,0.915352184578405,0.905226215323027
"517",19690328,1.034847,1.033599,19690328,1.00838,1.08703169904244,1.08451479020431
"518",19690430,1.022771,1.021449,19690430,1.00554,1.07410461190832,1.07142369281993
"519",19690529,1.003854,0.998138,19690529,1.002755,1.04135079275238,1.02972722883634
"520",19690630,0.945643,0.944314,19690630,1.005495,0.933544694495124,0.930827304424046
"521",19690731,0.941368,0.940081,19690731,1.005464,0.93532078136531,0.932674889593317
"522",19690829,1.045728,1.04018,19690829,1.005435,1.16155487230014,1.15008697010041
"523",19690930,0.976059,0.974715,19690930,1.002703,1.02300013985744,1.02021453756498
"524",19691031,1.0469,1.044661,19691031,1.005391,1.18152420220272,1.17685858687295
"525",19691128,0.970848,0.965567,19691128,1.005362,1.03389506236254,1.02283153869628
"526",19691231,0.983078,0.981635,19691231,1.005333,1.07049991715699,1.06746075711022
"527",19700130,0.924602,0.923191,19700130,1.002653,0.952507569830627,0.94952792217571
"528",19700227,1.059521,1.053615,19700227,1.005291,1.24925793485835,1.23672008297691
"529",19700331,1.002806,1.001232,19700331,1.005263,1.14006179596857,1.13670276414502
"530",19700430,0.911169,0.909965,19700430,1.007853,0.959771866624623,0.957182264336336
"531",19700529,0.945311,0.938888,19700529,1.002597,1.0384858235705,1.02463514961791
"532",19700630,0.950968,0.949098,19700630,1.005181,1.06130927853259,1.05725588414829
"533",19700731,1.075523,1.073219,19700731,1.005155,1.34331134131712,1.33829146788773
"534",19700831,1.049778,1.043782,19700831,1,1.28721904902564,1.27415517702798
"535",19700930,1.034702,1.033021,19700930,1.005128,1.26593241487551,1.2622511304193
"536",19701030,0.990968,0.988361,19701030,1.005102,1.1812298453615,1.17549155087887
"537",19701130,1.054387,1.048836,19701130,1.005076,1.33260255055243,1.32032216701383
"538",19701231,1.058684,1.057358,19701231,1.005051,1.35393872227287,1.35099041782534
"539",19710129,1.042828,1.0415,19710129,1,1.31868358251412,1.31573083115188
"540",19710226,1.013317,1.008152,19710226,1.002513,1.25872909033063,1.2472160734252
"541",19710331,1.039068,1.037624,19710331,1.002506,1.3219334453744,1.31870663837513
"542",19710430,1.036965,1.035789,19710430,1.0025,1.32302710166286,1.32039260592621
"543",19710528,0.96285,0.957862,19710528,1.004988,1.16775246738369,1.15652252574448
"544",19710630,1.002439,1.001061,19710630,1.007444,1.27368304777541,1.27055753565962
"545",19710730,0.959173,0.958099,19710730,1.002463,1.18090760316529,1.17846560910812
"546",19710831,1.042036,1.036549,19710831,1.002457,1.37513772243147,1.36263107133402
"547",19710930,0.994962,0.993613,19710930,1,1.26784082180065,1.26476601364857
"548",19711029,0.959871,0.957985,19711029,1.002451,1.19321949899497,1.18891015745313
"549",19711130,1.002898,0.997971,19711130,1,1.29153235080866,1.28027459588998
"550",19711231,1.08788,1.086486,19711231,1.00489,1.49786374538906,1.49466300444238
"551",19720131,1.019088,1.017814,19720131,1,1.33991154222988,1.33698633135035
"552",19720229,1.030221,1.025416,19720229,1.004866,1.37698423993526,1.36589787179397
"553",19720330,1.007315,1.006132,19720330,1.002421,1.32976094835091,1.32702485566699
"554",19720428,1.005476,1.004658,19720428,1.002415,1.33112373191226,1.32922725779184
"555",19720531,1.022019,1.016763,19720531,1.00241,1.37518792739117,1.36297290228267
"556",19720630,0.979844,0.978622,19720630,1.002404,1.28264689943739,1.27980012534772
"557",19720731,1.003245,1.002126,19720731,1.004796,1.34837095296304,1.34575162558402
"558",19720831,1.039425,1.034649,19720831,1.002387,1.4388679121342,1.42766168450993
"559",19720929,0.996723,0.995484,19720929,1.002381,1.34424191945335,1.34132785432372
"560",19721031,1.010878,1.009503,19721031,1.004751,1.38882942408799,1.38558012945687
"561",19721130,1.050297,1.045173,19721130,1.002364,1.48784878812682,1.47571151915399
"562",19721229,1.013663,1.012622,19721229,1.002358,1.4067352048673,1.40426356355429
"563",19730131,0.983248,0.981956,19730131,1.002353,1.34001414402358,1.33693933657512
"564",19730228,0.966182,0.961771,19730228,1.007042,1.31559144738846,1.30501986369675
"565",19730330,0.998907,0.997911,19730330,1.009324,1.41634338260682,1.4139340712204
"566",19730430,0.959936,0.958764,19730430,1.006928,1.33816034907679,1.33530565467099
"567",19730531,0.98605,0.980998,19730531,1.006881,1.41829398384284,1.40590392126349
"568",19730629,0.994822,0.993478,19730629,1.006834,1.45648101398114,1.45316231929728
"569",19730731,1.039128,1.037679,19730731,1.002262,1.5716883826771,1.56810232160811
"570",19730831,0.968456,0.963495,19730831,1.018059,1.4400691681752,1.42756970186665
"571",19730928,1.042219,1.041038,19730928,1.002217,1.63174008013009,1.62875789976815
"572",19731031,1.000312,0.99844,19731031,1.00885,1.54827377883626,1.54350489821303
"573",19731130,0.89278,0.886954,19731130,1.006579,1.28930114221209,1.27436188679136
"574",19731231,1.017971,1.016534,19731231,1.006536,1.62738182204101,1.62367292691701
"575",19740131,0.99188,0.990251,19740131,1.008658,1.58220581995177,1.5779649709774
"576",19740228,1.001992,0.996305,19740228,1.012876,1.64211828755417,1.62712243259593
"577",19740329,0.978182,0.976846,19740329,1.012712,1.61212301677212,1.60855538176104
"578",19740430,0.962351,0.960641,19740430,1.004184,1.58060038875713,1.57601492392696
"579",19740531,0.973104,0.966873,19740531,1.0125,1.64205312584481,1.62513547569936
"580",19740628,0.987184,0.985417,19740628,1.00823,1.70234013821713,1.69750311186315
"581",19740731,0.923302,0.9215,19740731,1.008163,1.54809980725718,1.54312670435837
"582",19740830,0.917823,0.910263,19740830,1.012146,1.56374459882242,1.54262733637955
"583",19740930,0.882489,0.880422,19740930,1.012,1.49462709493817,1.48878408249809
"584",19741031,1.168113,1.164814,19741031,1.009881,2.33465871687078,2.32524093014385
"585",19741129,0.954312,0.946184,19741129,1.007828,1.74563840280781,1.72225344176989
"586",19741231,0.981979,0.979695,19741231,1.007767,1.84718239115723,1.84056008601486
"587",19750131,1.12361,1.121698,19750131,1.003854,2.27038768146135,2.26482259994111
"588",19750228,1.06746,1.059497,19750228,1.007678,2.13081228730722,2.10745716557541
"589",19750331,1.024014,1.022122,19750331,1.00381,2.01483002347847,2.00925973009926
"590",19750430,1.049424,1.047293,19750430,1.003795,2.10136554414069,2.09506779416111
"591",19750530,1.051193,1.044794,19750530,1.005671,2.12421096614966,2.10519274021742
"592",19750630,1.04622,1.044342,19750630,1.007519,2.13281071183938,2.12718721150787
"593",19750731,0.934496,0.932447,19750731,1.011194,1.8295871069766,1.82338288140239
"594",19750829,0.984337,0.978269,19750829,1.001845,1.98600111959733,1.96759375017637
"595",19750930,0.96775,0.965774,19750930,1.005525,1.95190386043002,1.94587651656206
"596",19751031,1.064855,1.062135,19751031,1.005495,2.26594915140214,2.25760681212419
"597",19751128,1.030089,1.023996,19751128,1.007286,2.18233937007301,2.16351575989772
"598",19751231,0.989515,0.987704,19751231,1.003617,2.0680478827183,2.06243277358341
"599",19760130,1.120143,1.118545,19760130,1.001802,2.47932593951938,2.47436232072129
"600",19760227,0.994244,0.98838,19760227,1.003597,2.09937395287617,2.08109400463443
"601",19760331,1.03264,1.030786,19760331,1.001792,2.22483503237792,2.2190451693569
"602",19760430,0.99039,0.989301,19760430,1.003578,2.10395872991988,2.10054571983609
"603",19760528,0.991884,0.984974,19760528,1.00713,2.13080565189878,2.10899476770807
"604",19760630,1.043959,1.042158,19760630,1.00531,2.31267377575099,2.30695887174602
"605",19760730,0.992798,0.991546,19760730,1.005282,2.16697056570009,2.1629767551281
"606",19760831,1.001599,0.995018,19760831,1.005254,2.21183203548852,2.19072871307551
"607",19760930,1.024421,1.02267,19760930,1.003484,2.29646043974277,2.29082593768747
"608",19761029,0.979789,0.978005,19761029,1.005208,2.16926015964636,2.16348957013697
"609",19761130,0.998959,0.991372,19761130,1.001727,2.2368485198321,2.21226495862492
"610",19761231,1.053775,1.05217,19761231,1.003448,2.42623758015592,2.42101909298726
"611",19770131,0.950346,0.948833,19770131,1.005155,2.1058778510407,2.10093313281321
"612",19770228,0.984362,0.9776,19770228,1.010256,2.25004144324308,2.22771553037849
"613",19770331,0.987498,0.985452,19770331,1.006768,2.28246184646386,2.27566090414513
"614",19770429,1.000641,0.999497,19770429,1.008403,2.354099058229,2.35026442690507
"615",19770531,0.984936,0.976459,19770531,1.005,2.31796395966777,2.28940740321527
"616",19770630,1.047776,1.045705,19770630,1.006633,2.55306590233514,2.54604302770952
"617",19770729,0.984547,0.983411,19770729,1.004942,2.35515251687321,2.35128124078464
"618",19770831,0.98769,0.979779,19770831,1.003279,2.37689994024979,2.3498523287246
"619",19770930,0.999175,0.996916,19770930,1.003268,2.4273310475391,2.41958231399753
"620",19771031,0.958016,0.956131,19771031,1.003257,2.29685204127686,2.29036512863886
"621",19771130,1.036752,1.026953,19771130,1.00487,2.58518406258578,2.5512982165693
"622",19771230,1.00557,1.003637,19771230,1.003231,2.48858916008367,2.48188307015811
"623",19780131,0.939357,0.937389,19780131,1.006441,2.2798691309906,2.27299764075868
"624",19780228,0.98374,0.975062,19780228,1.0064,2.45682025583222,2.42632613525147
"625",19780331,1.026925,1.024356,19780331,1.007949,2.63725502439473,2.62815590989496
"626",19780428,1.088964,1.087593,19780428,1.007886,2.88740654175631,2.88251231718254
"627",19780531,1.013719,1.004436,19780531,1.00939,2.65277585000212,2.61932602986895
"628",19780630,0.983422,0.981047,19780630,1.010853,2.58206415885758,2.57341334325931
"629",19780731,1.056974,1.055121,19780731,1.007669,2.87949899075724,2.87269777177752
"630",19780831,1.033641,1.025563,19780831,1.004566,2.81118070869005,2.78139597901621
"631",19780929,0.994837,0.992517,19780929,1.007576,2.69589442933625,2.68727545449307
"632",19781031,0.91043,0.907731,19781031,1.009023,2.41283470097223,2.40271723904992
"633",19781130,1.026771,1.0174,19781130,1.004471,2.86615882122192,2.83087366580395
"634",19781229,1.016627,1.014264,19781229,1.004451,2.84500130877223,2.83606416851073
"635",19790131,1.042697,1.040161,19790131,1.008863,2.97855321090979,2.96887675558013
"636",19790228,0.971351,0.963042,19790228,1.011713,2.74973493506686,2.7176594571238
"637",19790330,1.057361,1.054825,19790330,1.01013,3.12311012449309,3.11322115821222
"638",19790430,1.004183,1.002218,19790430,1.011461,2.96062435327181,2.95287414553658
"639",19790531,0.983182,0.973697,19790531,1.012748,2.92722787646653,2.88934093751903
"640",19790629,1.040324,1.037792,19790629,1.011189,3.20197183563493,3.19174483646176
"641",19790731,1.012051,1.009737,19790731,1.011065,3.13300560752567,3.12355571322606
"642",19790831,1.061865,1.053222,19790831,1.009576,3.37796132129096,3.34232711195181
"643",19790928,1.001416,0.999128,19790928,1.01084,3.1734917475379,3.16395630061238
"644",19791031,0.93444,0.931483,19791031,1.008043,2.92568557356373,2.91326289020147
"645",19791130,1.052777,1.04357,19791130,1.009309,3.46400451788994,3.42496482610695
"646",19791231,1.01834,1.015892,19791231,1.01054,3.36349566575858,3.35300620507769
"647",19800131,1.061308,1.058935,19800131,1.014342,3.61283151446948,3.60251759128805
"648",19800229,1.002611,0.994426,19800229,1.014139,3.41932665532564,3.3832486662812
"649",19800331,0.902482,0.899904,19800331,1.015209,3.03847730350695,3.0269411238508
"650",19800430,1.042394,1.039877,19800430,1.011236,3.71697443879179,3.70558467190668
"651",19800530,1.05556,1.046651,19800530,1.009877,3.82373038496377,3.78301776417514
"652",19800630,1.029722,1.026895,19800630,1.011002,3.7574267194308,3.7443656744732
"653",19800731,1.0682,1.06563,19800731,1,3.93519923017667,3.92332555294249
"654",19800829,1.013454,1.00603,19800829,1.007255,3.71623665021622,3.68168812518084
"655",19800930,1.027935,1.025155,19800930,1.008403,3.82382262702689,3.81077683434239
"656",19801031,1.017809,1.014742,19801031,1.009524,3.82179355067534,3.80726386895713
"657",19801128,1.10991,1.103015,19801128,1.008255,4.30152084808943,4.26858665860779
"658",19801231,0.969366,0.966994,19801231,1.009357,3.67353276272291,3.6620968141615
"659",19810130,0.95663,0.954964,19810130,1.008111,3.64953860915365,3.64144129742096
"660",19810227,1.021267,1.013492,19810227,1.010345,4.0150452685382,3.97686526569577
"661",19810331,1.038285,1.035426,19810331,1.006826,4.13341719112491,4.119281920222
"662",19810430,0.979789,0.978033,19810430,1.00678,3.87704900840889,3.86830825090012
"663",19810529,1.006539,0.998876,19810529,1.007856,4.04956134919384,4.01111794201452
"664",19810630,0.991745,0.98882,19810630,1.008909,4.01966878423142,4.00486403987287
"665",19810731,1.000714,0.999054,19810731,1.011038,4.12097312560789,4.11247837547098
"666",19810831,0.94446,0.936341,19810831,1.007642,3.87003801886025,3.82817299686342
"667",19810930,0.949534,0.9465,19810930,1.009751,3.94394458695878,3.92814744027753
"668",19811030,1.052115,1.048694,19811030,1.002146,4.48980962132181,4.47195925447546
"669",19811130,1.043827,1.035918,19811130,1.003212,4.46405819644989,4.42265743149964
"670",19811231,0.972941,0.970255,19811231,1.003202,4.10930330228182,4.09519803930088
"671",19820129,0.984633,0.983126,19820129,1.003191,4.18720239457572,4.17926328019643
"672",19820226,0.949559,0.940412,19820226,1.003181,4.0183397348563,3.96999860644329
"673",19820331,0.993195,0.989537,19820331,0.998943,4.24340419521216,4.22409240594008
"674",19820430,1.04155,1.040063,19820430,1.004233,4.52196213778898,4.51407854343548
"675",19820528,0.970495,0.960166,19820528,1.009484,4.19404901200507,4.13876863215252
"676",19820630,0.984221,0.981066,19820630,1.012526,4.33349082524653,4.31639388913802
"677",19820730,0.979801,0.977942,19820730,1.005155,4.33690953051453,4.32678368371786
"678",19820831,1.127402,1.116647,19820831,1.002051,5.15347710651917,5.09477520047269
"679",19820930,1.010496,1.007717,19820930,1.002047,4.52668203466178,4.51148291524485
"680",19821029,1.113863,1.111235,19821029,1.003064,5.11069070331044,5.09627340498174
"681",19821130,1.045754,1.037554,19821130,0.997963,4.72535603294671,4.68046218652569
"682",19821231,1.016835,1.014676,19821231,0.995918,4.54430396563377,4.5325319945059
"683",19830131,1.035293,1.033317,19830131,1.002049,4.65651290783564,4.64571666995334
"684",19830228,1.025733,1.018539,19830228,1.001022,4.61000767128771,4.57066176432436
"685",19830331,1.03547,1.032459,19830331,1,4.66326192429052,4.64679396128431
"686",19830429,1.075719,1.074655,19830429,1.00715,4.92546072303545,4.91959981492719
"687",19830531,0.994313,0.9879,19830531,1.006085,4.51037399496926,4.47483384973356
"688",19830630,1.03697,1.033719,19830630,1.003024,4.76415267360326,4.74608150438729
"689",19830729,0.968762,0.967679,19830729,1.00402,4.40665604840664,4.40061183063135
"690",19830831,1.015864,1.009484,19830831,1.003003,4.68655768801848,4.65084401172957
"691",19830930,1.014105,1.010838,19830930,1.00499,4.7050380262153,4.68665890449551
"692",19831031,0.986892,0.985305,19831031,1.002979,4.5684854344933,4.55953087169966
"693",19831130,1.023846,1.017363,19831130,1.00198,4.78843485995407,4.75178245012185
"694",19831230,0.994251,0.991301,19831230,1.000988,4.62666967806326,4.60997502495224
"695",19840131,0.996102,0.994343,19840131,1.005923,4.67053367452817,4.66052017316637
"696",19840229,0.965966,0.960495,19840229,1.004907,4.52596123050903,4.494663509997
"697",19840330,1.017295,1.013714,19840330,1.001953,4.83096256329141,4.81043687807803
"698",19840430,1.006781,1.005229,19840430,1.004873,4.79881870867404,4.78987955841608
"699",19840531,0.946869,0.940456,19840531,1.00291,4.46961024485822,4.43256540496983
"700",19840629,1.022937,1.018709,19840629,1.002901,4.9261608348429,4.90166684546749
"701",19840731,0.986235,0.984359,19840731,1.003857,4.73557296676243,4.72466285417705
"702",19840831,1.112438,1.105753,19840831,1.003842,5.49437819903644,5.45535137843111
"703",19840928,0.999936,0.996708,19840928,1.004785,4.8655279392431,4.84659280320651
"704",19841031,1.003331,1.000216,19841031,1.002857,4.90225739088033,4.88393289799354
"705",19841130,0.990159,0.98505,19841130,1,4.8247709638162,4.79471644241698
"706",19841231,1.025556,1.021843,19841231,1,5.03299955922987,5.0111572343218
"707",19850131,1.076868,1.074737,19850131,1.001899,5.34688060576541,5.33432084675048
"708",19850228,1.014166,1.008886,19850228,1.004739,5.00565200812358,4.97438509264535
"709",19850329,0.999364,0.99602,19850329,1.003774,4.94033257767936,4.9204554636951
"710",19850430,0.996296,0.994587,19850430,1.004699,4.94992396817912,4.93971774426412
"711",19850531,1.06274,1.056847,19850531,1.003742,5.37047995315386,5.33515500221202
"712",19850628,1.016065,1.012925,19850628,1.002796,5.10772128941463,5.08884627172506
"713",19850731,0.996679,0.994765,19850731,1.001859,5.00232671474008,4.99079998112574
"714",19850830,0.993527,0.988129,19850830,1.001855,4.99444344422185,4.96187462051408
"715",19850930,0.966752,0.963803,19850930,1.002778,4.84910031436716,4.83125809958294
"716",19851031,1.045079,1.042653,19851031,1.003693,5.34634981266414,5.33161767792072
"717",19851129,1.071887,1.06663,19851129,1.00276,5.52710939026167,5.49509760724293
"718",19851231,1.048156,1.045156,19851231,1.002752,5.40016763176483,5.38184926799523
"719",19860131,1.004706,1.002962,19860131,1.002745,5.15169684470878,5.14101853752521
"720",19860228,1.076525,1.071556,19860228,0.997263,5.5733953865062,5.54305405520823
"721",19860331,1.055832,1.05332,19860331,0.995425,5.41754614360653,5.40227773356333
"722",19860430,0.986652,0.984946,19860430,0.998162,4.98603445769196,4.9756841266889
"723",19860530,1.055326,1.050804,19860530,1.002762,5.42036498751545,5.39285416102814
"724",19860630,1.015744,1.01331,19860630,1.00551,5.21360640032309,5.1987169025969
"725",19860731,0.942459,0.940622,19860731,1,4.76530038517786,4.7540629129827
"726",19860829,1.074417,1.070076,19860829,1.001826,5.58452792411773,5.5579242537378
"727",19860930,0.916757,0.914336,19860930,1.004558,4.64392226884704,4.62901762583599
"728",19861031,1.056538,1.053813,19861031,1.000907,5.51036949128614,5.49357808684659
"729",19861128,1.024876,1.019717,19861128,1.000907,5.32099672543718,5.28917822046045
"730",19861231,0.972487,0.969826,19861231,1.000906,5.00331786819221,4.98689108937948
"731",19870130,1.135183,1.133724,19870130,1.006335,6.0520598768552,6.04299617931891
"732",19870227,1.041778,1.037845,19870227,1.003597,5.49508215446475,5.47056142345151
"733",19870331,1.026336,1.023832,19870331,1.00448,5.42747392460136,5.41179251548465
"734",19870430,0.990955,0.988907,19870430,1.005352,5.23911284105886,5.22621850872441
"735",19870529,1.009128,1.005199,19870529,1.003549,5.37607983440468,5.35125481947161
"736",19870630,1.05014,1.047654,19870630,1.003537,5.65867901663807,5.64291590311477
"737",19870731,1.049843,1.047883,19870731,1.002643,5.67438972414332,5.66192900015
"738",19870831,1.039108,1.035441,19870831,1.005272,5.6409694099599,5.61753350644811
"739",19870930,0.97806,0.975921,19870930,1.005245,5.28359536651962,5.2698532540838
"740",19871030,0.784205,0.782056,19871030,1.002609,4.05130879802375,4.03746641930013
"741",19871130,0.918126,0.913459,19871130,1.000867,4.91906307698832,4.88897541213589
"742",19871231,1.073922,1.071025,19871231,1,5.92346372694538,5.9047870684758
"743",19880129,1.042712,1.041086,19880129,1.0026,5.7397339604699,5.72922405225006
"744",19880229,1.047445,1.040574,19880229,1.002593,5.78788191118863,5.74335495596732
"745",19880331,0.969153,0.966632,19880331,1.00431,5.30758601754004,5.2911784695572
"746",19880429,1.010516,1.008773,19880429,1.00515,5.61066133267896,5.59925885839566
"747",19880531,1.008012,1.002882,19880531,1.003416,5.61680655974368,5.58313214153091
"748",19880630,1.047676,1.045068,19880630,1.004255,5.9064319032984,5.88923958964055
"749",19880729,0.995542,0.992607,19880729,1.004237,5.59056342742515,5.57113350517225
"750",19880831,0.967512,0.96271,19880831,1.004219,5.43202541126497,5.40010168729577
"751",19880930,1.042739,1.040086,19880930,1.006723,5.97873968866205,5.96098395458667
"752",19881031,1.026891,1.023328,19881031,1.003339,5.89562163096438,5.87169591745522
"753",19881130,0.985645,0.98023,19881130,1.000832,5.62415950939027,5.58776727512403
"754",19881230,1.018553,1.015184,19881230,1.001663,5.85670591080793,5.83402644080145
"755",19890131,1.072303,1.069633,19890131,1.004979,6.25448184637989,6.23641841978327
"756",19890228,0.974969,0.970813,19890228,1.004129,5.62322020396459,5.59498740562159
"757",19890331,1.023038,1.02044,19890331,1.005757,5.98977533222448,5.97202483193699
"758",19890428,1.051707,1.049899,19890428,1.006541,6.23265393469637,6.22022020713353
"759",19890531,1.041022,1.035451,19890531,1.005686,6.19987958538499,6.16134963196405
"760",19890630,0.994389,0.99206,19890630,1.002423,5.89402191658032,5.87787513997306
"761",19890731,1.090053,1.088194,19890731,1.002417,6.57551889947004,6.56259944543055
"762",19890831,1.019853,1.015516,19890831,1.001608,6.09904834773036,6.06885912174965
"763",19890929,0.995996,0.993384,19890929,1.00321,5.95523811805201,5.93699800266565
"764",19891031,0.976361,0.974332,19891031,1.0048,5.85084999914802,5.83661307791882
"765",19891130,1.020479,1.016641,19891130,1.002389,6.1775198007515,6.15052530013435
"766",19891229,1.022657,1.019988,19891229,1.001589,6.20426814340578,6.18546595295996
"767",19900131,0.932339,0.930593,19900131,1.010309,5.63571838411973,5.62329161199213
"768",19900228,1.013381,1.008986,19900228,1.00471,6.2464880030831,6.2150602234291
"769",19900330,1.026588,1.02436,19900330,1.005469,6.38107619855342,6.36505707718206
"770",19900430,0.975496,0.973492,19900430,1.001554,6.02462860875224,6.01019763647563
"771",19900531,1.097419,1.092408,19900531,1.002327,6.92099573469291,6.88482713397928
"772",19900629,0.993246,0.991079,19900629,1.005418,6.20793373363503,6.19220792915076
"773",19900731,0.995546,0.993492,19900731,1.003849,6.25243229260772,6.2374691508453
"774",19900831,0.909199,0.905103,19900831,1.009202,5.68435340440792,5.6542399621973
"775",19900928,0.951041,0.948787,19900928,1.008359,6.05041811094008,6.03370837663624
"776",19901031,0.996403,0.99389,19901031,1.006029,6.43123780174771,6.41249568576072
"777",19901130,1.064561,1.059897,19901130,1.002247,6.95740476075023,6.92254218753541
"778",19901231,1.027987,1.024954,19901231,1,6.68402059420676,6.66134945686531
"779",19910131,1.045001,1.043063,19910131,1.005979,6.8579003763697,6.84332755688971
"780",19910228,1.071565,1.067371,19910228,1.001486,7.06962243080683,7.03803872242255
"781",19910328,1.024354,1.022312,19910328,1.001484,6.72553879802876,6.710138311258
"782",19910430,1.002268,1.000214,19910430,1.001481,6.57016401786554,6.55465008656903
"783",19910531,1.04293,1.038759,19910531,1.002959,6.90059436341621,6.86899744023843
"784",19910628,0.954643,0.952502,19910628,1.00295,6.25312028020493,6.23685353910913
"785",19910731,1.046526,1.044799,19910731,1.001471,6.96291880420598,6.94977822215177
"786",19910830,1.023885,1.019912,19910830,1.002937,6.81352667117436,6.7832076983751
"787",19910930,0.983139,0.980939,19910930,1.004392,6.5355349360723,6.5186724406781
"788",19911031,1.013458,1.011899,19911031,1.001458,6.77924874882075,6.76728194921049
"789",19911129,0.959786,0.956027,19911129,1.002911,6.38871149165042,6.35977361748147
"790",19911231,1.114089,1.111476,19911231,1.000726,7.58280741571179,7.56267717856085
"791",19920131,0.981652,0.980346,19920131,1.00145,6.57349439213826,6.56341853666592
"792",19920228,1.012865,1.009442,19920228,1.003621,6.84259984760327,6.81609560540086
"793",19920331,0.98053,0.978127,19920331,1.005051,6.63057874034461,6.61187836329031
"794",19920430,1.028614,1.027157,19920430,1.001436,7.01626790584046,7.00491310964013
"795",19920529,1.00485,1.001087,19920529,1.001434,6.84229836041744,6.81293022713362
"796",19920630,0.98497,0.982455,19920630,1.003579,6.71465825354754,6.69495982059256
"797",19920731,1.040924,1.039465,19920731,1.00214,7.17035841292777,7.15890651737683
"798",19920831,0.979385,0.975786,19920831,1.002847,6.70921600320238,6.68088652256349
"799",19920930,1.01134,1.008916,19920930,1.002839,6.98334992818574,6.96421527492776
"800",19921030,1.004796,1.003455,19921030,1.003539,6.95976293984888,6.94913984610414
"801",19921130,1.033794,1.030069,19921130,1.00141,7.20102559467386,7.17147539382131
"802",19921231,1.01338,1.011197,19921231,0.999296,7.03342304693907,7.01611763089428
"803",19930129,1.007282,1.005964,19930129,1.004933,7.02447244560942,7.01397265043457
"804",19930226,1.013526,1.010361,19930226,1.003506,7.10252322397022,7.0772209761701
"805",19930331,1.021202,1.018578,19930331,1.003494,7.19241279524362,7.17136221839916
"806",19930430,0.975481,0.97422,19930430,1.002786,6.84742633170249,6.83728199818469
"807",19930528,1.026259,1.022549,19930528,1.001389,7.26738624329476,7.23749904818843
"808",19930630,1.003466,1.001095,19930630,1.001387,7.09498149383984,7.07585458657852
"809",19930730,0.995407,0.994091,19930730,1,7.02996937000221,7.01935317010516
"810",19930831,1.037431,1.033957,19930831,1.00277,7.39215993753905,7.36405747711227
"811",19930930,0.992418,0.990158,19930930,1.002072,7.04466735258175,7.02634750326741
"812",19931029,1.019884,1.01859,19931029,1.004135,7.30149559259136,7.29096288956159
"813",19931130,0.991345,0.987916,19931130,1.000686,7.07473368098251,7.04680368507585
"814",19931231,1.012646,1.010617,19931231,1,7.24823523910668,7.23170856611321
"815",19940131,1.033429,1.031954,19940131,1.002743,7.44060681844132,7.42855964823689
"816",19940228,0.972839,0.969879,19940228,1.00342,6.97290797796865,6.94864927985439
"817",19940331,0.956544,0.954272,19940331,1.003408,6.86607875214557,6.84739510463445
"818",19940429,1.012817,1.011477,19940429,1.001359,7.34015507731909,7.32912069716591
"819",19940531,1.016309,1.012559,19940531,1.000678,7.3745844638261,7.34368373212014
"820",19940630,0.975238,0.972887,19940630,1.00339,7.06339396326721,7.04395559108766
"821",19940729,1.032714,1.031381,19940729,1.002703,7.56169283853907,7.55064163118275
"822",19940831,1.041341,1.03799,19940831,1.004043,7.66811888083482,7.64022516842969
"823",19940930,0.97606,0.973762,19940930,1.002685,7.14653493608333,7.12735503189391
"824",19941031,1.022619,1.021043,19941031,1.000669,7.54084248503755,7.52767984307958
"825",19941130,0.963752,0.960577,19941130,1.001338,7.05995922677709,7.03340636821491
"826",19941230,1.014955,1.012419,19941230,1,7.48817529511071,7.4669664606812
"827",19950131,1.026,1.024348,19950131,1.004008,7.61493661801513,7.60106539453271
"828",19950228,1.039228,1.036328,19950228,1.003992,7.76084138597123,7.73639396921637
"829",19950331,1.029334,1.027179,19950331,1.003313,7.70618188145029,7.68795473462086
"830",19950428,1.029395,1.027914,19950428,1.003303,7.73545604680185,7.72288826630427
"831",19950531,1.039809,1.036454,19950531,1.001975,7.84125641571672,7.81272962351283
"832",19950630,1.024155,1.022198,19950630,1.001971,7.72531783113559,7.70864511363137
"833",19950731,1.033405,1.032023,19950731,1,7.80412347084638,7.79234948229715
"834",19950831,1.003495,1.000642,19950831,1.002623,7.57172919526271,7.54735922491499
"835",19950929,1.042102,1.040182,19950929,1.001962,7.91897013009941,7.90253755185871
"836",19951031,0.996558,0.995136,19951031,1.003264,7.55701490983566,7.5448048074615
"837",19951130,1.044179,1.041338,19951130,0.999349,7.9600791429656,7.93570057871066
"838",19951229,1.017643,1.015809,19951229,0.999349,7.72668948134428,7.71096220909971
"839",19960131,1.034861,1.033415,19960131,1.005863,7.92637087094481,7.91389815018387
"840",19960229,1.010088,1.007689,19960229,1.003238,7.74089879566013,7.72013880622279
"841",19960329,1.009585,1.00786,19960329,1.005165,7.78167029449005,7.76666573196387
"842",19960430,1.015133,1.013857,19960430,1.003854,7.86395899112743,7.85281718835609
"843",19960531,1.025257,1.02253,19960531,1.001919,7.96953951911404,7.94568215040685
"844",19960628,1.004128,1.002562,19960628,1.000639,7.79030425910893,7.77659523349689
"845",19960731,0.955559,0.953952,19960731,1.001914,7.38113396494376,7.36703909243283
"846",19960830,1.021928,1.019589,19960830,1.001911,7.98038009583,7.95982570350085
"847",19960930,1.056035,1.054112,19960930,1.003179,8.30960306911314,8.29265063221293
"848",19961031,1.026798,1.025348,19961031,1.003169,8.08054613949534,8.06772298255282
"849",19961129,1.076455,1.074218,19961129,1.001895,8.5377304389507,8.51790991418011
"850",19961231,0.980185,0.978482,19961231,1,7.68474790892596,7.66965879239296
"851",19970131,1.062779,1.061689,19970131,1.003153,8.44624717380077,8.43655897952948
"852",19970228,1.007752,1.0058,19970228,1.003143,7.98530568461426,7.96790128680967
"853",19970331,0.958347,0.95669,19970331,1.002506,7.56621471854666,7.551403572074
"854",19970430,1.060274,1.059016,19970430,1.00125,8.48913902054575,8.47788029224736
"855",19970530,1.061401,1.059272,19970530,0.999376,8.49329782094011,8.474255789643
"856",19970630,1.044103,1.042762,19970630,1.001249,8.350246324127,8.33823727873526
"857",19970731,1.080388,1.078977,19970731,1.001248,8.68726369836128,8.67461201296827
"858",19970829,0.94503,0.943542,19970829,1.001869,7.48941773659796,7.47605069682985
"859",19970930,1.053886,1.052408,19970930,1.002488,8.49085037984207,8.47754013863818
"860",19971031,0.967395,0.96627,19971031,1.002481,7.73356345903872,7.7234070504451
"861",19971128,1.046321,1.044625,19971128,0.999381,8.44025383778854,8.42495196531452
"862",19971231,1.017147,1.0157,19971231,0.998762,8.16567519768562,8.15263604797466
"863",19980130,1.011994,1.01108,19980130,1.00186,8.13620247364032,8.1279509533142
"864",19980227,1.071956,1.070303,19980227,1.001856,8.69549621196843,8.68054536021856
"865",19980331,1.051336,1.050104,19980331,1.001853,8.52661513155283,8.51545144093244
"866",19980430,1.011275,1.010232,19980430,1.00185,8.18055756526727,8.17108900178002
"867",19980529,0.982326,0.980794,19980529,1.001846,7.9342149003785,7.92028142286963
"868",19980630,1.04097,1.0398,19980630,1.001229,8.47921534369413,8.46856116350438
"869",19980731,0.989891,0.988888,19980731,1.001227,8.02514325605971,8.01599859398497
"870",19980831,0.856876,0.855496,19980831,1.001225,6.82197444241735,6.80937714160541
"871",19980930,1.063176,1.061612,19980930,1.001224,8.71705876888051,8.70276435298462
"872",19981030,1.080111,1.079144,19981030,1.002445,8.89597542312897,8.88711577052459
"873",19981130,1.062164,1.060685,19981130,1,8.73154503503099,8.71799443916556
"874",19981231,1.059673,1.058454,19981231,0.99939,8.70280017590319,8.69163851243302
"875",19990129,1.0428,1.042,19990129,1.002441,8.57161148464577,8.56426847621873
"876",19990226,0.968065,0.966844,19990226,1.001217,7.89645063615755,7.88522973030231
"877",19990331,1.038979,1.037774,19990331,1.00304,8.57717177118919,8.56606423967577
"878",19990430,1.037559,1.036771,19990430,1.007273,8.63364196923377,8.62632546012754
"879",19990528,0.976841,0.975167,19990528,1,8.06988080183227,8.05433786243654
"880",19990630,1.054431,1.053398,19990630,1,8.7902969713155,8.78070565925111
"881",19990730,0.96978,0.968916,19990730,1.003008,8.03140504680387,8.023358753871
"882",19990831,0.995011,0.993749,19990831,1.0024,8.28861659418241,8.27683558458367
"883",19990930,0.971921,0.970743,19990930,1.004788,8.11650890548388,8.10545939889779
"884",19991029,1.064238,1.063512,19991029,1.001787,9.00027051598319,8.99344854909739
"885",19991130,1.020822,1.019547,19991130,1.000595,8.59801304207841,8.58602518657701
"886",19991231,1.062579,1.061549,19991231,1,8.99062236142896,8.98093805463176
"887",20000131,0.95037,0.949704,20000131,1.002971,7.96215414393349,7.95587364827405
"888",20000229,0.982542,0.981334,20000229,1.005924,8.32043075999128,8.30897162607327
"889",20000331,1.098488,1.097431,20000331,1.008245,9.50621428790646,9.49610487523895
"890",20000428,0.968415,0.967692,20000428,1.000584,8.26757264978822,8.26065365842006
"891",20000531,0.977696,0.976383,20000531,1.001168,8.36731856080289,8.35473869009631
"892",20000630,1.026219,1.025497,20000630,1.005248,8.88381755863815,8.87686376390493
"893",20000731,0.987205,0.986441,20000731,1.00232,8.53012093375535,8.52274555336993
"894",20000831,1.062594,1.061275,20000831,1,9.25789914301774,9.24516599284972
"895",20000929,0.947912,0.947205,20000929,1.005208,8.19845785572151,8.19159718753291
"896",20001031,0.99588,0.995171,20001031,1.001727,8.68062488589394,8.67373292798325
"897",20001130,0.921732,0.920443,20001130,1.000575,7.96500826286677,7.95247110927892
"898",20001229,1.00572,1.004861,20001229,0.999426,8.77628286829051,8.76793280367625
"899",20010131,1.032375,1.031555,20010131,1.006322,9.09883132949205,9.0908099790233
"900",20010228,0.909048,0.907869,20010228,1.003998,7.92798193627015,7.91640268995658
"901",20010330,0.936294,0.935413,20010330,1.002275,8.21649146717658,8.2078192670102
"902",20010430,1.077825,1.076981,20010430,1.003973,9.65181637778231,9.64347538270162
"903",20010531,1.00687,1.00533,20010531,1.004522,8.99558627864157,8.9802981055218
"904",20010629,0.975494,0.974817,20010629,1.001688,8.70045141104025,8.69371922652115
"905",20010731,0.990683,0.989752,20010731,0.997191,8.82382014870225,8.81458815768349
"906",20010831,0.936565,0.935067,20010831,1,8.28717472447728,8.27232024268769
"907",20010928,0.919639,0.918648,20010928,1.004507,8.16043379661219,8.1505625429002
"908",20011031,1.01954,1.018546,20011031,0.996635,9.12136446531014,9.11149664621671
"909",20011130,1.078787,1.077259,20011130,0.998312,9.69145445897441,9.6763110224913
"910",20011231,1.009051,1.007849,20011231,0.996054,8.96086575576215,8.94900019035621
"911",20020131,0.985676,0.98468,20020131,1.002264,8.75214799697244,8.74229370468472
"912",20020228,0.980519,0.979027,20020228,1.003953,8.73947386933425,8.724653865833
"913",20020328,1.037572,1.03669,20020328,1.005624,9.36414203235096,9.35533187433539
"914",20020430,0.938999,0.938174,20020430,1.005593,8.43197159062331,8.42368470579993
"915",20020531,0.9922,0.990562,20020531,1,8.96636014757891,8.94990691443868
"916",20020628,0.928651,0.927389,20020628,1.000556,8.3332153272584,8.32053185656489
"917",20020731,0.926013,0.924926,20020731,1.001112,8.31705170573504,8.3061148882129
"918",20020830,1.007061,1.005401,20020830,1.003331,9.16626510199826,9.14950742786599
"919",20020930,0.891035,0.889579,20020930,1.00166,8.00991611419843,7.9951934177137
"920",20021031,1.088599,1.087103,20021031,1.001657,10.0258719754654,10.0107197435827
"921",20021129,1.059019,1.057288,20021129,1,9.72627102687526,9.7087385981393
"922",20021231,0.941166,0.939536,20021231,0.997794,8.51156833121642,8.49509530055033
"923",20030131,0.973421,0.97214,20030131,1.004422,8.88104393362875,8.86804070349608
"924",20030228,0.984754,0.982775,20030228,1.007705,9.07310326245841,9.05285996173924
"925",20030331,1.010308,1.008967,20030331,1.006008,9.39658620045985,9.38278662439511
"926",20030430,1.082774,1.081462,20030430,0.997828,10.118097342403,10.1046255156753
"927",20030530,1.053251,1.051508,20030530,0.998368,9.79730043743601,9.77943224204626
"928",20030630,1.012816,1.011351,20030630,1.00109,9.39410219364579,9.37906751833093
"929",20030731,1.017932,1.016505,20030731,1.001089,9.45798189104267,9.44332124557861
"930",20030829,1.019597,1.018014,20030829,1.003806,9.51495587345659,9.49863062421823
"931",20030930,0.989263,0.987893,20030930,1.00325,9.23528264286584,9.22110811372573
"932",20031031,1.05556,1.05397,20031031,0.99892,9.90942112983225,9.89298816572179
"933",20031128,1.009259,1.007606,20031128,0.997297,9.40269644912348,9.38565854583959
"934",20031231,1.05178,1.050107,20031231,0.998916,9.82921990286919,9.81199454690359
"935",20040130,1.019078,1.017991,20040130,1.004883,9.54375218017558,9.53250568224328
"936",20040227,1.014403,1.012716,20040227,1.0054,9.5520579951465,9.53450942535934
"937",20040331,0.985018,0.983733,20040331,1.006445,9.31242630392409,9.29897328296351
"938",20040430,0.984416,0.983281,20040430,1.003202,9.33912400756771,9.32720332997959
"939",20040528,1.013629,1.012024,20040528,1.005851,9.70823170172516,9.69127607803911
"940",20040630,1.019488,1.018019,20040630,1.003173,9.80430126640568,9.78873313950243
"941",20040730,0.967046,0.965889,20040730,0.998419,9.23232998252723,9.22008774607748
"942",20040831,1.003807,1.002019,20040831,1.000528,9.62690678723355,9.60797794001932
"943",20040930,1.010817,1.009347,20040930,1.002111,9.72370894033332,9.70811378102922
"944",20041029,1.014973,1.013699,20041029,1.005266,9.82450297791543,9.8109159989575
"945",20041130,1.040559,1.035572,20041130,1.000524,10.1031880513173,10.0499747315421
"946",20041231,1.033734,1.032086,20041231,0.996335,9.98993624480329,9.97241586245016
"947",20050131,0.976176,0.975251,20050131,1.002102,9.39983447883004,9.38997985538824
"948",20050228,1.021152,1.019015,20050228,1.005768,9.94174293576176,9.91884477304581
"949",20050331,0.98276,0.981271,20050331,1.007821,9.61272693942249,9.59664737735973
"950",20050429,0.981074,0.979924,20050429,1.006725,9.66576814102474,9.65326589006082
"951",20050531,1.031994,1.030156,20050531,0.998972,10.2078125829014,10.1878512657548
"952",20050630,1.001717,1.000139,20050630,1.000514,9.88458567016315,9.86743923440583
"953",20050729,1.037364,1.036163,20050729,1.004627,10.3240786263436,10.3109682635103
"954",20050831,0.990841,0.988735,20050831,1.005118,9.8715814312045,9.84847424196413
"955",20050930,1.008067,1.006916,20050930,1.01222,10.1957467550279,10.1829635724468
"956",20051031,0.984328,0.983303,20051031,1.002012,9.9540931598307,9.9426864483597
"957",20051130,1.038289,1.035675,20051130,0.991968,10.4617915622668,10.4329353159387
"958",20051230,0.99994,0.998604,20051230,0.995951,9.99375785091157,9.97906930911024
"959",20060131,1.026442,1.025424,20060131,1.007622,10.3711471792913,10.3598695544196
"960",20060228,1.002425,1.000167,20060228,1.002017,10.1274805920851,10.102415523699
"961",20060331,1.012909,1.011511,20060331,1.005536,10.306104884028,10.2905003878414
"962",20060428,1.012064,1.01085,20060428,1.008509,10.3927963722288,10.379130383916
"963",20060531,0.971681,0.969481,20060531,1.004963,9.99249157618783,9.96760328314967
"964",20060630,1.001587,1.000348,20060630,1.001975,10.3531923390736,10.3391480220965
"965",20060731,1.005571,1.00451,20060731,1.002957,10.4320567155459,10.4199945019626
"966",20060831,1.02415,1.021679,20060831,1.001966,10.6661668745486,10.6380195344646
"967",20060929,1.026487,1.025296,20060929,0.995096,10.6354463794963,10.6219461436063
"968",20061031,1.032527,1.03142,20061031,0.994579,10.6404641500397,10.6279840949766
"969",20061130,1.018385,1.015887,20061130,0.998513,10.4639583085731,10.4358383265871
"970",20061229,1.013768,1.012294,20061229,1.001489,10.4289771922804,10.4123596699464
"971",20070131,1.015313,1.014345,20070131,1.003053,10.4813409959766,10.4703946788467
"972",20070228,0.980712,0.978402,20070228,1.00535,10.1493985563193,10.1231369110401
"973",20070330,1.010894,1.009679,20070330,1.009106,10.597178943768,10.5832402198101
"974",20070430,1.043991,1.042857,20070430,1.006496,11.0546761491897,11.0415821639416
"975",20070531,1.034459,1.032154,20070531,1.006111,11.0176063027328,10.9908284579581
"976",20070629,0.98338,0.982171,20070629,1.001938,10.446347052116,10.4322745332667
"977",20070731,0.968803,0.967717,20070731,0.999746,10.2738094045729,10.2611717919588
"978",20070831,1.015094,1.012859,20070831,0.998166,10.790826443788,10.7648657966934
"979",20070928,1.037468,1.035923,20070928,1.002756,11.0839234481923,11.0659280384761
"980",20071031,1.01736,1.016292,20071031,1.002139,10.8750617699258,10.8625956163811
"981",20071130,0.958618,0.956419,20071130,1.00594,10.2558650159899,10.2300448799502
"982",20071231,0.993884,0.992097,20071231,0.999329,10.6621194807008,10.6411510301452
"983",20080131,0.938834,0.937668,20080131,1.004971,10.0709305481453,10.0571808277271
"984",20080229,0.968581,0.966307,20080229,1.002904,10.4548821658256,10.4279888011559
"985",20080331,0.9966,0.994946,20080331,1.008668,10.8884108773059,10.8686803619627
"986",20080430,1.048629,1.04749,20080430,1.006065,11.5849306932814,11.5712611914274
"987",20080530,1.012986,1.010708,20080530,1.008421,11.2595432045675,11.2319739791093
"988",20080630,0.917158,0.915431,20080630,1.010077,10.2116488193466,10.1905373886978
"989",20080731,0.992694,0.991262,20080731,1.005251,11.1987473908559,11.1811502196594
"990",20080829,1.014955,1.012682,20080829,0.996008,11.4225128679039,11.394692549024
"991",20080930,0.914533,0.912713,20080930,0.998617,10.1779201807403,10.1556751499662
"992",20081031,0.83302,0.831545,20081031,0.989899,9.07877933735874,9.06093318777938
"993",20081128,0.926488,0.923486,20081128,0.980847,9.994958011556,9.95933222476687
"994",20081231,1.011995,1.009229,20081231,0.989658,10.8854952545843,10.8530096396611
"995",20090130,0.917385,0.915961,20090130,1.004352,9.82122680725292,9.80442968611672
"996",20090227,0.896412,0.892598,20090227,1.004973,9.62641861930669,9.58120597086598
"997",20090331,1.087634,1.084154,20090331,1.002432,11.9245953909337,11.883241781208
"998",20090430,1.09423,1.09255,20090430,1.002496,12.0354325487599,12.0154189074944
"999",20090529,1.05464,1.051848,20090529,1.002889,11.6000983847464,11.5667415286721
"1000",20090630,1.002476,1.00068,20090630,1.00859,11.0797609259544,11.058119260096
"1001",20090731,1.074482,1.073101,20090731,0.998414,11.9268932273232,11.9102786730106
"1002",20090831,1.034751,1.032255,20090831,1.002243,11.4768198270117,11.4467235600951
"1003",20090930,1.036534,1.034978,20090930,1.000625,11.5061303323683,11.4873566705326
"1004",20091030,0.981741,0.980542,20091030,1.000963,10.8564411795802,10.8419609113889
"1005",20091130,1.060257,1.057607,20091130,1.000708,11.813741032579,11.7817144449344
"1006",20091231,1.018983,1.017346,20091231,0.998239,11.2932373276346,11.273488195897
"1007",20100129,0.964249,0.963219,20100129,1.003417,10.6726638576548,10.6601952486406
"1008",20100226,1.030424,1.028014,20100226,1.000249,11.4768476848956,11.4476662965345
"1009",20100331,1.061014,1.05943,20100331,1.004106,11.8999962631764,11.8807377104327
"1010",20100430,1.015977,1.014957,20100430,1.001737,11.3738846031351,11.3614617212242
"1011",20100528,0.919889,0.917663,20100528,1.000775,10.2122832002613,10.1851510762727
"1012",20100630,0.946475,0.944885,20100630,0.999024,10.5250734466041,10.5057122730072
"1013",20100730,1.070451,1.06862,20100730,1.000211,12.0374595298982,12.0151590337528
"1014",20100831,0.954566,0.95216,20100831,1.001381,10.6421044010903,10.6127602769658
"1015",20100930,1.090383,1.088751,20100930,1.000582,12.3062992359449,12.2863834078798
"1016",20101029,1.038726,1.037081,20101029,1.001245,11.691693534186,11.671594070166
"1017",20101130,0.999949,0.997429,20101130,1.000421,11.2230397508971,11.1922361197397
"1018",20101231,1.067054,1.065249,20101231,1.001718,12.0657170713858,12.043615453929
"1019",20110131,1.023349,1.022319,20110131,1.004763,11.5902471336106,11.5775750593255
"1020",20110228,1.032508,1.030251,20110228,1.004931,11.7655683195429,11.7376635597762
"1021",20110331,1.000625,0.999133,20110331,1.009751,11.4920113496331,11.473384910224
"1022",20110429,1.029441,1.028358,20110429,1.006439,11.9345087669528,11.920901311067
"1023",20110531,0.988687,0.986427,20110531,1.004704,11.4808864919316,11.452356933566
"1024",20110630,0.983455,0.981894,20110630,0.998929,11.4015430090531,11.3818585205538
"1025",20110729,0.980172,0.979018,20110729,1.000886,11.3710948807311,11.3565298416437
"1026",20110831,0.945678,0.943266,20110831,1.002758,10.9686527527065,10.9381260930618
"1027",20110930,0.929762,0.928261,20110930,1.001518,10.785079934625,10.7660542001017
"1028",20111031,1.109014,1.107554,20111031,0.997937,13.0281659207052,13.0096980544346
"1029",20111130,0.997273,0.994448,20111130,0.999156,11.6040822092965,11.5683783125288
"1030",20111230,1.009427,1.007613,20111230,0.997533,11.7262178919737,11.7033481260015
"1031",20120131,1.045205,1.044003,20120131,1.0044,12.2352643635411,12.2200436290775
"1032",20120229,1.04334,1.040744,20120229,1.004403,12.269819052599,12.2368015796175
"1033",20120330,1.032866,1.031282,20120330,1.007595,12.23637699819,12.216077732685
"1034",20120430,0.993966,0.992763,20120430,1.003021,11.7763470887451,11.760883837942
"1035",20120531,0.94021,0.937567,20120531,0.998827,11.0711962917086,11.0372632641945
"1036",20120629,1.041465,1.039888,20120629,0.998534,12.3515898491215,12.3313726961763
"1037",20120731,1.014363,1.013096,20120731,0.99837,11.9829452352098,11.9667287608185
"1038",20120831,1.022744,1.019938,20120831,1.005565,12.1630616336811,12.1269474634253
"1039",20120928,1.02512,1.023547,20120928,1.004462,12.25251158695,12.2321762108709
"1040",20121031,0.982163,0.980773,20121031,0.999611,11.6922343379803,11.6742717332703
"1041",20121130,1.005326,1.002154,20121130,0.995262,11.9300096709678,11.8892129635552
"1042",20121231,1.008508,1.005902,20121231,0.997307,11.9360042655357,11.9025774339033
"1043",20130131,1.052361,1.051024,20130131,1.002957,12.5384162050708,12.5212159644061
"1044",20130228,1.013013,1.010511,20130228,1.00819,12.1389457804646,12.106494427577
"1045",20130328,1.037584,1.036025,20130328,1.002615,12.4928274226144,12.4725540587693
"1046",20130430,1.019621,1.018482,20130430,0.99896,12.2454454930651,12.2306492477773
"1047",20130531,1.02312,1.020441,20130531,1.00178,12.3145572556941,12.2796936044235
"1048",20130628,0.986399,0.984738,20130628,1.0024,11.8674899139586,11.8458223121594
"1049",20130731,1.050672,1.049287,20130731,1.000394,12.7113257924589,12.6932514683858
"1050",20130830,0.970793,0.968362,20130830,1.001203,11.6841412577245,11.6523784129187
"1051",20130930,1.03166,1.030064,20130930,1.001163,12.4950909860956,12.4742137928209
"1052",20131031,1.046268,1.044953,20131031,0.997425,12.6509355699179,12.6337784168037
"1053",20131129,1.030817,1.028398,20131129,0.997958,12.4218787257016,12.3903818405731
"1054",20131231,1.02595,1.024196,20131231,0.999914,12.3573585257678,12.3345223184924
"1055",20140131,0.965334,0.964269,20140131,1.00372,11.614921952337,11.6010046015763
"1056",20140228,1.045757,1.043194,20140228,1.003698,12.7164209285986,12.6828039536799
"1057",20140331,1.008056,1.006537,20140331,1.00644,12.3070739981428,12.2870220909044
"1058",20140430,1.006555,1.005388,20140430,1.003297,12.3310677992692,12.3156117575012
"1059",20140530,1.023309,1.020895,20140530,1.003493,12.6003024889806,12.5682191884248
"1060",20140630,1.020635,1.019048,20140630,1.001862,12.590021244736,12.5688899257871
"1061",20140731,0.986026,0.984722,20140731,0.99961,12.1240729969967,12.1067166684739
"1062",20140829,1.039777,1.037446,20140829,0.998329,12.8163766473134,12.7854027231308
"1063",20140930,0.986072,0.984533,20140930,1.000753,12.1126202847448,12.0921549205339
"1064",20141031,1.023972,1.0228,20141031,0.997488,12.5824032166951,12.56685730668
"1065",20141128,1.027631,1.025159,20141128,0.994601,12.5573443270269,12.5247316915805
"1066",20141231,0.997527,0.995751,20141231,0.99433,12.0855695984589,12.0622720119205
"1067",20150130,0.97057,0.969532,20150130,0.995294,11.672030846652,11.6584784310417
"1068",20150227,1.057008,1.054305,20150227,1.004343,12.8605252844309,12.8250808981596
"1069",20150331,0.985007,0.983372,20150331,1.005952,11.9932558553217,11.9716885229845
"1070",20150430,1.0091,1.008004,20150430,1.002033,12.3381287157251,12.3236419561647
"1071",20150529,1.012522,1.010141,20150529,1.005097,12.4515751726796,12.4199430693909
"1072",20150630,0.980657,0.97898,20150630,1.003503,12.0738796421193,12.051522287652
"1073",20150731,1.021297,1.020101,20150731,1.000067,12.6165944483131,12.6006486000827
"1074",20150831,0.939914,0.937567,20150831,0.998584,11.5137988073907,11.4825513892216
"1075",20150930,0.975453,0.973742,20150930,0.998443,11.9667361872427,11.9439917950307
"1076",20151030,1.083449,1.082049,20151030,0.99955,13.3958503346876,13.3772484526714
"1077",20151130,1.003373,1.000817,20151130,0.997889,12.3037322417152,12.2698422131716
"1078",20151231,0.984753,0.982924,20151231,0.996583,12.0122342282367,11.9880663644136
"1079",20160129,0.9509,0.94975,20160129,1.001653,11.5856805188219,11.5704596411307
"1080",20160229,0.998258,0.995543,20160229,1.000823,12.2233633765516,12.1873992955551
"1081",20160331,1.06734,1.065146,20160331,1.004306,13.1993340352311,13.1701462048553
"1082",20160429,1.003747,1.002576,20160429,1.004741,12.4166340875213,12.4009818579092
"1083",20160531,1.018487,1.015886,20160531,1.004046,12.668737885349,12.6338308249351
"1084",20160630,1.002675,1.001002,20160630,1.003284,12.500722120331,12.478195670477
"1085",20160729,1.036571,1.035324,20160729,0.998382,12.9345391054137,12.9177757864858
"1086",20160831,1.001247,0.998604,20160831,1.000918,12.4720374524126,12.4364752035502
"1087",20160930,1.000446,0.998967,20160930,1.002404,12.4936206586936,12.4736724906224
"1088",20161031,0.982042,0.980794,20161031,1.001247,12.2619117801179,12.2450582586783
"1089",20161130,1.03579,1.033007,20161130,0.998445,12.9659966261789,12.9284722548193
"1090",20161230,1.0192,1.017569,20161230,1.000327,12.7468003421655,12.7248016850245
"1091",20170131,1.019384,1.018311,20170131,1.005828,12.8294129197085,12.8148561284867
"1092",20170228,1.039459,1.037052,20170228,1.003146,13.146123357839,13.1133662034709
"1093",20170331,1.001664,1.000055,20170331,1.000813,12.6428492540107,12.6209343759182
"1094",20170428,1.010591,1.009439,20170428,1.002966,12.8052619669755,12.7895249756645
"1095",20170531,1.014552,1.01192,20170531,1.000855,12.8712212978523,12.8352359028642
"1096",20170630,1.005798,1.004364,20170630,1.000907,12.764006953255,12.7443831461178
"1097",20170731,1.020696,1.019162,20170731,0.99931,12.9582432287986,12.9372654400025
"1098",20170831,1.002238,0.999676,20170831,1.002994,12.7468612452536,12.7117204318836
"1099",20170929,1.02005,1.018742,20170929,1.005295,13.0652568308146,13.0472210914541
"1100",20171031,1.024158,1.023006,20171031,0.999368,13.1129761449934,13.0971014962389
"1101",20171130,1.031389,1.02886,20171130,1.000024,13.212960984974,13.1781103337348
"1102",20171229,1.011149,1.009851,20171229,0.999412,12.9258523130252,12.9079758612834
"1103",20180131,1.05806,1.057018,20180131,1.005448,13.6513127544216,13.6368838298899
"1104",20180228,0.962339,0.960298,20180228,1.004535,12.3862645141175,12.3578739304735
"1105",20180329,0.974541,0.972908,20180329,1.002261,12.5866460769702,12.5638794688504
"1106",20180430,1.00377,1.002656,20180430,1.003975,13.0497713866505,13.0341787256577
"1107",20180531,1.0238,1.021317,20180531,1.004159,13.3897303667481,13.3548312648721
"1108",20180629,1.00684,1.005507,20180629,1.001594,13.1739111577611,13.1551456899874
"1109",20180731,1.037144,1.03597,20180731,1.000067,13.6014975961704,13.5849693626967
"1110",20180831,1.032938,1.030647,20180831,1.000556,13.5503686677951,13.5180967457456
"1111",20180928,1.005138,1.003758,20180928,1.001162,13.1752194819854,13.1557576738704
"1112",20181031,0.931591,0.930508,20181031,1.001767,12.1612186815355,12.1459184050922
"1113",20181130,1.019752,1.017259,20181130,0.996651,13.3584808614702,13.3233785103225
"1114",20181231,0.909354,0.907812,20181231,0.996806,11.7631405798042,11.7414980041141
"1115",20190131,1.081409,1.080024,20190131,1.001907,14.206944533333,14.1874684441025
"1116",20190228,1.031708,1.029398,20190228,1.004227,13.5693666943731,13.5367458006086
"1117",20190329,1.019531,1.018007,20190329,1.005641,13.4786237613892,13.4569810427153
"1118",20190430,1.040629,1.039469,20190430,1.005295,13.8564927141722,13.8399320267913
"1119",20190531,0.936813,0.934497,20190531,1.002129,12.4028423295147,12.3697076667429
"1120",20190628,1.069561,1.068056,20190628,1.000199,14.305093056063,14.2835569631713
"1121",20190731,1.014603,1.013367,20190731,1.001671,13.5429214504035,13.5252051111923
"1122",20190830,0.983915,0.981623,20190830,0.999949,13.1023324393357,13.069481485797
"1123",20190930,1.018791,1.017272,20190930,1.000783,13.613639376469,13.5918506894735
"1124",20191031,1.021621,1.020441,20191031,1.002286,13.6877327548283,13.6707680246097
"1125",20191129,1.036206,1.033979,20191129,0.999464,13.8894346787518,13.8574345059777
"1126",20191231,1.029788,1.028136,20191231,0.99909,13.7837477917594,13.7600315012686
