"Year","Month","CPI_Rate","CPIC_Rate","PPI_Rate","PCE_Rate"
1913,2,0,NA,-0.00826446280991733,NA
1913,3,0,NA,0,NA
1913,4,0,NA,0,NA
1913,5,-0.0102040816326532,NA,-0.0083333333333333,NA
1913,6,0.0103092783505156,NA,0,NA
1913,7,0.010204081632653,NA,0.00840336134453779,NA
1913,8,0,NA,0,NA
1913,9,0.0101010101010101,NA,0.0166666666666666,NA
1913,10,0,NA,0,NA
1913,11,0.00999999999999996,NA,-0.00819672131147538,NA
1913,12,-0.00990099009900987,NA,-0.0165289256198347,NA
1914,1,0,NA,-0.00840336134453779,NA
1914,2,-0.00999999999999996,NA,0,NA
1914,3,0,NA,-0.00847457627118656,NA
1914,4,-0.0101010101010101,NA,0,NA
1914,5,0.010204081632653,NA,-0.00854700854700852,NA
1914,6,0,NA,0,NA
1914,7,0.0101010101010101,NA,0,NA
1914,8,0.0199999999999999,NA,0.0344827586206897,NA
1914,9,0,NA,0.0083333333333333,NA
1914,10,-0.00980392156862742,NA,-0.0330578512396695,NA
1914,11,0.00990099009900987,NA,0,NA
1914,12,-0.00980392156862742,NA,-0.00854700854700852,NA
1915,1,0,NA,0.0172413793103449,NA
1915,2,-0.00990099009900987,NA,0,NA
1915,3,-0.00999999999999996,NA,0,NA
1915,4,0.0101010101010101,NA,0,NA
1915,5,0.00999999999999996,NA,0.00847457627118641,NA
1915,6,0,NA,-0.00840336134453779,NA
1915,7,0,NA,0.00847457627118641,NA
1915,8,0,NA,-0.00840336134453779,NA
1915,9,0,NA,0,NA
1915,10,0.00990099009900987,NA,0.0254237288135592,NA
1915,11,0.00980392156862759,NA,0.0165289256198348,NA
1915,12,0,NA,0.040650406504065,NA
1916,1,0.00970873786407763,NA,0.0390625,NA
1916,2,0,NA,0.0150375939849624,NA
1916,3,0.00961538461538458,NA,0.0296296296296297,NA
1916,4,0.00952380952380949,NA,0.014388489208633,NA
1916,5,0.00943396226415091,NA,0.00709219858156026,NA
1916,6,0.0093457943925235,NA,0.00704225352112686,NA
1916,7,0,NA,0.00699300699300697,NA
1916,8,0.00925925925925923,NA,0.0208333333333333,NA
1916,9,0.0183486238532109,NA,0.0204081632653062,NA
1916,10,0.0180180180180181,NA,0.0466666666666666,NA
1916,11,0.0176991150442477,NA,0.070063694267516,NA
1916,12,0.00869565217391301,NA,0.0178571428571429,NA
1917,1,0.00862068965517238,NA,0.0292397660818713,NA
1917,2,0.0256410256410257,NA,0.0227272727272726,NA
1917,3,0,NA,0.0277777777777778,NA
1917,4,0.05,NA,0.0648648648648648,NA
1917,5,0.015873015873016,NA,0.0558375634517767,NA
1917,6,0.0156249999999999,NA,0.00961538461538458,NA
1917,7,-0.0153846153846153,NA,0.00952380952380949,NA
1917,8,0.0156249999999999,NA,0.0141509433962264,NA
1917,9,0.0230769230769231,NA,-0.00930232558139532,NA
1917,10,0.0150375939849624,NA,-0.00938967136150231,NA
1917,11,0,NA,0.00473933649289089,NA
1917,12,0.0148148148148148,NA,0,NA
1918,1,0.0218978102189782,NA,0.018867924528302,NA
1918,2,0.00714285714285712,NA,-0.0231481481481481,NA
1918,3,-0.00709219858156026,NA,0.0331753554502369,NA
1918,4,0.0142857142857142,NA,0.0137614678899083,NA
1918,5,0.0211267605633803,NA,0,NA
1918,6,0.0137931034482758,NA,0.00452488687782796,NA
1918,7,0.0272108843537415,NA,0.0225225225225225,NA
1918,8,0.0198675496688742,NA,0.0220264317180617,NA
1918,9,0.0194805194805194,NA,0.021551724137931,NA
1918,10,0.0191082802547771,NA,-0.00843881856540081,NA
1918,11,0.01875,NA,0,NA
1918,12,0.0122699386503067,NA,0,NA
1919,1,0,NA,-0.0127659574468085,NA
1919,2,-0.0181818181818182,NA,-0.0344827586206897,NA
1919,3,0.0123456790123456,NA,0.00892857142857156,NA
1919,4,0.0182926829268293,NA,0.0132743362831857,NA
1919,5,0.0119760479041916,NA,0.017467248908297,NA
1919,6,0,NA,0.00429184549356214,NA
1919,7,0.029585798816568,NA,0.0384615384615386,NA
1919,8,0.0172413793103449,NA,0.0246913580246913,NA
1919,9,0.00564971751412437,NA,-0.0240963855421686,NA
1919,10,0.0168539325842697,NA,0.00411522633744847,NA
1919,11,0.0220994475138121,NA,0.0204918032786885,NA
1919,12,0.0216216216216215,NA,0.0441767068273093,NA
1920,1,0.0211640211640213,NA,0.0461538461538461,NA
1920,2,0.0103626943005181,NA,-0.00367647058823522,NA
1920,3,0.0102564102564102,NA,0.00738007380073798,NA
1920,4,0.0304568527918782,NA,0.0439560439560439,NA
1920,5,0.0147783251231527,NA,0.0105263157894737,NA
1920,6,0.0145631067961164,NA,-0.00347222222222227,NA
1920,7,-0.00478468899521521,NA,-0.00348432055749122,NA
1920,8,-0.0240384615384615,NA,-0.027972027972028,NA
1920,9,-0.0147783251231527,NA,-0.0359712230215827,NA
1920,10,-0.00500000000000007,NA,-0.0708955223880598,NA
1920,11,-0.0050251256281406,NA,-0.0763052208835341,NA
1920,12,-0.0202020202020203,NA,-0.0956521739130435,NA
1921,1,-0.0206185567010309,NA,-0.0576923076923077,NA
1921,2,-0.0315789473684211,NA,-0.0765306122448979,NA
1921,3,-0.00543478260869554,NA,-0.0220994475138123,NA
1921,4,-0.0109289617486338,NA,-0.03954802259887,NA
1921,5,-0.0220994475138123,NA,-0.0235294117647058,NA
1921,6,-0.00564971751412417,NA,-0.0301204819277108,NA
1921,7,0.00568181818181806,NA,0,NA
1921,8,0,NA,0,NA
1921,9,-0.0112994350282485,NA,0,NA
1921,10,0,NA,0.00621118012422347,NA
1921,11,-0.0057142857142858,NA,0,NA
1921,12,-0.00574712643678149,NA,-0.0123456790123456,NA
1922,1,-0.0231213872832371,NA,-0.01875,NA
1922,2,0,NA,0.0191082802547771,NA
1922,3,-0.0118343195266272,NA,0,NA
1922,4,0,NA,0.00625000000000009,NA
1922,5,0,NA,0.031055900621118,NA
1922,6,0,NA,0,NA
1922,7,0.00598802395209589,NA,0.0301204819277108,NA
1922,8,-0.0119047619047619,NA,-0.00584795321637435,NA
1922,9,0,NA,0.00588235294117655,NA
1922,10,0.00602409638554204,NA,0.00584795321637414,NA
1922,11,0.00598802395209589,NA,0.00581395348837218,NA
1922,12,0.00595238095238083,NA,0,NA
1923,1,-0.00591715976331348,NA,0.0173410404624278,NA
1923,2,0,NA,0.0113636363636363,NA
1923,3,0,NA,0.0112359550561797,NA
1923,4,0.00595238095238083,NA,-0.00555555555555563,NA
1923,5,0,NA,-0.0223463687150837,NA
1923,6,0.00591715976331369,NA,-0.0114285714285714,NA
1923,7,0.0117647058823529,NA,-0.0173410404624278,NA
1923,8,-0.00581395348837197,NA,-0.00588235294117655,NA
1923,9,0.00584795321637414,NA,0.0177514792899409,NA
1923,10,0.00581395348837218,NA,-0.00581395348837197,NA
1923,11,0,NA,-0.00584795321637435,NA
1923,12,0,NA,-0.00588235294117655,NA
1924,1,0,NA,0.0177514792899409,NA
1924,2,-0.00578034682080933,NA,0,NA
1924,3,-0.00581395348837197,NA,-0.0116279069767441,NA
1924,4,-0.00584795321637435,NA,-0.0176470588235295,NA
1924,5,0,NA,-0.0119760479041916,NA
1924,6,0,NA,-0.00606060606060615,NA
1924,7,0.00588235294117655,NA,0.00609756097560984,NA
1924,8,-0.00584795321637435,NA,0.0121212121212121,NA
1924,9,0.00588235294117655,NA,0,NA
1924,10,0.00584795321637414,NA,0.0119760479041916,NA
1924,11,0,NA,0.0118343195266274,NA
1924,12,0.00581395348837218,NA,0.023391812865497,NA
1925,1,0,NA,0.0114285714285714,NA
1925,2,-0.00578034682080933,NA,0.0112994350282485,NA
1925,3,0.00581395348837218,NA,0,NA
1925,4,-0.00578034682080933,NA,-0.0223463687150837,NA
1925,5,0.00581395348837218,NA,0,NA
1925,6,0.0115606936416185,NA,0.0114285714285714,NA
1925,7,0.0114285714285714,NA,0.0169491525423729,NA
1925,8,0,NA,-0.00555555555555563,NA
1925,9,0,NA,-0.00558659217877083,NA
1925,10,0,NA,0,NA
1925,11,0.0169491525423729,NA,0.0112359550561797,NA
1925,12,-0.00555555555555563,NA,-0.0111111111111111,NA
1926,1,0,NA,0,NA
1926,2,0,NA,-0.0112359550561797,NA
1926,3,-0.00558659217877083,NA,-0.0170454545454546,NA
1926,4,0.00561797752808977,NA,0,NA
1926,5,-0.00558659217877083,NA,0,NA
1926,6,-0.00561797752808997,NA,0,NA
1926,7,-0.0112994350282485,NA,-0.0115606936416185,NA
1926,8,-0.0057142857142858,NA,0,NA
1926,9,0.00574712643678169,NA,0.00584795321637414,NA
1926,10,0.0057142857142858,NA,-0.00581395348837197,NA
1926,11,0.00568181818181806,NA,-0.00584795321637435,NA
1926,12,0,NA,-0.00588235294117655,NA
1927,1,-0.0112994350282485,NA,-0.029585798816568,NA
1927,2,-0.0057142857142858,NA,0.0121951219512197,NA
1927,3,-0.00574712643678149,NA,-0.00602409638554225,NA
1927,4,0,NA,-0.0121212121212121,NA
1927,5,0.00578034682080913,NA,-0.00613496932515346,NA
1927,6,0.0114942528735634,NA,0,NA
1927,7,-0.0170454545454546,NA,0,NA
1927,8,-0.00578034682080933,NA,0.0123456790123456,NA
1927,9,0.00581395348837218,NA,0.0121951219512197,NA
1927,10,0.00578034682080913,NA,0.00602409638554204,NA
1927,11,-0.00574712643678149,NA,-0.00598802395209568,NA
1927,12,0,NA,0,NA
1928,1,0,NA,0,NA
1928,2,-0.0115606936416185,NA,-0.00602409638554225,NA
1928,3,0,NA,0,NA
1928,4,0,NA,0.0121212121212121,NA
1928,5,0.00584795321637414,NA,0.00598802395209589,NA
1928,6,-0.00581395348837197,NA,-0.00595238095238104,NA
1928,7,0,NA,0.00598802395209589,NA
1928,8,0,NA,0,NA
1928,9,0.0116959064327485,NA,0.0119047619047619,NA
1928,10,-0.00578034682080933,NA,-0.0176470588235295,NA
1928,11,0,NA,-0.0119760479041916,NA
1928,12,-0.00581395348837197,NA,0,NA
1929,1,0,NA,0,NA
1929,2,0,NA,-0.00606060606060615,NA
1929,3,-0.00584795321637435,NA,0.0121951219512197,NA
1929,4,-0.00588235294117655,NA,-0.00602409638554225,NA
1929,5,0.00591715976331369,NA,-0.0121212121212121,NA
1929,6,0.00588235294117655,NA,0.00613496932515324,NA
1929,7,0.0116959064327485,NA,0.0121951219512197,NA
1929,8,0,NA,0,NA
1929,9,0,NA,0,NA
1929,10,0,NA,-0.0120481927710845,NA
1929,11,0,NA,-0.0182926829268291,NA
1929,12,-0.00578034682080933,NA,0,NA
1930,1,-0.00581395348837197,NA,-0.0124223602484473,NA
1930,2,-0.00584795321637435,NA,-0.0125786163522013,NA
1930,3,-0.00588235294117655,NA,-0.0127388535031847,NA
1930,4,0.00591715976331369,NA,0,NA
1930,5,-0.00588235294117655,NA,-0.0129032258064516,NA
1930,6,-0.00591715976331348,NA,-0.0196078431372549,NA
1930,7,-0.0119047619047619,NA,-0.0333333333333333,NA
1930,8,-0.00602409638554225,NA,0,NA
1930,9,0.00606060606060615,NA,0,NA
1930,10,-0.00602409638554225,NA,-0.0137931034482758,NA
1930,11,-0.00606060606060615,NA,-0.020979020979021,NA
1930,12,-0.0182926829268291,NA,-0.0214285714285715,NA
1931,1,-0.0124223602484473,NA,-0.0145985401459854,NA
1931,2,-0.0125786163522013,NA,-0.0222222222222223,NA
1931,3,-0.00636942675159233,NA,-0.00757575757575755,NA
1931,4,-0.00641025641025639,NA,-0.015267175572519,NA
1931,5,-0.0129032258064516,NA,-0.0232558139534884,NA
1931,6,-0.0130718954248367,NA,-0.0158730158730158,NA
1931,7,0,NA,0,NA
1931,8,0,NA,0,NA
1931,9,-0.00662251655629137,NA,-0.00806451612903223,NA
1931,10,-0.00666666666666664,NA,-0.0162601626016261,NA
1931,11,-0.0134228187919464,NA,0,NA
1931,12,-0.00680272108843535,NA,-0.024793388429752,NA
1932,1,-0.0205479452054794,NA,-0.016949152542373,NA
1932,2,-0.0139860139860141,NA,-0.0172413793103448,NA
1932,3,-0.00709219858156026,NA,0,NA
1932,4,-0.00714285714285712,NA,-0.00877192982456137,NA
1932,5,-0.0143884892086332,NA,-0.0176991150442479,NA
1932,6,-0.00729927007299268,NA,-0.00900900900900898,NA
1932,7,0,NA,0.00909090909090906,NA
1932,8,-0.00735294117647056,NA,0.00900900900900898,NA
1932,9,-0.00740740740740738,NA,0.00892857142857156,NA
1932,10,-0.00746268656716415,NA,-0.0176991150442479,NA
1932,11,-0.00751879699248131,NA,-0.00900900900900898,NA
1932,12,-0.00757575757575755,NA,-0.0181818181818181,NA
1933,1,-0.015267175572519,NA,-0.0277777777777778,NA
1933,2,-0.0155038759689923,NA,-0.019047619047619,NA
1933,3,-0.00787401574803147,NA,0.00970873786407763,NA
1933,4,0,NA,0,NA
1933,5,0,NA,0.0384615384615385,NA
1933,6,0.00793650793650791,NA,0.0370370370370369,NA
1933,7,0.031496062992126,NA,0.0625000000000001,NA
1933,8,0.00763358778625951,NA,0.00840336134453779,NA
1933,9,0,NA,0.0166666666666666,NA
1933,10,0,NA,0.00819672131147553,NA
1933,11,0,NA,0,NA
1933,12,0,NA,-0.00813008130081312,NA
1934,1,0,NA,0.0163934426229509,NA
1934,2,0.00757575757575768,NA,0.0241935483870967,NA
1934,3,0,NA,0,NA
1934,4,0,NA,0,NA
1934,5,0,NA,0,NA
1934,6,0.00751879699248118,NA,0.0157480314960631,NA
1934,7,0,NA,0,NA
1934,8,0,NA,0.0232558139534883,NA
1934,9,0.0149253731343283,NA,0.0151515151515152,NA
1934,10,-0.00735294117647056,NA,-0.0149253731343284,NA
1934,11,0,NA,0,NA
1934,12,-0.00740740740740738,NA,0.00757575757575768,NA
1935,1,0.0149253731343283,NA,0.0225563909774435,NA
1935,2,0.00735294117647056,NA,0.00735294117647056,NA
1935,3,0,NA,0,NA
1935,4,0.0072992700729928,NA,0.0072992700729928,NA
1935,5,0,NA,0,NA
1935,6,-0.00724637681159431,NA,0,NA
1935,7,0,NA,-0.00724637681159431,NA
1935,8,0,NA,0.0145985401459855,NA
1935,9,0,NA,0,NA
1935,10,0,NA,0,NA
1935,11,0.0072992700729928,NA,0,NA
1935,12,0,NA,0.00719424460431652,NA
1936,1,0,NA,-0.00714285714285712,NA
1936,2,0,NA,0,NA
1936,3,-0.00724637681159431,NA,-0.0143884892086332,NA
1936,4,0,NA,0,NA
1936,5,0,NA,-0.0145985401459854,NA
1936,6,0.0072992700729928,NA,0.0148148148148148,NA
1936,7,0.00724637681159418,NA,0.0145985401459855,NA
1936,8,0.00719424460431652,NA,0.00719424460431652,NA
1936,9,0,NA,0,NA
1936,10,0,NA,0,NA
1936,11,0,NA,0.0142857142857142,NA
1936,12,0,NA,0.0211267605633803,NA
1937,1,0.00714285714285712,NA,0.0206896551724138,NA
1937,2,0,NA,0.00675675675675673,NA
1937,3,0.00709219858156026,NA,0.0134228187919463,NA
1937,4,0.00704225352112686,NA,0.00662251655629137,NA
1937,5,0.00699300699300697,NA,-0.00657894736842103,NA
1937,6,0,NA,-0.00662251655629137,NA
1937,7,0.00694444444444442,NA,0.0133333333333333,NA
1937,8,0,NA,-0.00657894736842103,NA
1937,9,0.00689655172413791,NA,0,NA
1937,10,0,NA,-0.0264900662251656,NA
1937,11,-0.00684931506849313,NA,-0.0204081632653061,NA
1937,12,-0.00689655172413791,NA,-0.0208333333333334,NA
1938,1,-0.013888888888889,NA,-0.00709219858156026,NA
1938,2,-0.00704225352112674,NA,-0.0142857142857142,NA
1938,3,0,NA,-0.00724637681159431,NA
1938,4,0.00709219858156026,NA,-0.0145985401459854,NA
1938,5,-0.00704225352112674,NA,0,NA
1938,6,0,NA,0,NA
1938,7,0,NA,0.00740740740740738,NA
1938,8,0,NA,-0.0147058823529411,NA
1938,9,0,NA,0.00746268656716415,NA
1938,10,-0.00709219858156026,NA,-0.00740740740740738,NA
1938,11,0,NA,0,NA
1938,12,0,NA,-0.00746268656716415,NA
1939,1,0,NA,0,NA
1939,2,-0.00714285714285712,NA,0,NA
1939,3,0,NA,-0.00751879699248131,NA
1939,4,-0.00719424460431652,NA,-0.00757575757575755,NA
1939,5,0,NA,0,NA
1939,6,0,NA,-0.00763358778625951,NA
1939,7,0,NA,0,NA
1939,8,0,NA,-0.00769230769230766,NA
1939,9,0.0217391304347825,NA,0.0542635658914728,NA
1939,10,-0.00709219858156026,NA,0.00735294117647056,NA
1939,11,0,NA,-0.00729927007299268,NA
1939,12,0,NA,0.00735294117647056,NA
1940,1,-0.00714285714285712,NA,0,NA
1940,2,0.00719424460431652,NA,-0.00729927007299268,NA
1940,3,0,NA,-0.00735294117647056,NA
1940,4,0,NA,0,NA
1940,5,0,NA,0,NA
1940,6,0.00714285714285712,NA,-0.00740740740740738,NA
1940,7,-0.00709219858156026,NA,0,NA
1940,8,0,NA,0,NA
1940,9,0,NA,0,NA
1940,10,0,NA,0.0149253731343283,NA
1940,11,0,NA,0.00735294117647056,NA
1940,12,0.00714285714285712,NA,0.0072992700729928,NA
1941,1,0,NA,0.00724637681159418,NA
1941,2,0,NA,0,NA
1941,3,0.00709219858156026,NA,0.00719424460431652,NA
1941,4,0.00704225352112686,NA,0.0285714285714286,NA
1941,5,0.00699300699300697,NA,0.0138888888888888,NA
1941,6,0.0208333333333333,NA,0.0273972602739726,NA
1941,7,0,NA,0.02,NA
1941,8,0.0136054421768708,NA,0.0196078431372548,NA
1941,9,0.0134228187919463,NA,0.0128205128205129,NA
1941,10,0.0132450331125829,NA,0.00632911392405061,NA
1941,11,0.00653594771241828,NA,0,NA
1941,12,0.00649350649350647,NA,0.0188679245283018,NA
1942,1,0.0129032258064516,NA,0.0185185185185186,NA
1942,2,0.00636942675159245,NA,0.0121212121212121,NA
1942,3,0.0126582278481012,NA,0.00598802395209589,NA
1942,4,0.00625000000000009,NA,0.0119047619047619,NA
1942,5,0.0124223602484472,NA,0,NA
1942,6,0,NA,0,NA
1942,7,0.00613496932515324,NA,0,NA
1942,8,0.00609756097560984,NA,0.00588235294117655,NA
1942,9,0,NA,0.00584795321637414,NA
1942,10,0.0121212121212121,NA,0,NA
1942,11,0.00598802395209589,NA,0.00581395348837218,NA
1942,12,0.00595238095238083,NA,0.00578034682080913,NA
1943,1,0,NA,0.00574712643678169,NA
1943,2,0,NA,0.0114285714285714,NA
1943,3,0.0177514792899409,NA,0.00564971751412437,NA
1943,4,0.0116279069767441,NA,0.00561797752808977,NA
1943,5,0.00574712643678169,NA,0,NA
1943,6,0,NA,0,NA
1943,7,-0.0057142857142858,NA,-0.00558659217877083,NA
1943,8,-0.00574712643678149,NA,0,NA
1943,9,0.00578034682080913,NA,0,NA
1943,10,0,NA,0,NA
1943,11,0,NA,-0.00561797752808997,NA
1943,12,0,NA,0.00564971751412437,NA
1944,1,0,NA,0,NA
1944,2,0,NA,0,NA
1944,3,0,NA,0.00561797752808977,NA
1944,4,0.00574712643678169,NA,0,NA
1944,5,0,NA,0,NA
1944,6,0.0057142857142858,NA,0.00558659217877103,NA
1944,7,0.00568181818181806,NA,-0.00555555555555563,NA
1944,8,0,NA,0,NA
1944,9,0,NA,0,NA
1944,10,0,NA,0,NA
1944,11,0,NA,0.00558659217877103,NA
1944,12,0.00564971751412437,NA,0,NA
1945,1,0,NA,0.00555555555555563,NA
1945,2,0,NA,0,NA
1945,3,0,NA,0,NA
1945,4,0,NA,0.00552486187845292,NA
1945,5,0.00561797752808977,NA,0.00549450549450557,NA
1945,6,0.0111731843575421,NA,0,NA
1945,7,0,NA,0,NA
1945,8,0,NA,-0.00546448087431702,NA
1945,9,0,NA,-0.00549450549450538,NA
1945,10,0,NA,0.00552486187845292,NA
1945,11,0,NA,0.0109890109890109,NA
1945,12,0.00552486187845292,NA,0,NA
1946,1,0,NA,0,NA
1946,2,-0.00549450549450538,NA,0.00543478260869573,NA
1946,3,0.011049723756906,NA,0.0162162162162163,NA
1946,4,0.00546448087431682,NA,0.0106382978723404,NA
1946,5,0.00543478260869573,NA,0.00526315789473692,NA
1946,6,0.0108108108108108,NA,0.0157068062827224,NA
1946,7,0.0588235294117648,NA,0.108247422680412,NA
1946,8,0.0202020202020201,NA,0.0325581395348837,NA
1946,9,0.00990099009900987,NA,-0.0360360360360361,NA
1946,10,0.019607843137255,NA,0.0794392523364487,NA
1946,11,0.0240384615384615,NA,0.0432900432900433,NA
1946,12,0.00938967136150231,NA,0.00829875518672196,NA
1947,1,0,NA,0.00823045267489709,NA
1947,2,0,NA,0.00816326530612242,NA
1947,3,0.0186046511627906,NA,0.0242914979757086,NA
1947,4,0,NA,-0.00790513833992092,NA
1947,5,0,NA,-0.00398406374501998,NA
1947,6,0.00456621004566217,NA,0,NA
1947,7,0.00909090909090906,NA,0.012,NA
1947,8,0.0135135135135135,NA,0.0118577075098814,NA
1947,9,0.0222222222222222,NA,0.01953125,NA
1947,10,0,NA,0.0114942528735631,NA
1947,11,0.00434782608695658,NA,0.0113636363636364,NA
1947,12,0.0129870129870129,NA,0.0187265917602996,NA
1948,1,0.0128205128205129,NA,0.0183823529411765,NA
1948,2,-0.00843881856540081,NA,-0.0180505415162455,NA
1948,3,-0.00425531914893623,NA,0,NA
1948,4,0.0170940170940172,NA,0.00735294117647056,NA
1948,5,0.00420168067226882,NA,0.0036496350364964,NA
1948,6,0.0083682008368202,NA,0.00727272727272725,NA
1948,7,0.0124481327800829,NA,0.0108303249097473,NA
1948,8,0.00409836065573776,NA,0.00714285714285712,NA
1948,9,0,NA,-0.00354609929078007,NA
1948,10,-0.00408163265306128,NA,-0.0106761565836299,NA
1948,11,-0.00819672131147538,NA,0,NA
1948,12,-0.00413223140495859,NA,-0.00719424460431652,NA
1949,1,-0.00414937759336105,NA,-0.0108695652173913,NA
1949,2,-0.0083333333333333,NA,-0.0183150183150183,NA
1949,3,0,NA,0,NA
1949,4,0.00420168067226882,NA,-0.0111940298507463,NA
1949,5,-0.00418410041840995,NA,-0.00754716981132073,NA
1949,6,0.00420168067226882,NA,-0.0114068441064639,NA
1949,7,-0.00836820083682006,NA,0,NA
1949,8,0.00421940928270048,NA,0,NA
1949,9,0.00420168067226882,NA,0.0038461538461539,NA
1949,10,-0.00836820083682006,NA,-0.00383141762452113,NA
1949,11,0.00421940928270048,NA,0,NA
1949,12,-0.00840336134453779,NA,-0.0038461538461539,NA
1950,1,-0.00423728813559328,NA,0,NA
1950,2,0,NA,0.00772200772200783,NA
1950,3,0.00425531914893623,NA,0,NA
1950,4,0,NA,0,NA
1950,5,0.00423728813559313,NA,0.0114942528735631,NA
1950,6,0.00421940928270048,NA,0.00757575757575768,NA
1950,7,0.0126050420168068,NA,0.0263157894736842,NA
1950,8,0.00829875518672196,NA,0.0219780219780219,NA
1950,9,0.00411522633744847,NA,0.017921146953405,NA
1950,10,0.00819672131147553,NA,0.00704225352112686,NA
1950,11,0.00406504065040642,NA,0.0139860139860139,NA
1950,12,0.0121457489878543,NA,0.0241379310344827,NA
1951,1,0.0159999999999999,NA,0.026936026936027,NA
1951,2,0.0118110236220473,NA,0.0131147540983606,NA
1951,3,0.00389105058365764,NA,0,NA
1951,4,0,NA,-0.00323624595469249,NA
1951,5,0.00387596899224798,NA,-0.00324675324675329,NA
1951,6,0,NA,-0.006514657980456,NA
1951,7,0,NA,-0.0065573770491803,NA
1951,8,0,NA,-0.00660066006600658,NA
1951,9,0.00772200772200783,NA,0,NA
1951,10,0.00383141762452099,NA,0,NA
1951,11,0.00763358778625951,NA,0,NA
1951,12,0.00378787878787884,NA,0,NA
1952,1,0,NA,-0.00332225913621267,NA
1952,2,-0.00754716981132073,NA,-0.00666666666666664,NA
1952,3,0,NA,0,NA
1952,4,0.00380228136882121,NA,-0.00671140939597313,NA
1952,5,0,NA,0,NA
1952,6,0.00378787878787884,NA,-0.00337837837837843,NA
1952,7,0.00754716981132073,NA,0.00338983050847462,NA
1952,8,0,NA,0.00675675675675673,NA
1952,9,0,NA,-0.00671140939597313,NA
1952,10,0,NA,-0.00337837837837843,NA
1952,11,0,NA,-0.00677966101694913,NA
1952,12,0,NA,-0.00682593856655288,NA
1953,1,-0.00374531835205985,NA,0,NA
1953,2,-0.00375939849624065,NA,0,NA
1953,3,0.00377358490566043,NA,0.00343642611683841,NA
1953,4,0,NA,-0.00684931506849313,NA
1953,5,0.00375939849624052,NA,0.00344827586206901,NA
1953,6,0.00374531835205998,NA,-0.00343642611683854,NA
1953,7,0,NA,0.0137931034482758,NA
1953,8,0.00373134328358201,NA,-0.00340136054421761,NA
1953,9,0,NA,0.00341296928327638,NA
1953,10,0.00371747211895916,NA,-0.00680272108843535,NA
1953,11,-0.00370370370370376,NA,-0.0034246575342465,NA
1953,12,0,NA,0.00343642611683841,NA
1954,1,0,NA,0.00684931506849313,NA
1954,2,0,NA,-0.00340136054421761,NA
1954,3,0,NA,0,NA
1954,4,-0.00371747211895903,NA,0.00341296928327638,NA
1954,5,0.00373134328358201,NA,0,NA
1954,6,0,NA,-0.00680272108843535,NA
1954,7,0,NA,0.00342465753424662,NA
1954,8,0,NA,0,NA
1954,9,-0.00371747211895903,NA,-0.0034129692832765,NA
1954,10,0,NA,-0.0034246575342465,NA
1954,11,0,NA,0.00343642611683841,NA
1954,12,-0.00373134328358214,NA,-0.00684931506849313,NA
1955,1,0,NA,0.00689655172413791,NA
1955,2,0,NA,0.00342465753424662,NA
1955,3,0,NA,-0.0034129692832765,NA
1955,4,0,NA,0.00342465753424662,NA
1955,5,0,NA,-0.00682593856655288,NA
1955,6,0,NA,0.00687285223367695,NA
1955,7,0.00374531835205998,NA,0,NA
1955,8,0,NA,0.00341296928327638,NA
1955,9,0.00373134328358201,NA,0.00680272108843547,NA
1955,10,0,NA,0,NA
1955,11,0,NA,-0.00337837837837843,NA
1955,12,-0.00371747211895903,NA,0,NA
1956,1,0,NA,0.00677966101694913,NA
1956,2,0,NA,0.00336700336700341,NA
1956,3,0,NA,0.00335570469798651,NA
1956,4,0.00373134328358201,NA,0.00668896321070244,NA
1956,5,0.00371747211895916,NA,0.00664451827242523,NA
1956,6,0.00740740740740738,NA,0,NA
1956,7,0.00735294117647056,NA,-0.00330033003300335,NA
1956,8,-0.00364963503649627,NA,0.00662251655629137,NA
1956,9,0.00366300366300358,NA,0.00657894736842115,NA
1956,10,0.0036496350364964,NA,0,NA
1956,11,0,NA,0.00326797385620908,NA
1956,12,0.00363636363636369,NA,0.00325732899022806,NA
1957,1,0,NA,0.00649350649350647,NA
1957,2,0.00362318840579702,0,0,NA
1957,3,0.00361010830324915,0.0070175438596491,0,NA
1957,4,0.0035971223021582,0.00348432055749134,0.00322580645161295,NA
1957,5,0.00358422939068105,0,-0.00321543408360133,NA
1957,6,0.00357142857142862,0.00347222222222215,0.00322580645161295,NA
1957,7,0.0071174377224199,0,0.00643086816720255,NA
1957,8,0,0.0034602076124568,0.00319488817891367,NA
1957,9,0,0.00344827586206901,-0.00318471337579611,NA
1957,10,0,0.00343642611683841,-0.00319488817891378,NA
1957,11,0.00353356890459356,0.00684931506849313,0.00320512820512825,NA
1957,12,0,0,0.00319488817891367,NA
1958,1,0.00704225352112686,0,0.00318471337579622,NA
1958,2,0,0,0,NA
1958,3,0.00699300699300697,0.00340136054421774,0.00634920634920633,NA
1958,4,0.00347222222222215,0,-0.00315457413249205,NA
1958,5,0,0,0.00316455696202525,NA
1958,6,0,0,-0.00315457413249205,NA
1958,7,0.0034602076124568,0.00338983050847462,0,NA
1958,8,-0.00344827586206901,0,0,NA
1958,9,0,0,0,NA
1958,10,0,0.00337837837837831,-0.00316455696202536,NA
1958,11,0.0034602076124568,0.00673400673400671,0.00317460317460322,NA
1958,12,-0.00344827586206901,0,0,NA
1959,1,0.0034602076124568,0,0.00316455696202525,NA
1959,2,-0.00344827586206901,0,0,0.0114341718392682
1959,3,0,0.00334448160535122,0,0.0100129198966407
1959,4,0.0034602076124568,0,0.00315457413249216,-0.00159897665494084
1959,5,0,0.00333333333333338,0,0.0124919923126202
1959,6,0.00344827586206901,0,-0.00314465408805036,0.00664346725719698
1959,7,0.00343642611683841,0.00332225913621255,0,-0.00125707102451281
1959,8,0,0,-0.00315457413249205,0.0075519194461925
1959,9,0.00342465753424662,0.00331125827814574,0.00316455696202525,0.0124921923797626
1959,10,0.00341296928327638,0.00660066006600658,-0.00315457413249205,-0.00431832202344225
1959,11,0,0,-0.00316455696202536,0.000309789343246487
1959,12,0,0,0,0
1960,1,-0.00340136054421761,0,0.00317460317460322,0.00216785382471367
1960,2,0.00341296928327638,0.00327868852459021,0,0.0052533992583436
1960,3,0,0,0.00632911392405061,0.0150630187519212
1960,4,0.00340136054421774,0,0,0.0190793458509994
1960,5,0,0,-0.00314465408805036,-0.0193164933135215
1960,6,0.00338983050847462,0,0,0.000303030303030372
1960,7,0,0,0,0.00393820054528917
1960,8,0,0,-0.00315457413249205,0.000603500301750288
1960,9,0,0,0,0.00542822677925197
1960,10,0.00675675675675673,0.00653594771241828,0.00316455696202525,0.00599880023995201
1960,11,0,0,0,0
1960,12,0,0,0,-0.0122242098986284
1961,1,0,0,0.00315457413249216,0.00271657108360995
1961,2,0,0,0,0.0045153521974714
1961,3,0,0,0,0.0119868145040456
1961,4,0,0.00324675324675318,-0.00628930817610061,-0.000296120817293355
1961,5,0,0,-0.00316455696202536,0.00681279620853067
1961,6,0,0,-0.00634920634920633,0.00294204177699323
1961,7,0.00671140939597313,0.0032362459546926,0.00638977635782745,-0.000880023467292328
1961,8,-0.00333333333333338,0,0,0.00440399295361127
1961,9,0.00334448160535122,0.00322580645161295,0,0.00672318035662074
1961,10,0,0.00321543408360122,0,0.00609756097560982
1961,11,0,0,0,0.00981240981240975
1961,12,0,0,0.00317460317460322,0.0071448985424407
1962,1,0,0,0.00316455696202525,0.00227014755959141
1962,2,0.00333333333333338,0,0,0.00226500566251419
1962,3,0,0.00320512820512825,0,0.00960451977401124
1962,4,0.00332225913621255,0,-0.00315457413249205,0.00447677672076112
1962,5,0,0.00319488817891367,-0.00316455696202536,0.00835654596100279
1962,6,0,0,0,-0.00441988950276249
1962,7,0.00331125827814574,0,0.00317460317460322,0.00277469478357381
1962,8,0,0,0,0.00415052573325955
1962,9,0.00330033003300323,0.00318471337579622,0.00949367088607586,0.0162579222926427
1962,10,0,0.00317460317460322,-0.00626959247648901,-0.00623644251626901
1962,11,0,0,0,0.0141882673942701
1962,12,0,0,-0.00315457413249205,0.00511164917944588
1963,1,0,-0.00316455696202536,0,0.00214132762312622
1963,2,0,0,-0.00316455696202536,-0.00267094017094017
1963,3,0.00328947368421057,0.00317460317460322,0,0.00428494911622931
1963,4,0,0.00316455696202525,-0.00317460317460322,0.00373333333333327
1963,5,0,0,0.00318471337579622,0.00212539851222107
1963,6,0.00327868852459021,0.00315457413249216,0.00317460317460322,0.0119300106044539
1963,7,0.00326797385620908,0,0.00316455696202525,0.00707361802462664
1963,8,0,0.00314465408805025,-0.00315457413249205,0.00494276795005212
1963,9,0,0,0,-0.00207092932953666
1963,10,0.00325732899022806,0.00313479623824456,0,0.0012970168612192
1963,11,0,0.00312500000000004,0.00316455696202525,0.00880829015544035
1963,12,0.00324675324675318,0,-0.00315457413249205,0.0136106831022086
1964,1,0,0,0.00632911392405061,0.00532049657968083
1964,2,0,0,-0.00628930817610061,0.00856854838709672
1964,3,0,0.00311526479750783,0,0.00399800099950031
1964,4,0,0,0,0.00248880039820806
1964,5,0,0,-0.00316455696202536,0.0139026812313803
1964,6,0.0032362459546926,0.00310559006211162,0,0.00734573947110676
1964,7,0.00322580645161295,0,0.00317460317460322,0.00850753524550316
1964,8,-0.00321543408360133,-0.00309597523219797,0,0.0067486141238853
1964,9,0.00322580645161295,0.00310559006211162,0.00316455696202525,-0.00263346899688764
1964,10,0,0.00309597523219819,0,0.0072011521843495
1964,11,0.00321543408360122,0.00308641975308646,0,-0.00762631077216407
1964,12,0,0,0,0.01104707012488
1965,1,0,0.00307692307692312,0.00315457413249216,0.0080760095011876
1965,2,0,0,0.00314465408805025,0.0164938737040528
1965,3,0.00320512820512825,0,0,0.00440426518312479
1965,4,0.00319488817891367,0.00306748466257673,0.00313479623824456,0.00876990537733674
1965,5,0,0,0.00312500000000004,0.00114390299702585
1965,6,0.00636942675159245,0,0.00934579439252328,-0.00548446069469843
1965,7,0,0,0,0.013327205882353
1965,8,0,0,0,0.00770975056689337
1965,9,0,0.00305810397553499,0,0.0171017101710172
1965,10,0.00316455696202525,0.00304878048780492,0.00308641975308646,0.0143805309734513
1965,11,0,0,0.00307692307692312,0.00130861504907311
1965,12,0.00315457413249216,0.00303951367781159,0.00613496932515324,0.0056632541929862
1966,1,0,-0.00303030303030307,0.00304878048780492,0.00758068009529998
1966,2,0.00628930817610061,0.00303951367781159,0.00911854103343478,0.0107480653482373
1966,3,0.00312500000000004,0.00303030303030307,0,0.0102084219481072
1966,4,0.00623052959501544,0.00604229607250742,0,0.00399999999999995
1966,5,0,0.00300300300300305,0,-0.00796812749003975
1966,6,0.00309597523219819,0.00299401197604795,0.00301204819277091,0.00507292327203546
1966,7,0.00308641975308646,0.00298507462686571,0.00600600600600609,0.0107255520504732
1966,8,0.00615384615384624,0.00297619047619052,0.00298507462686571,0.00540990428630871
1966,9,0,0.00296735905044493,0,0.0124172185430464
1966,10,0.00611620795107021,0.00591715976331369,-0.00595238095238104,-0.00183973834832375
1966,11,0,0.00294117647058828,-0.00299401197604795,0.00368625844767563
1966,12,0,0,0,0.00346867986125278
1967,1,0,0,0.00300300300300305,0.00488003253355018
1967,2,0,0.00293255131964814,0,-0.00242816673411572
1967,3,0.00303951367781159,0.00292397660818697,-0.00299401197604795,0.0056795131845842
1967,4,0.00303030303030307,0.00291545189504377,-0.00600600600600588,0.0110931827349738
1967,5,0.00302114803625382,0.00290697674418609,0.00604229607250742,0.0017953321364452
1967,6,0.00301204819277091,0.00289855072463772,0.00600600600600609,0.00915969733174039
1967,7,0.00300300300300305,0.00289017341040467,0,-0.000197316495659082
1967,8,0.00299401197604795,0.00288184438040329,-0.00298507462686571,0.00611801855141114
1967,9,0.00298507462686571,0.00574712643678169,0,0.0113770105923892
1967,10,0.00297619047619052,0.0057142857142858,0,-0.00659425911559344
1967,11,0.00296735905044493,0.00284090909090893,0,0.0101522842639593
1967,12,0.00295857988165685,0.00283286118980174,0.00898203592814384,0.0148821028218014
1968,1,0.00589970501474935,0.00282485875706219,0.00296735905044493,0.0110455151399733
1968,2,0.00293255131964814,0.00281690140845074,0.00591715976331369,0.00508570352232067
1968,3,0.00292397660818697,0.00561797752808977,0.00294117647058828,0.0200524737631183
1968,4,0.00291545189504377,0.00279329608938551,0,-0.000551166636046214
1968,5,0.00290697674418609,0.0027855153203343,0.00293255131964814,0.0106617647058823
1968,6,0.00579710144927544,0.00555555555555563,0,0.0118224809021462
1968,7,0.00576368876080679,0.00552486187845292,0.00292397660818697,0.0124033794715083
1968,8,0.00286532951289402,0.00274725274725279,-0.00291545189504357,0.00674715909090901
1968,9,0.0028571428571429,0.0054794520547946,0.00584795321637414,0.0021164021164022
1968,10,0.00569800569800558,0.00544959128065383,0,0.00598380851812738
1968,11,0.00283286118980174,0.00542005420054208,0.00290697674418609,0.00892232330300914
1968,12,0.00282485875706219,0.00269541778975745,0.00289855072463772,-0.000346800762961757
1969,1,0.00281690140845074,0.0026881720430106,0.00578034682080913,0.0121422376409367
1969,2,0.00561797752808977,0.00536193029490624,0.00574712643678169,0.00891173950299922
1969,3,0.00837988826815654,0.00799999999999992,0.0057142857142858,0.000339731612026383
1969,4,0.00554016620498603,0.00793650793650805,0.00284090909090893,0.00849040584139922
1969,5,0.00275482093663916,0.00262467191601054,0.00566572237960348,0.0107762249536959
1969,6,0.00549450549450557,0.00261780104712027,0.00563380281690149,0.0009995002498751
1969,7,0.00546448087431682,0.00522193211488258,0.00280112044817911,0.00299550673989028
1969,8,0.00543478260869573,0.00259740259740263,-0.00279329608938532,0.0119462419113986
1969,9,0.00270270270270274,0.00777202072538853,0.00280112044817911,0.00541072306935574
1969,10,0.00539083557951471,0.00514138817480727,0.00279329608938551,0.00864318330071747
1969,11,0.00536193029490624,0.00511508951406639,0.0055710306406686,0.00323362974939369
1969,12,0.00533333333333341,0.0050890585241731,0.00554016620498603,0.00370668815471387
1970,1,0.00265251989389905,0.00253164556962029,0.00550964187327832,0.00947334617854864
1970,2,0.00529100529100537,0.00505050505050494,0.0054794520547946,0.00843009384444084
1970,3,0.00526315789473692,0.00753768844221116,0,-0.00268138801261837
1970,4,0.00785340314136118,0.00498753117206972,0.00272479564032682,0.0058516526965049
1970,5,0.00259740259740263,0.00496277915632761,0,0.010062893081761
1970,6,0.00518134715025896,0.00740740740740734,0.00271739130434787,0.0060709838107098
1970,7,0.00515463917525781,0.0024509803921569,0.00542005420054208,0.00340399195420091
1970,8,0,0.00244498777506116,-0.0053908355795149,0.00678488820354661
1970,9,0.0051282051282052,0.00731707317073164,0.00542005420054208,0.0094960943482923
1970,10,0.00510204081632642,0.00726392251815991,0,-0.00121377636170546
1970,11,0.00507614213197977,0.00721153846153839,0,-0.00258240923591058
1970,12,0.00505050505050494,0.00477326968973754,0,0.0137069753274444
1971,1,0,0,0.00539083557951471,0.0157752403846154
1971,2,0.00251256281407039,0,0.0107238605898125,0.00488093477296251
1971,3,0.00250626566416044,0.00237529691211405,0.00265251989389905,0.00382690609361204
1971,4,0.00250000000000004,0.00236966824644536,0.00264550264550268,0.00997067448680345
1971,5,0.00498753117206972,0.00709219858156038,0.00527704485488134,0.00333914053426258
1971,6,0.00744416873449142,0.00469483568075107,0.00262467191601054,0.0125886268267978
1971,7,0.00246305418719215,0.00233644859813087,0.00261780104712027,-0.00128608173763929
1971,8,0.00245700245700232,0,0.00522193211488258,0.00858491915867792
1971,9,0,0.00466200466200473,-0.00519480519480527,0.0114909916300185
1971,10,0.0024509803921569,0.00232018561484922,0,0.0039270687237026
1971,11,0,0.00231481481481468,0,0.00712489522212912
1971,12,0.00488997555012232,0.00230946882217093,0.00783289817232387,0.0104036620890553
1972,1,0,0,0.00518134715025896,0.00425590334980783
1972,2,0.0048661800486617,0.00230414746543782,0.0103092783505156,0.00642515379357491
1972,3,0.0024213075060533,0.00229885057471268,0,0.0176582450421081
1972,4,0.0024154589371981,0.00229357798165141,0.00255102040816312,0.00440469834490117
1972,5,0.0024096385542169,0.0045766590389015,0.0050890585241731,0.00730897009966777
1972,6,0.00240384615384619,0.00227790432801826,0.00506329113924058,0.00474934036939317
1972,7,0.00479616306954426,0.00227272727272731,0.00755667506297222,0.0108981092436974
1972,8,0.00238663484486877,0.00453514739229015,0.00250000000000004,0.00831276789193399
1972,9,0.00238095238095241,0,0.00249376558603495,0.00618317660698193
1972,10,0.00475059382422793,0.00451467268623031,-0.00248756218905476,0.0176673921392907
1972,11,0.00236406619385346,0.00224719101123599,0.00498753117206972,0.00704491130959872
1972,12,0.00235849056603777,0.00224215246636774,0.0198511166253103,0.00699562773266711
1973,1,0.00235294117647062,-0.00223713646532442,0.0121654501216545,0.0129016251085473
1973,2,0.00704225352112669,0.00224215246636774,0.0192307692307692,0.0113900796080832
1973,3,0.00932400932400929,0.00447427293064867,0.0235849056603774,0.0084766287236619
1973,4,0.0069284064665128,0.00445434298440986,0.00460829493087564,0.00348222862632095
1973,5,0.00688073394495406,0.00443458980044336,0.0206422018348624,0.00705994974273062
1973,6,0.00683371298405477,0.00220750551876383,0.0224719101123595,0.00320817490494288
1973,7,0.0022624434389139,0.0022026431718062,-0.0131868131868132,0.0116072486083147
1973,8,0.0180586907449211,0.00439560439560446,0.0579064587973274,-0.000936658470905126
1973,9,0.00221729490022176,0.00656455142231941,-0.0168421052631578,0.0186335403726709
1973,10,0.00884955752212386,0.00869565217391301,-0.00856531049250548,-0.00115048320294524
1973,11,0.00657894736842099,0.00431034482758627,0.00431965442764585,0.0100207325501036
1973,12,0.00653594771241839,0.00429184549356214,0.0193548387096774,-0.000342114266164847
1974,1,0.00865800865800863,0,0.0337552742616034,0.00901209217430981
1974,2,0.0128755364806867,0.0064102564102565,0.0204081632653061,0.00587902769926517
1974,3,0.0127118644067795,0.00849256900212311,0.012,0.0131505001685961
1974,4,0.0041841004184101,0.00842105263157892,0.00790513833992092,0.0104282227645884
1974,5,0.0125,0.0104384133611691,0.0156862745098039,0.0127360562143171
1974,6,0.00823045267489709,0.0123966942148761,0.00386100386100392,0.00607111882046837
1974,7,0.00816326530612242,0.0102040816326531,0.0384615384615385,0.0106681034482758
1974,8,0.0121457489878543,0.0121212121212122,0.0351851851851852,0.0180189785691438
1974,9,0.012,0.0119760479041916,0,0.000314201927105224
1974,10,0.00988142292490119,0.0118343195266271,0.0178890876565295,0.00429274421526544
1974,11,0.00782778864970643,0.00974658869395712,0.00878734622144113,-0.00312760633861551
1974,12,0.00776699029126211,0.00386100386100392,-0.00174216027874567,0.00585651537335276
1975,1,0.00385356454720622,0.0038461538461539,0.0017452006980803,0.0143480973175297
1975,2,0.0076775431861804,0.00766283524904212,-0.00348432055749122,0.0141451414514145
1975,3,0.00380952380952386,0.00570342205323188,-0.00524475524475532,0.00121285627653128
1975,4,0.00379506641366216,0.00756143667296784,0.0105448154657294,0.00444175247324851
1975,5,0.00567107750472598,0.0037523452157599,0.00695652173913041,0.0240201005025125
1975,6,0.00751879699248118,0.0037383177570094,0.00172711571675305,0.00775345961330845
1975,7,0.0111940298507463,0.0055865921787709,0.0120689655172414,0.0126606934164394
1975,8,0.0018450184501844,0.00370370370370376,0.00511073253833045,0.00692440854010391
1975,9,0.00552486187845312,0.00738007380073798,0.00677966101694913,0.00744985673352431
1975,10,0.00549450549450544,0.00549450549450544,0.00673400673400671,0.00578308684110745
1975,11,0.00728597449908923,0.00728597449908923,-0.00501672240802671,0.0140446790460928
1975,12,0.00361663652802898,0.00361663652802898,0.00336134453781517,0.0151515151515151
1976,1,0.00180180180180183,0.00360360360360365,0.00335008375209373,0.0137350059518359
1976,2,0.0035971223021582,0.00538599640933568,0,0.000541956462830943
1976,3,0.00179211469534053,0.00714285714285712,0.00166944908180303,0.00649995486142461
1976,4,0.00357781753130595,0.00531914893617029,0.01,0.00941788501210871
1976,5,0.00713012477718358,0.00529100529100524,0.00330033003300323,-0.00239914696996627
1976,6,0.00530973451327429,0.00350877192982461,0.00657894736842115,0.0158546361450075
1976,7,0.00528169014084515,0.00699300699300697,0.00653594771241828,0.00797895659798326
1976,8,0.00525394045534146,0.00520833333333328,-0.00324675324675329,0.00730688935281845
1976,9,0.00348432055749134,0.00690846286701207,0.006514657980456,0.00932642487046628
1976,10,0.00520833333333328,0.00514579759862786,0.0016181229773463,0.00684462696783025
1976,11,0.00172711571675305,0.00511945392491463,0.00161550888529889,0.0103670972127805
1976,12,0.00344827586206901,0,0.00806451612903226,0.0189234650967199
1977,1,0.00515463917525768,0.00509337860780992,0.00479999999999995,0.00288898060255881
1977,2,0.0102564102564103,0.00506756756756752,0.0111464968152867,0.0134156378600823
1977,3,0.00676818950930624,0.00672268907563023,0.0094488188976377,0.00568504832291074
1977,4,0.00840336134453781,0.006677796327212,0.012480499219969,0.0072680287490915
1977,5,0.00499999999999995,0.00497512437810952,0.00462249614791983,0.00785697105748413
1977,6,0.0066334991708127,0.00660066006600658,-0.00306748466257673,0.00517063081695967
1977,7,0.0049423393739703,0.00327868852459021,0.00153846153846145,0.0133744855967079
1977,8,0.00327868852459021,0.00490196078431368,-0.00153609831029177,0.00406091370558379
1977,9,0.00326797385620908,0.00650406504065038,0.00461538461538457,0.00684452049467213
1977,10,0.00325732899022806,0.00323101777059778,0.004594180704441,0.013055233680958
1977,11,0.00487012987012982,0.00483091787439609,0.00304878048780492,0.01189568400183
1977,12,0.00323101777059778,0.00480769230769238,0.00607902735562319,0.00678221552373775
1978,1,0.00644122383252816,0.00478468899521527,0.00906344410876124,-0.00486526946107784
1978,2,0.00639999999999998,0.00317460317460322,0.0104790419161677,0.019255359157578
1978,3,0.00794912559618442,0.00791139240506329,0.0088888888888888,0.016530145376725
1978,4,0.00788643533123028,0.00784929356357928,0.0132158590308371,0.0137205081669692
1978,5,0.00938967136150237,0.00778816199376947,0.0072463768115942,0.0111715840733314
1978,6,0.0108527131782946,0.00927357032457487,0.00719424460431655,0.00977337110481583
1978,7,0.00766871165644172,0.00612557427258814,0.0057142857142858,0.000701360639640903
1978,8,0.00456621004566206,0.00608828006088267,0,0.0141575553686572
1978,9,0.00757575757575758,0.0105900151285931,0.00852272727272719,0.00407740152038707
1978,10,0.00902255639097736,0.00748502994011976,0.0112676056338028,0.00963590061256797
1978,11,0.00447093889716858,0.00742942050520059,0.00417827298050135,0.00933942327356999
1978,12,0.00445103857566761,0.00294985250737467,0.00832177531206669,0.0107388896393355
1979,1,0.00886262924667643,0.00588235294117655,0.015130674002751,0.00394253257601075
1979,2,0.0117130307467057,0.00877192982456132,0.0149051490514906,0.0102502662406815
1979,3,0.0101302460202605,0.00869565217391296,0.0120160213618156,0.00882856766372387
1979,4,0.0114613180515759,0.00862068965517254,0.0145118733509236,0.0047021943573668
1979,5,0.0127478753541077,0.00854700854700847,0.00780234070221059,0.0132605304212168
1979,6,0.0111888111888111,0.00847457627118656,0.00645161290322581,0.0108416730818579
1979,7,0.0110650069156293,0.00840336134453773,0.0153846153846154,0.00660024116265778
1979,8,0.0095759233926129,0.00972222222222226,0.00505050505050494,0.0185990795031839
1979,9,0.010840108401084,0.00962861072902342,0.0163316582914574,0.011327061153751
1979,10,0.00804289544235936,0.00953678474114426,0.014833127317676,0.00471265071301782
1979,11,0.00930851063829791,0.0121457489878543,0.00609013398294763,0.00956384015594545
1979,12,0.0105401844532279,0.00933333333333337,0.00968523002421321,0.00543051951970072
1980,1,0.014341590612777,0.0118890356671069,0.0215827338129496,0.0186040929004381
1980,2,0.0141388174807199,0.00913838120104442,0.0199530516431925,0.00241560124904268
1980,3,0.015209125475285,0.0129366106080207,0.00690448791714608,0.00399670859292345
1980,4,0.0112359550561798,0.0127713920817369,0.0034285714285714,-0.0076103500761035
1980,5,0.00987654320987651,0.0113493064312737,0.00569476082004556,0.0028905143935818
1980,6,0.0110024449877751,0.011221945137157,0.00453001132502838,0.0109993529792365
1980,7,0,-0.00246609124537594,0.0180383314543404,0.0164649755643472
1980,8,0.00725513905683185,0.00494437577255861,0.0132890365448505,0.00955869726976134
1980,9,0.00840336134453785,0.0110701107011071,0.00218579234972681,0.00946819367275204
1980,10,0.00952380952380949,0.0121654501216545,0.0119956379498364,0.0205560235888795
1980,11,0.00825471698113211,0.0108173076923076,0.00431034482758627,0.00533817621484786
1980,12,0.0093567251461988,0.00951248513674211,0.00643776824034329,0.0136303919421941
1981,1,0.00811123986095021,0.00471142520612475,0.0149253731343284,0.00988281039045199
1981,2,0.010344827586207,0.00468933177022281,0.00945378151260495,0.00759358288770056
1981,3,0.00682593856655284,0.00466744457409558,0.00936524453694075,0.00992463645048299
1981,4,0.00677966101694909,0.00813008130081304,0.0103092783505155,0.000788270534447422
1981,5,0.00785634118967455,0.0115207373271889,0.00306122448979589,0.00493593782818728
1981,6,0.00890868596881957,0.0102505694760821,0.00203458799593085,0.010816177239001
1981,7,0.011037527593819,0.0135287485907554,0.0050761421319797,0.0039286637373998
1981,8,0.00764192139737994,0.00889877641824246,0,0.0126152103393234
1981,9,0.00975081256771404,0.0132304299889747,-0.00202020202020205,-0.000559340994609941
1981,10,0.00214592274678115,0.0043525571273122,0.00101214574898794,-0.000814042228440554
1981,11,0.00321199143468948,0.00433369447453961,-0.00101112234580393,0.00341157900096737
1981,12,0.00320170757737457,0.00323624595469253,0,0.00923576575662237
1982,1,0.0031914893617021,0.00215053763440863,0.00910931174089075,0.00417337087691068
1982,2,0.00318133616118767,0.00321888412017164,0.00100300902708119,0.0120674978719143
1982,3,-0.00105708245243123,0.00213903743315511,-0.00200400801603209,0.00143479121314064
1982,4,0.00423280423280429,0.0085378868729989,0,0.00108690282100689
1982,5,0.0094836670179135,0.00952380952380958,0.00200803212851408,0.0089818881705572
1982,6,0.012526096033403,0.00943396226415085,0.00200400801603209,0.00176082171680113
1982,7,0.00515463917525773,0.00415368639667711,0.00400000000000006,0.011767003564279
1982,8,0.00205128205128208,0.00413650465356765,-0.000996015936255065,0.00381237332303836
1982,9,0.00204708290685776,0.0020597322348095,-0.00299102691924224,0.0117782798903899
1982,10,0.00306435137895809,0.00411099691675237,0.00200000000000003,0.0100731730495107
1982,11,-0.00203665987780044,-0.00102354145342895,0.000998003992015911,0.0110546617743908
1982,12,-0.00408163265306128,-0.00409836065573762,0.00199401794616154,0.0057227934676405
1983,1,0.00204918032786888,0.00411522633744847,-0.00298507462686564,0.00573649148778687
1983,2,0.00102249488752565,0.0030737704918034,0.00299401197604788,0.00137994480220791
1983,3,0,0.0020429009193053,-0.000995024875621834,0.011851171336702
1983,4,0.00715015321756883,0.00509683995922528,0,0.0107136371890321
1983,5,0.00608519269776885,0.00202839756592295,0.00398406374501984,0.00875853395616241
1983,6,0.00302419354838707,0.00303643724696353,0.00198412698412701,0.0134021995636493
1983,7,0.00402010050251262,0.00504540867810293,0.00297029702970294,0.0124780316344464
1983,8,0.00300300300300297,0.00401606425702817,0.00493583415597236,0.0069432390210033
1983,9,0.00499001996007984,0.00700000000000003,0.00196463654223971,0.0062489225995518
1983,10,0.0029791459781529,0.0059582919563058,0.00196078431372552,0.00972204377061108
1983,11,0.00198019801980201,0.00493583415597236,-0.000978473581213391,0.00369019341703439
1983,12,0.000988142292490062,0.000982318271119927,0.00195886385896183,0.0115369986899378
1984,1,0.00592300098716692,0.0039254170755642,0.00586510263929627,0.0107787433155081
1984,2,0.00490677134445535,0.00293255131964807,0.0029154518950437,-0.00657187732495664
1984,3,0.00195312499999989,0.0038986354775829,0.00678294573643414,0.0116912835448304
1984,4,0.00487329434697856,0.00485436893203883,0.00096246390760341,0.0106514229314032
1984,5,0.00290979631425811,0.00386473429951696,0.000961538461538407,0.0069175991861648
1984,6,0.00290135396518372,0.00288739172281037,-0.000960614793467765,0.0085269751464942
1984,7,0.00385728061716482,0.00383877159309013,0.00192307692307695,-0.000400705241224555
1984,8,0.00384245917387133,0.00478011472275335,-0.00383877159309027,0.00705523931692452
1984,9,0.00478468899521531,0.00666032350142724,-0.00385356454720608,0.008598041557201
1984,10,0.00285714285714283,0.00472589792060491,0,-0.000986660352040414
1984,11,0,0.00188146754468488,0.00290135396518372,0.0158416623869158
1984,12,0,0.0018779342723005,-0.00192864030858248,0.00435560395115494
1985,1,0.00189933523266859,0.00187441424554829,-0.000966183574879172,0.0140168822117247
1985,2,0.004739336492891,0.00467726847521048,-0.000967117988394667,0.00840079425691156
1985,3,0.00377358490566043,0.00465549348230912,-0.00193610842207166,0.00291578309603144
1985,4,0.00469924812030075,0.00278035217794251,0.00193986420950536,0.00415329431753823
1985,5,0.0037418147801683,0.00369685767097959,0.00193610842207166,0.0138747884940779
1985,6,0.00279589934762346,0.00184162062615104,-0.00193236714975848,-0.00259605399792316
1985,7,0.00185873605947958,0.00183823529411767,-0.000968054211035763,0.00977913289209479
1985,8,0.00185528756957331,0.00366972477064225,-0.00484496124031008,0.0134035423647679
1985,9,0.00277777777777775,0.0054844606946983,-0.00584225900681605,0.0154790886959049
1985,10,0.00369344413665749,0.00636363636363639,0.00783545543584732,-0.0139192042079649
1985,11,0.0027598896044158,0.004516711833785,0.00485908649173955,0.00555192684519912
1985,12,0.00275229357798163,0.000899280575539517,0.00193423597678906,0.0145068745263615
1986,1,0.00274473924977125,0.00269541778975739,-0.00386100386100378,0.00562017571941797
1986,2,-0.00273722627737224,0.00268817204301085,-0.0145348837209302,-0.00244066357751763
1986,3,-0.00457456541628545,0.00357462019660403,-0.0137659783677483,0.00120558825615208
1986,4,-0.00183823529411767,0.00356188780053433,-0.00697906281156533,0.00410823062756761
1986,5,0.00276243093922662,0.00177462289263534,0.00401606425702817,0.00786540632054183
1986,6,0.00550964187327818,0.00177147918511947,-0.000999999999999943,0.00146981627296582
1986,7,0,0.00353669319186566,-0.005005005005005,0.00681413146032079
1986,8,0.00182648401826487,0.00264317180616738,-0.00100603621730391,0.00603915035401919
1986,9,0.00455788514129444,0.00615114235500881,0.00100704934541801,0.0252535706892984
1986,10,0.000907441016333887,0.00524017467248903,0.00301810865191144,-0.0130897099401037
1986,11,0.000906618313690014,0.00260642919200705,0.00100300902708119,-0.00153431756964097
1986,12,0.000905797101449224,0.000866551126516415,-0.00100200400801598,0.0234599098483813
1987,1,0.0063348416289593,0.00259740259740257,0.00802407221664992,-0.0205532014280471
1987,2,0.0035971223021582,0.00259067357512951,0.00497512437810945,0.0225515244421733
1987,3,0.00448028673835126,0.00602928509905257,0.00198019801980201,0.00386447679648212
1987,4,0.00535236396074941,0.00513698630136994,0.00691699604743086,0.0084624829920685
1987,5,0.00354924578527055,0.00170357751277673,0.00686947988223738,0.00315914176648674
1987,6,0.00353669319186566,0.000850340136054494,0.0038986354775829,0.00800419892402575
1987,7,0.00264317180616738,0.00254885301614271,0.00485436893203883,0.0071270502473313
1987,8,0.00527240773286475,0.00508474576271182,0.00289855072463765,0.0116651048566906
1987,9,0.00524475524475519,0.00674536256323787,-0.000963391136801487,-0.00137345087517573
1987,10,0.00260869565217389,0.00586264656616406,0.00385728061716482,0.00255877178954102
1987,11,0.000867302688638409,0.00333055786844301,0.000960614793467901,0.00309459243898543
1987,12,0,-0.000829875518672152,0,0.00950957318236756
1988,1,0.00259965337954937,0.00332225913621255,0.00383877159309013,0.0124759774424246
1988,2,0.00259291270527223,0.00248344370860925,0.00191204588910137,0.0023959921585712
1988,3,0.00431034482758621,0.00660611065235352,0.000954198473282524,0.0121375799341901
1988,4,0.00515021459227463,0.00410172272354389,0.00857959961868438,0.000766753565404079
1988,5,0.00341588385994881,0.00245098039215684,0.00661625708884691,0.00937787312289302
1988,6,0.00425531914893617,0.0024449877750611,0.00657276995305167,0.00756011658974985
1988,7,0.00423728813559322,0.00243902439024388,0.00652985074626868,0.00729245140876897
1988,8,0.00421940928270042,0.0040551500405515,0.000926784059314127,0.00756873186346372
1988,9,0.00672268907563023,0.00726978998384496,0.000925925925925873,0.00207838479809976
1988,10,0.00333889816360606,0.00641539695268642,0.000925069380203594,0.0114666666666666
1988,11,0.000831946755407607,0.00239043824701193,0.000924214417744864,0.00483346515511029
1988,12,0.00166251039068997,0.00158982511923691,0.00646352723915053,0.00860008162789342
1989,1,0.00497925311203315,0.00317460317460322,0.0137614678899083,0.00693701766049079
1989,2,0.00412881915772089,0.00395569620253164,0.00271493212669681,0.0012343198323622
1989,3,0.00575657894736845,0.00551615445232458,0.00631768953068595,0.00309633027522941
1989,4,0.00654129190515124,0.00313479623824456,0.00717488789237666,0.0126329027095003
1989,5,0.00568643379366371,0.00234375000000009,0.00801424755120219,0.00248377081569297
1989,6,0.00242326332794828,0.00155884645362423,-0.0026501766784452,0.00416690128948694
1989,7,0.00241740531829179,0.00389105058365759,-0.000885739592559863,0.00535524028486511
1989,8,0.00160771704180055,0.00232558139534893,-0.00709219858156026,0.00973310650640045
1989,9,0.00321027287319427,0.00541376643464802,0.00357142857142862,0.000359056509970773
1989,10,0.00479999999999995,0.00692307692307697,0.00355871886120989,0.00323034871200194
1989,11,0.00238853503184722,0.00305576776165016,-0.000886524822694985,0.00266952884191993
1989,12,0.00158856235107219,0.00152322924600144,0.00266193433895295,0.0112260862404962
1990,1,0.0103092783505156,0.00380228136882129,0.0168141592920355,0.0126214646327561
1990,2,0.00470957613814752,0.00606060606060615,-0.00435161009573542,-0.000670115527917013
1990,3,0.00546874999999991,0.00828313253012044,-0.00174825174825177,0.00716163295960525
1990,4,0.00155400155400169,0.00224047796863318,-0.000875656742556992,0.00402141202162505
1990,5,0.00232738557020933,0.00149031296572293,0.00438212094653812,0.00153846153846159
1990,6,0.00541795665634688,0.00297619047619052,-0.00261780104712039,0.00760103819058208
1990,7,0.00384911470361817,0.00519287833827885,0.00174978127734036,0.00452096201866206
1990,8,0.00920245398772997,0.00664206642066425,0.0174672489082969,0.00696025329042059
1990,9,0.00835866261398172,0.00586510263929606,0.0163090128755365,0.00566483901982687
1990,10,0.00602863602110031,0.00437317784256576,0.0202702702702702,0.000129195628019948
1990,11,0.00224719101123604,0.00290275761973859,-0.00579470198675499,0.000335865240531231
1990,12,0,0.000723589001447343,-0.0116569525395503,-0.00273767401017586
1991,1,0.00597907324364711,0.00795372378886475,0.00252737994945238,-0.00525729676533815
1991,2,0.00148588410104025,0.00645624103299861,-0.015126050420168,0.00669096589429831
1991,3,0.00148367952522247,0.00427655024946539,-0.00853242320819113,0.0119740347065974
1991,4,0.0014814814814814,0.00141944641589772,-0.00172117039586922,-0.00150779453105037
1991,5,0.00295857988165685,0.0014174344436571,0.00431034482758621,0.00668014640014331
1991,6,0.00294985250737467,0.00141542816702044,-0.000858369098712398,0.00185599511847864
1991,7,0.00147058823529403,0.00353356890459364,-0.00257731958762896,0.00647125999238675
1991,8,0.00293685756240827,0.00492957746478865,0.000861326442721865,0.000781643973777082
1991,9,0.0043923865300146,0.0049053959355292,-0.000860585197934669,0.0039303620468116
1991,10,0.00145772594752199,0.00348675034867503,0.00258397932816547,-0.00218335131879434
1991,11,0.00291120815138287,0.00347463516330785,0,0.00694164989939636
1991,12,0.000725689404934647,0,-0.00429553264604811,0.00422120091917277
1992,1,0.00145032632342269,0.00346260387811634,-0.00258843830888707,0.0159681631637856
1992,2,0.00362056480811007,0.00483091787439606,0.0034602076124568,0.00362327710725394
1992,3,0.00505050505050517,0.00549450549450557,0.000862068965517192,0.00426881326991096
1992,4,0.00143575017946869,0.00136612021857916,0.00172265288544361,0.0035219820257469
1992,5,0.00143369175627232,0.000682128240109102,0.00773860705073092,0.00651095243858154
1992,6,0.00357909806728704,0.00136332651670087,0.00682593856655288,0.00449692189303596
1992,7,0.00213980028530679,0.00272294077603816,-0.000847457627118596,0.00663139498695263
1992,8,0.00284697508896801,0.00271554650373372,-0.00169635284139103,0.00382895738203944
1992,9,0.00283889283179564,0.00270819228165204,0.00254885301614271,0.00814992063304048
1992,10,0.00353857041755131,0.00607697501688052,0.000847457627118596,0.00690903109063982
1992,11,0.00141043723554294,0.00201342281879202,-0.00254022015241319,0.003687539384321
1992,12,-0.000704225352112636,-0.000669792364367198,-0.00169779286926997,0.00834786652714792
1993,1,0.00493305144467927,0.00469168900804301,0.00340136054421774,0.000991605940411443
1993,2,0.00350631136044881,0.00600400266844567,0.00338983050847462,0.00336351279747515
1993,3,0.00349406009783368,0.00397877984084877,0.00253378378378376,-0.000642894863729291
1993,4,0.0027855153203343,0.00198150594451772,0.00505475989890475,0.00939689833429055
1993,5,0.00138888888888881,0,0.00335289186923726,0.00660081030636864
1993,6,0.00138696255201121,0.000659195781147151,-0.00167084377610696,0.00397973950795956
1993,7,0,0.00131752305665342,-0.002510460251046,0.00650900900900893
1993,8,0.00277008310249311,0.00394736842105259,-0.00419463087248322,0.00272997829443504
1993,9,0.00207182320441977,0.00196592398427268,0,0.0067840485595054
1993,10,0.00413507925568569,0.00392413342053626,0.00336983993260313,0.00472126787099638
1993,11,0.000686341798215667,0.00260586319218245,-0.000839630562552429,0.00469908224497004
1993,12,0,0,-0.00336134453781517,0.00373290002415406
1994,1,0.00274348422496555,0.0025990903183886,0.00421585160202361,0.00306272013300956
1994,2,0.00341997264021888,0.00453661697990919,0.00167926112510498,0.0103596431920787
1994,3,0.00340831629175188,0.00516129032258072,0.00335289186923726,0.00289254414367734
1994,4,0.00135869565217403,0.000641848523748359,0,0.00540249677141635
1994,5,0.000678426051560341,0.000641436818473344,0.00167084377610696,-0.0003425317377064
1994,6,0.00338983050847458,0.00128205128205121,0.00500417014178477,0.00843773423278716
1994,7,0.00270270270270274,0.00128040973111407,0.00165975103734442,0.00248465671388238
1994,8,0.00404312668463608,0.00383631713554984,0.00414250207125104,0.00889717408803965
1994,9,0.0026845637583893,0.00318471337579618,-0.00165016501650167,0.00260361987149868
1994,10,0.000669344042837981,0.00317460317460317,-0.000826446280991689,0.00793717277486903
1994,11,0.00133779264214039,0.00126582278481005,0.0049627791563275,0.00263874171497449
1994,12,0,-0.00189633375474073,0.00329218106995889,0.00331564986737401
1995,1,0.00400801603206428,0.00506649778340711,0.00820344544708778,0.00198281559814926
1995,2,0.00399201596806383,0.00567107750472593,0.00488201790073226,-8.24538258574448e-05
1995,3,0.00331345261762757,0.00501253132832087,0.00323886639676118,0.00713284406695792
1995,4,0.00330250990752972,0.00187032418952608,0.0056497175141242,0.000982519343349609
1995,5,0.00197498354180371,0.0006222775357811,0.00240770465489576,0.00877264733548741
1995,6,0.0019710906701709,0.000621890547263646,0.00320256204963964,0.00900042569580986
1995,7,0,0.00124300807955245,0,-0.00146659969864393
1995,8,0.00262295081967217,0.00310366232153942,-0.00159616919393458,0.00706209005673823
1995,9,0.00196206671026804,0.00309405940594059,0.000799360511590796,0.00303678101212711
1995,10,0.00326370757180157,0.00431832202344242,0.000798722044728389,-0.00131461009859583
1995,11,-0.000650618087182787,0.00122850122850116,0.000798084596967347,0.0083168790761684
1995,12,-0.00065104166666663,-0.00184049079754608,0.00239234449760763,0.00828783922778694
1996,1,0.00586319218241046,0.00430239704978499,0.00477326968973742,-0.00231486022560082
1996,2,0.00323834196891192,0.00489596083231324,-0.000791765637371293,0.00926126196983707
1996,3,0.0051646223369915,0.00426309378806344,0.00158478605388275,0.00789043017456359
1996,4,0.00385356454720631,0.000606428138265581,0.00791139240506329,0.00670751744534433
1996,5,0.001919385796545,0.000606060606060572,0.0054945054945054,0.00303379416282646
1996,6,0.000638569604086809,0.000605693519079311,-0.000780640124902376,0.00114858914966117
1996,7,0.00191448627951507,0.00181598062954002,0,0.00422578301273461
1996,8,0.00191082802547778,0.00181268882175233,0.00234375000000009,0.00439840819512945
1996,9,0.00317863954227591,0.00361881785283471,-0.000779423226812336,0.00409478672985789
1996,10,0.00316856780735108,0.0036057692307692,-0.00156006240249601,0.00602273156364453
1996,11,0.00189513581806685,0.00119760479041909,0.00156249999999991,0.00426011072534481
1996,12,0,-0.00119617224880376,0.00702028081123249,0.00512034683809249
1997,1,0.00315258511979823,0.0029940119760479,0.00464756003098369,0.00604246458186145
1997,2,0.00314267756128221,0.00477611940298514,-0.00925212027756352,0.00423204154423308
1997,3,0.00250626566416044,0.00415923945335703,-0.00933852140077823,0.00371733529628263
1997,4,0.00124999999999993,0.00236686390532548,-0.00235663786331498,0.00093505922041736
1997,5,-0.000624219725343285,-0.00059031877213692,0.00314960629921264,0.000164856300258208
1997,6,0.00124921923797637,-0.000590667454223407,-0.00156985871271588,0.006226878136332
1997,7,0.00124766063630685,0.00177304964539014,-0.00235849056603771,0.00993775253904124
1997,8,0.00186915887850474,0.000589970501474893,0.00236406619385341,0.00688437139561704
1997,9,0.00248756218905458,0.00235849056603777,0.00235849056603771,0.00263110792912114
1997,10,0.00248138957816381,0.00470588235294124,0.00235294117647057,0.00642662049020833
1997,11,-0.000618811881188084,0,0.000782472613458596,0.00415062880252595
1997,12,-0.00123839009287919,-0.000585480093676948,-0.00860046911649733,0.00547596756814047
1998,1,0.00185988840669549,0.00292911540714704,-0.0110410094637223,-0.000386500588535115
1998,2,0.00185643564356443,0.00525700934579443,-0.00318979266347692,0.00595792544684451
1998,3,0.00185299567634332,0.00290528762347472,-0.00239999999999998,0.00462979139732346
1998,4,0.00184956843403213,0.00231749710312865,0.00160384923817163,0.00657357007460483
1998,5,0.00184615384615392,0.000578034682080892,0.00160128102481976,0.00860385964306064
1998,6,0.00122850122850116,-0.000577700751010944,-0.00239808153477216,0.00578975316466541
1998,7,0.00122699386503061,0.00173410404624284,0.00080128205128212,0.0031166442427236
1998,8,0.00122549019607854,0.00288517022504328,-0.00560448358686952,0.00594227504244482
1998,9,0.00122399020807827,0.00230149597238192,-0.00322061191626414,0.00685232067510555
1998,10,0.00244498777506116,0.00287026406429392,0.00161550888529889,0.0055652407134236
1998,11,0,0.000572409845449472,-0.00322580645161295,0.00276722011068871
1998,12,-0.000609756097560941,0,-0.00647249190938509,0.00915982312065704
1999,1,0.00244051250762664,0.0028604118993135,0.000814332247557073,0.000395354583642144
1999,2,0.00121728545343876,0.00228180262407289,-0.00488201790073237,0.0047588466795107
1999,3,0.00303951367781155,0.00284575981787137,0.0024529844644317,0.00509685666524623
1999,4,0.0072727272727272,0.00340522133938719,0.00815660685154976,0.0103213814019469
1999,5,0,-0.00113122171945711,0.0088996763754046,0.00476098253768439
1999,6,0,0,0.00400962309542903,0.00454567357887469
1999,7,0.00300842358604091,0.00169875424688568,0.00399361022364217,0.0043971858010873
1999,8,0.00239952009598084,0.00113058224985861,0.00954653937947496,0.00716389397436918
1999,9,0.00478755236385405,0.00338791643139466,0.00866824271079586,0.00826681419426226
1999,10,0.00178677784395463,0.00337647720877897,-0.00234374999999998,0.00365272465040449
1999,11,0.000594530321046509,0.000560852495793574,0.00469851213782309,0.00559191515284036
1999,12,0,-0.00112107623318395,-0.00389711613406091,0.0156572795476786
2000,1,0.0029708853238265,0.00336700336700349,0.00391236306729276,-0.000519981035985691
2000,2,0.00592417061611374,0.00391498881431761,0.0116913484021824,0.0129144798249506
2000,3,0.00824499411071836,0.00557103064066852,0.00770416024653313,0.00998534676798048
2000,4,0.000584112149532843,0.00221606648199449,-0.000764525993883966,-0.00219868976038766
2000,5,0.00116754232340916,0,0.00688599846977816,0.00547136154457286
2000,6,0.00524781341107875,0.000552791597567686,0.0167173252279637,0.00541177172162909
2000,7,0.00232018561484922,0.00165745856353597,-0.000747384155456074,0.00299529945580461
2000,8,0,0.00220628792057351,-0.00598354525056083,0.00517437648763324
2000,9,0.0052083333333332,0.00330214639515698,0.0135440180586906,0.0123251606830315
2000,10,0.00172711571675309,0.00274273176083379,0.00519673348181156,0.000770024263028692
2000,11,0.000574712643678128,0.00109409190371985,-0.00295420974889221,0.00206149647222784
2000,12,-0.000574382538770789,-0.00109289617486333,0.0088888888888888,0.0062731803430691
2001,1,0.00632183908045974,0.00382932166301963,0.0279001468428782,0.00450638524554763
2001,2,0.0039977155910909,0.00490463215258859,-0.0185714285714285,0.00269456786584494
2001,3,0.0022753128555175,0.00488069414316706,-0.0109170305676856,-0.00112924897795828
2001,4,0.003972758229285,0.00161899622234206,0.00367917586460633,0.00190328997266706
2001,5,0.00452232899943461,-0.000538793103448245,0.00293255131964814,0.00655601896817696
2001,6,0.00168823860438948,0.00215633423180596,-0.00950292397660827,0.00192987186218437
2001,7,-0.00280898876404494,0.00161377084453998,-0.0154981549815498,0.00162873369495942
2001,8,0,0.00214822771213752,0,0.00518933288085742
2001,9,0.00450704225352119,0.00267952840300107,-0.000749625187406254,-0.0135182658357832
2001,10,-0.00336511497476177,0.00267236771779797,-0.0225056264066016,0.0278918548939082
2001,11,-0.00168823860438932,0.00266524520255864,-0.00383729854182655,-0.00561844514732812
2001,12,-0.00394588500563707,-0.00159489633173835,-0.0130970724191064,-0.00281811967242844
2002,1,0.0022637238256933,0.00212992545260904,0.00312256049960972,0.00372147683870341
2002,2,0.00395256916996057,0.0053134962805526,-0.000778210116731473,0.00613300252289422
2002,3,0.00562429696287964,0.00317124735729399,0.0109034267912773,0.00261834503969074
2002,4,0.00559284116331096,0.00263435194942044,0.00770416024653313,0.00942353396341124
2002,5,0,-0.000525486074619142,0,-0.00310729049744022
2002,6,0.000556173526140124,-0.000525762355415322,0.000764525993883748,0.00487456575171296
2002,7,0.00111172873818782,0.00105207785376127,0.00229182582123746,0.00849935776557074
2002,8,0.00333148250971679,0.0036784025223331,0.00228658536585375,0.00285892363557536
2002,9,0.00166021029330388,0.00157068062827231,0.00608365019011415,-0.00141863135850841
2002,10,0.00165745856353597,0.00261369576581286,0.0068027210884352,0.00537139764578539
2002,11,0,0,-0.000750750750750708,0.00390272787220585
2002,12,-0.00220628792057367,-0.0020855057351408,-0.00150262960180307,0.00711824872313905
2003,1,0.00442233278054164,0.00208986415882971,0.018058690744921,0.002702055159195
2003,2,0.00770500825536602,0.00364963503649629,0.0169992609016998,0.000371692928541938
2003,3,0.00600764609503001,0.0025974025974026,0.0261627906976744,0.00829363446967184
2003,4,-0.00217155266015189,0.000518134715025877,-0.0311614730878185,0.00297431038113292
2003,5,-0.00163220892274217,0.000517866390471229,-0.00073099415204695,0.00093163626820632
2003,6,0.00108991825613073,-0.00103519668737054,0.00950987564008787,0.00662025930441394
2003,7,0.00108873162765388,0.00103626943005175,-0.00217391304347834,0.00776183158388241
2003,8,0.00380641653072316,0.00155279503105596,0.00217864923747285,0.0124447545940917
2003,9,0.00325027085590463,0.000516795865633046,0.0036231884057971,6.38202820856468e-05
2003,10,-0.00107991360691139,0.00361570247933893,0.00577617328519864,0.00136566687938734
2003,11,-0.0027027027027027,-0.00205867215645911,-0.00287150035893759,0.00687000522579254
2003,12,-0.00108401084010834,-0.0015471892728211,0.00431965442764575,0.00374702516583111
2004,1,0.00488334237655983,0.00206611570247937,0.0136200716845879,0.00733995863391008
2004,2,0.00539956803455724,0.00463917525773199,0.00495049504950487,0.00405638881237957
2004,3,0.00644468313641255,0.00615700359158537,0.00703729767769177,0.00700765605127308
2004,4,0.00320170757737457,0.00203977562468131,0.0118798043326346,0.00156017830609217
2004,5,0.0058510638297872,0,0.0138121546961326,0.00922285686027241
2004,6,0.00317292437863561,0.000508905852417274,0.00272479564032682,-0.00196001568012544
2004,7,-0.00158144438587234,0,0.00135869565217403,0.00880056952081695
2004,8,0.000527983104540625,0.0010172939979655,0.00407055630936224,0.00416114078526332
2004,9,0.00211081794195254,0.00304878048780485,-0.0020270270270271,0.00823932825241424
2004,10,0.00526592943654555,0.00405268490374865,0.0155721056194991,0.00642943841559409
2004,11,0.000523834468307985,-0.000504540867810264,0.00933333333333337,0.00549279965610298
2004,12,-0.00366492146596853,-0.00151438667339719,-0.00792602377807145,0.00723226373417567
2005,1,0.00210194429847597,0.0030333670374115,0.00466045272969386,-0.00133231150150319
2005,2,0.00576822233875209,0.00554435483870965,0.00463883366467852,0.00696559703430852
2005,3,0.00782064650677789,0.00601503759398491,0.0138522427440633,0.00472494489518352
2005,4,0.0067252974650801,0.000996512207274624,0.00845803513337678,0.00888033140790015
2005,5,-0.00102774922918802,-0.000497760079641584,-0.00451612903225799,-0.000196631812714066
2005,6,0.000514403292181041,-0.000996015936255065,0,0.0093592012864563
2005,7,0.00462724935732651,0.000997008973080843,0.0129617627997408,0.0120002750779388
2005,8,0.00511770726714432,0.000996015936254923,0.00831733845169535,0.000328444419276248
2005,9,0.0122199592668025,0.00149253731343289,0.0291878172588832,0.00604592183325026
2005,10,0.00201207243460753,0.00496770988574267,0.0246609124537608,0.00459159557946399
2005,11,-0.0080321285140562,0,-0.0150421179302046,0.00133309434723183
2005,12,-0.00404858299595133,-0.000988630746416298,-0.00427611484422718,0.00347933098394589
2006,1,0.00762195121951219,0.0024740227610094,0.00797546012269946,0.0100561897966463
2006,2,0.00201714573877951,0.00493583415597236,-0.0152160681679854,0.00334444468972837
2006,3,0.00553598389531969,0.00638506876227903,0.00247218788627922,0.0035203133078844
2006,4,0.00850850850850845,0.0029282576866764,0.0129469790382246,0.00577717850056444
2006,5,0.00496277915632754,0.000973236009732305,0.00912964090079123,0.00439246632079185
2006,6,0.00197530864197534,0.000972289742343301,0.00180940892641727,0.00278890082581838
2006,7,0.00295712173484472,0.00145701796988821,0.00421432871764008,0.00885204744178005
2006,8,0.00196560196560199,0.00242483026188167,0.00659472422062347,-8.58129706306279e-05
2006,9,-0.00490436488474743,0.00241896468311563,-0.0148898153662895,0.00352936128215596
2006,10,-0.00542138984721535,0.00289575289575301,-0.0193470374848852,0.00197761553016131
2006,11,-0.00148662041625377,-0.000962463907603547,0.0147965474722565,0.000746810054197072
2006,12,0.00148883374689832,-0.00144508670520223,0.00607533414337789,0.00946674910982701
2007,1,0.00305252725470756,0.00342016401350687,-0.00966183574879224,0.00499524765022698
2007,2,0.00535036755987668,0.00530265517357426,0.0170731707317074,0.00320502716391875
2007,3,0.00910569585108531,0.00387830444929037,0.0149880095923261,0.00401181547743758
2007,4,0.00649616268650903,0.00184829675642976,0.0124040165386887,0.00319245495612986
2007,5,0.00611071867470465,2.37743151808296e-05,0.0110851808634773,0.00370227856526291
2007,6,0.00193797517660576,0.000751250499248688,0.00288517022504328,0.00165780775646804
2007,7,-0.000254377207802168,0.00133983294848775,0.00747986191024156,0.00437557539333641
2007,8,-0.00183390222708705,0.00168441230617392,-0.0154197601370645,0.0045624948504572
2007,9,0.00275590740535891,0.00244894865734138,0.00638051044083523,0.00451101610637796
2007,10,0.00213919132812124,0.00326043812728007,0.00691642651296823,0.00297002418885683
2007,11,0.00593961787341571,0.00055106020214956,0.0246136233543218,0.00720464027678837
2007,12,-0.000670863129647826,-0.000371878456939806,-0.00223463687150841,0.00107094505849788
2008,1,0.00497057647260475,0.00368249543219881,0.013437849944009,0.00217996851156598
2008,2,0.00290411218495357,0.00341562743386918,0.0093922651933701,-0.00167170191339379
2008,3,0.00866821293098959,0.00467582504932995,0.0284619594964424,0.00464018399338269
2008,4,0.00606477838971946,0.000898234248322134,0.0159659393294305,0.00375524629997787
2008,5,0.00842088603175636,0.000562636299806143,0.0298585646935568,0.00570182458386684
2008,6,0.0100769969348942,0.00173343247513705,0.0198372329603256,0.00538104995126225
2008,7,0.00525101112812193,0.00228250128738635,0.0249376558603491,-0.000316584058013921
2008,8,-0.00399156225564177,0.00199495475479651,-0.0316301703163017,-0.000989638485061407
2008,9,-0.00138301854066451,0.00178310759622312,-0.0105527638190954,-0.00507196845869622
2008,10,-0.0101013332845787,0.000742407614058716,-0.05332656170645,-0.00828396475332312
2008,11,-0.0191528953285959,-0.00153439957976804,-0.0515021459227467,-0.0140056022408964
2008,12,-0.0103424738142874,-0.00272278370021692,-0.0333710407239819,-0.00917440534376003
2009,1,0.00435241737542093,0.00286441462285979,0.00175541252194256,0.00545695582023889
2009,2,0.00497293303590463,0.00445738490856828,-0.0110981308411214,-0.00181933400110379
2009,3,0.00243174845541555,0.00438247927050558,-0.00708800945067937,-0.00486381322957198
2009,4,0.00249636827778799,0.00230516970897228,0.00594883997620464,0.000648248186448451
2009,5,0.00288876383417738,-6.84484560310609e-05,0.0100532229450031,0.00247820006581116
2009,6,0.0085898922639534,0.000707349129276045,0.0193208430913348,0.00594938916185416
2009,7,-0.00158558692215331,0.000305541241227123,-0.00919012062033311,0.00354852195902896
2009,8,0.00224285004481058,0.00112149532710285,0.0144927536231884,0.0121218895109584
2009,9,0.000625480693495885,0.00246361500209474,-0.00514285714285718,-0.00779038249171774
2009,10,0.000963101185818328,0.00269831968274299,0.006318207926479,0.00490721816378979
2009,11,0.000707753368767353,-0.00157204923640091,0.0125570776255709,0.000865896756914625
2009,12,-0.00176119816946332,-0.001628974880209,0.00394588500563691,0.00587495598812933
2010,1,0.00341747357014851,0.000277241222588374,0.021336327905671,0.00029003190350935
2010,2,0.000249207382076461,0.00234453804421904,-0.00494777350192417,0.00287948169329532
2010,3,0.00410628353657124,0.00207160406523963,0.0127071823204421,0.00583215360995354
2010,4,0.0017368849106974,0.000484033674267953,0.00600109110747405,0.00235898147505717
2010,5,0.00077519735423772,0.000122080247416037,0.00216919739696315,0.00178979323438384
2010,6,-0.000976267084673954,0.000325507588395538,-0.0070346320346321,0.00201362155759546
2010,7,0.000211043057371561,-3.16362732469057e-05,0.00326975476839234,0.00328033571724108
2010,8,0.00138066427840804,0.0013242459029729,0.00434546442151011,0.00427111255117971
2010,9,0.000581736230715587,0.00160685350099987,0,0.0020335933986429
2010,10,0.00124519888847697,0.000775099478610395,0.00919415900486743,0.0054346765538102
2010,11,0.00042064642381949,-9.00580424087622e-06,0.00589496248660233,0.00485215484196532
2010,12,0.00171844078920309,-0.00126982983379643,0.0106553010122536,0.00361188638975534
2011,1,0.0047632300539742,0.00172231114317277,0.0158144438587243,0.00417624926626954
2011,2,0.0049313650254514,0.00375376389095182,0.0160871821484173,0.00331560538546312
2011,3,0.00975107203050945,0.00304469286268391,0.0173646578140959,0.00767900975157827
2011,4,0.0064394295354571,0.00191336224238901,0.0195783132530121,0.00351642102270038
2011,5,0.00470418752723357,0.00185616505590803,0.00492368291482029,0.00230458271940757
2011,6,-0.00107096705669925,0.00158995964976351,-0.00097991180793723,0.00233697700716164
2011,7,0.000886045666793616,0.00121392141081678,0.00343305541932314,0.00382633874849586
2011,8,0.00275758890236449,0.00315325718143224,-0.00684261974584558,0.00216342776867248
2011,9,0.00151846211569455,0.0018373075254345,0.00246062992125984,0.0035044763845018
2011,10,-0.00206268263335824,0.00200628399966418,-0.0127638684339715,0.00139689516767398
2011,11,-0.000843561330441975,0.000511592419611692,0.00149179512680264,0.000595177204713026
2011,12,-0.00246651637713828,-0.000524554899739485,-0.00794438927507445,0.00118035224685169
2012,1,0.00440019142826755,0.00219193790244326,0.00450450450450439,0.00834555615380327
2012,2,0.0044029735512762,0.00276363444333456,0.00448430493273545,0.00841457913294848
2012,3,0.00759455862393092,0.00381805016127972,0.0128968253968254,-0.0001552015337564
2012,4,0.0030210295040804,0.00248322294358093,-0.00244857982370225,0.00254752643401098
2012,5,-0.00117347936632119,0.00130395154010199,-0.00883652430044174,-0.00101095658351324
2012,6,-0.00146639688445049,0.00120643548401141,-0.0104011887072808,-0.00203307623580048
2012,7,-0.00162978586182551,6.09016047573289e-05,0.00150150150150142,0.00282287165526264
2012,8,0.00556515818143715,0.00131800446294579,0.0129935032483758,0.0024505338337645
2012,9,0.00446221226761128,0.00253696849641177,0.00838677849037996,0.00521623758417314
2012,10,-0.000388925140553239,0.0021492330357917,-0.00440313111545991,0.00346245988337922
2012,11,-0.00473808669488193,-5.62098964008597e-05,-0.0083538083538083,0.00333339339447558
2012,12,-0.00269306449020726,-0.0009945386853929,-0.00148662041625377,0.000332231879893751
2013,1,0.002957304192926,0.00250613548713823,0.00496277915632754,0.00559220860823116
2013,2,0.0081900295292687,0.00354040377873337,0.00888888888888894,0.00328489306244877
2013,3,0.00261450858437497,0.0026674468231569,-0.00146842878120417,-0.00111213922203637
2013,4,-0.00103963947708708,0.000789523368175332,-0.00245098039215686,-0.0019328232580097
2013,5,0.00178040777358712,0.000968975629834155,0.00294840294840292,0.00349831331322405
2013,6,0.00239970808559959,0.000762436713469418,0.000979911807937369,0.00215214414029836
2013,7,0.000393997533232891,0.000650573531929529,0.000489476260401343,0.00247586255856892
2013,8,0.00120293155704723,0.0019932247467835,-0.000978473581213391,0.00287694636486762
2013,9,0.00116300448526358,0.00223684996883778,-0.00146914789422127,0.00332768421424275
2013,10,-0.00257528325980469,0.0016185227146885,-0.00686611083864642,0.00465386341042849
2013,11,-0.00204242419052351,0.000344443404971844,-0.00641975308641981,0.00593705669101045
2013,12,-8.58114978825233e-05,-0.00103297441369135,0.00397614314115314,0.00263762665830977
2014,1,0.00372024767323606,0.00156170212765953,0.00891089108910897,-0.00123286362965462
2014,2,0.00369790865096876,0.00300806825085929,0.00932286555446505,0.00615454158227347
2014,3,0.00644004412622827,0.00354971936884474,0.00631988332523097,0.00604777744179014
2014,4,0.00329675445315772,0.0025156914141477,0.00628019323671503,0.00537592854995924
2014,5,0.00349260984004861,0.00218939071782547,-0.00144023043686995,0.0037413193702966
2014,6,0.00186212694409409,0.00053774960193932,0.00144230769230775,0.00525917163791719
2014,7,-0.000390193964160849,-7.97793052482415e-05,-0.00144023043686995,0.00384332117128173
2014,8,-0.00167051416579222,0.00066348083884129,-0.00480769230769231,0.00683077390138386
2014,9,0.000752568824310925,0.00228707154127646,-0.00289855072463765,0.000812456550326148
2014,10,-0.00251227781255388,0.0023948986982972,-0.0145348837209302,0.00582485270487416
2014,11,-0.00539941794106119,-0.000689185633194607,-0.012291052114061,0.00264594288757248
2014,12,-0.00567010091001096,-0.00197702802113282,-0.0194126431060229,0.00122819538264919
2015,1,-0.00470589237347332,0.00198094440372729,-0.0253807106598985,-0.00156651471197676
2015,2,0.00434304492377214,0.00349010232060459,-0.00468750000000003,0.00433335270336448
2015,3,0.00595172161109735,0.00409858257352669,0.00209314495028784,0.00450476513229131
2015,4,0.00203287325458769,0.00304894489913586,-0.00313315926892947,0.00357942202619972
2015,5,0.00509723202549469,0.00131098998354028,0.0130958617077004,0.00559185982634084
2015,6,0.0035028699985282,0.000970597103077469,0.00723888314374357,0.00336744261894079
2015,7,6.70471592956324e-05,0.000338348036343504,-0.00462012320328545,0.00490012839474078
2015,8,-0.00141627628281945,0.000886831988648565,-0.0103145951521403,0.00281414512255273
2015,9,-0.00155675657530342,0.00291777079014716,-0.0145909327774883,0
2015,10,-0.000449683750446529,0.00257233141161825,-0.00846113167636168,0.000677370190873214
2015,11,-0.00211068037908148,0.00036887513576644,-0.00960000000000006,0.00298163474168567
2015,12,-0.00341709643711871,-0.00121274198504555,-0.0118470651588583,0.00290046037778299
2016,1,0.00165310220906877,0.00307245496946002,-0.00490463215258859,0.00189066205216948
2016,2,0.000823076533454867,0.00471111692730491,-0.00711938663745883,0.00586118663041734
2016,3,0.00430600014339282,0.0027596873982416,0.00441257584114718,-0.000763158522334196
2016,4,0.00474106797910399,0.00257349061122426,0.00604063701263039,0.00634064456590045
2016,5,0.0040457909981151,0.00223489019887292,0.01146288209607,0.0036918747134252
2016,6,0.003284366167282,0.00100992146850661,0.0124123043712897,0.00637203550696668
2016,7,-0.00161813640474991,-0.000201780511231149,0.000533049040511697,0.00134616889723728
2016,8,0.000918430107884384,0.00215545078791007,-0.00586041555673945,0.00326710540713755
2016,9,0.00240399586462891,0.00182456762177882,0.0016077170418007,0.00445621688999694
2016,10,0.0012467485130143,0.00195793849580468,-0.0010700909577315,0.00228802779759873
2016,11,-0.00155546086733493,3.61129613431396e-05,-0.0021424745581145,0.00271615064963193
2016,12,0.000327321392317391,-0.000373153791523462,0.0101986044015028,0.00773279414715467
2017,1,0.00582772789025486,0.003809195051659,0.0132837407013815,0.00491652626742233
2017,2,0.00314611738641656,0.00423859278719466,0.00471945464079709,0.0014250659188245
2017,3,0.000812797871947304,0.000585323899133129,-0.000521920668058425,0.0042310648433517
2017,4,0.00296553336532669,0.00140077201639542,0.00783289817232376,0.0019474860758535
2017,5,0.00085472182689635,0.000766962589710828,-0.00103626943005175,0.000264706327237525
2017,6,0.000907111014861128,0.000710782853852729,0.00414937759336091,0.00379564030637312
2017,7,-0.000689922638852079,-0.000309506614711893,-0.000516528925619805,0.00191324128684305
2017,8,0.00299445229710851,0.00207989330623651,0.00155038759689928,0.00324780284633838
2017,9,0.00529490589323019,0.00190525231719874,0.00515995872033024,0.00917231818352127
2017,10,-0.000632042103727742,0.00275558331784884,0.00051334702258724,0.00271777469202269
2017,11,2.43246859074941e-05,-0.000575623526443258,0.00513083632632119,0.0066797496945237
2017,12,-0.000587832277262284,0.000260363246177404,0.00204185809086271,0.00715037112780177
2018,1,0.00544774545277535,0.00425938049677002,0.00815078960774322,0.0018698551592664
2018,2,0.00453468997486565,0.00449657945789702,0.00707427993936334,0.00159661721284582
2018,3,0.0022611259041491,0.0032332094001557,0,0.00534268910499037
2018,4,0.00397509156334898,0.0016172401699075,0.00501756146512795,0.00463371899390376
2018,5,0.00415891692543486,0.00172745841844185,0.0144782825761357,0.00561409071909378
2018,6,0.00159387570154384,0.000885543502324585,0.00492125984251968,0.00260862710248892
2018,7,6.74632622852422e-05,0.000659689480281167,0.000489715964740562,0.00416008463127489
2018,8,0.000555542328357207,0.000562305374475919,-0.00440528634361236,0.0038367631670737
2018,9,0.00116202517589018,0.00161620389749304,0.000983284169124821,0.000432556622370874
2018,10,0.00176676345572593,0.00245328504153951,0.00491159135559921,0.00606026239872983
2018,11,-0.00334934851810103,0.000162122726904382,-0.0112414467253176,0.00393833927489478
2018,12,-0.00319396281513108,-8.49076629165449e-05,-0.00642609985170544,-0.00834403531302424
2019,1,0.00190659666524694,0.00401029785821527,-0.00945273631840799,0.00657429161830905
2019,2,0.0042270531400967,0.00381359515919438,0.000502260170768429,0.000871784416150484
2019,3,0.00564135835680598,0.00276507579065097,0.00803212851405634,0.00940566587759285
2019,4,0.00529500161289055,0.00189431552574887,0.00647410358565728,0.00509394572025057
2019,5,0.00212875858938431,0.000983486574264601,-0.00197921820880755,0.00344798936523757
2019,6,0.000199147181481607,0.00223542404508948,-0.00694100148735735,0.00433312633685222
2019,7,0.00167094162245329,0.00147809269047049,0.00199700449326,0.00385413374737221
2019,8,-5.06682360829308e-05,0.0022878519991198,-0.00747384155455904,0.00266905741210931
2019,9,0.000783448576930058,0.00133626579954502,-0.00401606425702803,0.00152209079305716
2019,10,0.00228619055222987,0.00203007689341542,0.00100806451612897,0.00376877572717603
2019,11,-0.000536243034669188,0.00018486450186554,0.00201409869083588,0.00164986251145733
2019,12,-0.000909769525053798,-0.000652564237970947,0,0.00294859280950057
2020,1,0.00387976993781478,0.00403495196935104,0.00150753768844227,0.00569061184214978
2020,2,0.00274061813149538,0.00475180824348488,-0.0130456598093328,-0.000208326333120551
2020,3,-0.00217645103178464,0.000164628762141519,-0.0183019827147941,-0.0671421081640609
2020,4,-0.00668694186699726,-0.00457517806907289,-0.0367685137234593,-0.128954858233959
2020,5,1.95016166840054e-05,-0.00108986091119896,0.0182795698924731,0.0847644100324268
2020,6,0.0054720469277753,0.00189240742064508,0.00897571277719107,0.0562550043847944
