"Time","Year","Month","CPI_adjusted_Price","CPI_adjusted_Return"
Feb 1871,1871,2,89.8261166859893,-0.0165163740890727
Mar 1871,1871,3,90.6782058348741,0.00948598448114453
Apr 1871,1871,4,96.7670592483027,0.0671479255392021
May 1871,1871,5,101.524044335642,0.0491591366348474
Jun 1871,1871,6,102.274429944711,0.00739121076173512
Jul 1871,1871,7,100.364741418772,-0.0186721991701244
Aug 1871,1871,8,103.263713089783,0.0288843634729745
Sep 1871,1871,9,101.896305342075,-0.0132418998580823
Oct 1871,1871,10,95.1467250892136,-0.0662396956415834
Nov 1871,1871,11,96.1831817895319,0.0108932461873638
Dec 1871,1871,12,96.0393383554285,-0.00149551544695298
Jan 1872,1872,1,98.4707140099963,0.0253164556962024
Feb 1872,1872,2,98.8759432857576,0.00411522633744854
Mar 1872,1872,3,100.605250688308,0.0174896678108305
Apr 1872,1872,4,101.15156077817,0.00543023436773557
May 1872,1872,5,101.15156077817,0
Jun 1872,1872,6,100.906550093905,-0.00242221358108568
Jul 1872,1872,7,101.802932244121,0.00888329002806638
Aug 1872,1872,8,99.8653533972715,-0.0190326428142898
Sep 1872,1872,9,97.3659693888561,-0.0250275388149147
Oct 1872,1872,10,99.9484686273809,0.0265236329975916
Nov 1872,1872,11,96.6602752609929,-0.032898886911882
Dec 1872,1872,12,100.459790024636,0.0393079241020598
Jan 1873,1873,1,101.252372194456,0.00788954635108505
Feb 1873,1873,2,99.8427115945413,-0.013922247640848
Mar 1873,1873,3,99.0672342229333,-0.00776699029126216
Apr 1873,1873,4,97.7101488226191,-0.0136986301369864
May 1873,1873,5,100.063498939726,0.0240850121043163
Jun 1873,1873,6,101.666657184926,0.0160214090271304
Jul 1873,1873,7,101.4625072709,-0.00200803212851426
Aug 1873,1873,8,101.4625072709,0
Sep 1873,1873,9,93.7048105379133,-0.0764587525150905
Oct 1873,1873,10,87.5279312276423,-0.0659184867330996
Nov 1873,1873,11,87.0950732531783,-0.00494536964821234
Dec 1873,1873,12,93.0540639694152,0.0684193777403983
Jan 1874,1874,1,96.5977644696592,0.0380821680330777
Feb 1874,1874,2,99.4998432305502,0.0300429184549354
Mar 1874,1874,3,98.0488038501047,-0.014583333333333
Apr 1874,1874,4,96.8435959862692,-0.0122919180704953
May 1874,1874,5,95.0600510689428,-0.0184167564118458
Jun 1874,1874,6,96.9250704623106,0.0196193813531111
Jul 1874,1874,7,96.149511561677,-0.00800163360144491
Aug 1874,1874,8,97.1423912481006,0.0103264142510664
Sep 1874,1874,9,98.6636367486301,0.0156599552572706
Oct 1874,1874,10,100.060527826257,0.0141581146170966
Nov 1874,1874,11,101.777773040574,0.0171620643186967
Dec 1874,1874,12,101.1096476158,-0.00656455142231973
Jan 1875,1875,1,101.1096476158,0
Feb 1875,1875,2,100.886939140875,-0.00220264317180592
Mar 1875,1875,3,102.223189990423,0.0132450331125826
Apr 1875,1875,4,102.711137834899,0.00477335763560103
May 1875,1875,5,101.224156196968,-0.0144773163775227
Jun 1875,1875,6,100.881198380635,-0.00338810249665737
Jul 1875,1875,7,101.111520751367,0.00228310502283115
Aug 1875,1875,8,100.711937061222,-0.00395191059511276
Sep 1875,1875,9,100.650876009903,-0.000606294080925774
Oct 1875,1875,10,99.0386194147789,-0.0160183066361558
Nov 1875,1875,11,101.518734174137,0.0250418955152333
Dec 1875,1875,12,102.401688744126,0.00869745448633146
Jan 1876,1876,1,105.42759975939,0.0295494249399007
Feb 1876,1876,2,106.845908276332,0.0134529147982061
Mar 1876,1876,3,106.609523523509,-0.00221238938053079
Apr 1876,1876,4,103.498279384212,-0.0291835479276869
May 1876,1876,5,103.340718753501,-0.00152235024243054
Jun 1876,1876,6,105.503391547141,0.0209275958182441
Jul 1876,1876,7,104.232266347778,-0.0120481927710846
Aug 1876,1876,8,98.9765050885111,-0.0504235535062661
Sep 1876,1876,9,92.0714793494617,-0.0697642913626269
Oct 1876,1876,10,89.9078540935368,-0.0234994079731545
Nov 1876,1876,11,87.398294425855,-0.0279125744128088
Dec 1876,1876,12,85.3741567270692,-0.0231599221939392
Jan 1877,1877,1,83.1867265541529,-0.0256216899442917
Feb 1877,1877,2,80.3620629227732,-0.0339557012084243
Mar 1877,1877,3,79.8360104657965,-0.00654602977878061
Apr 1877,1877,4,72.0242754863755,-0.0978472613278646
May 1877,1877,5,70.7378637703453,-0.0178608074478115
Jun 1877,1877,6,69.4034358852276,-0.0188644074614692
Jul 1877,1877,7,71.7768548351798,0.0341974272552896
Aug 1877,1877,8,79.7968698979592,0.111735392713928
Sep 1877,1877,9,85.5990529193053,0.0727119124943836
Oct 1877,1877,10,87.4484151737347,0.021604938271605
Nov 1877,1877,11,87.8496097419539,0.00458778546669023
Dec 1877,1877,12,87.5801324114571,-0.00306748466257677
Jan 1878,1878,1,90.2893667929654,0.0309343490002975
Feb 1878,1878,2,89.2643340637363,-0.0113527513331608
Mar 1878,1878,3,92.8840457181314,0.0405504806859425
Apr 1878,1878,4,96.4908705205963,0.0388314782649571
May 1878,1878,5,100.006409890937,0.0364339066626016
Jun 1878,1878,6,104.422344357875,0.0441565142849749
Jul 1878,1878,7,105.369309047977,0.00906860208823459
Aug 1878,1878,8,103.300034168782,-0.0196383073770841
Sep 1878,1878,9,105.395976891047,0.0202898550724637
Oct 1878,1878,10,105.369309047977,-0.00025302524685126
Nov 1878,1878,11,106.25968766036,0.00845007545771235
Dec 1878,1878,12,108.104663138342,0.0173628919734777
Jan 1879,1879,1,110.888502973937,0.025751339070663
Feb 1879,1879,2,113.609060870298,0.02453417462945
Mar 1879,1879,3,113.056713925942,-0.00486182123261355
Apr 1879,1879,4,118.131762327985,0.0448894030775399
May 1879,1879,5,123.458658772483,0.0450928381962864
Jun 1879,1879,6,125.544984252558,0.0168989806046705
Jul 1879,1879,7,126.592127269247,0.00834077938615343
Aug 1879,1879,8,127.532167818276,0.00742574257425757
Sep 1879,1879,9,127.775426489214,0.0019074299065043
Oct 1879,1879,10,134.165843815079,0.0500128819871661
Nov 1879,1879,11,134.194543522011,0.000213912171057598
Dec 1879,1879,12,129.983747025612,-0.0313782988926704
Jan 1880,1880,1,131.145421529299,0.00893707505953253
Feb 1880,1880,2,133.455223474042,0.0176125244618394
Mar 1880,1880,3,134.739271132493,0.00962156163711987
Apr 1880,1880,4,136.852806827778,0.0156861149501607
May 1880,1880,5,129.839345354968,-0.0512482106533359
Jun 1880,1880,6,133.072635981017,0.0249022406667966
Jul 1880,1880,7,139.18453157931,0.0459290187891439
Aug 1880,1880,8,144.185173432459,0.0359281437125751
Sep 1880,1880,9,142.438611428963,-0.0121133259538191
Oct 1880,1880,10,146.563281644088,0.0289575289575291
Nov 1880,1880,11,152.704135731943,0.0418989942021638
Dec 1880,1880,12,157.374761010126,0.0305861085935573
Jan 1881,1881,1,168.491729087474,0.0706400950571284
Feb 1881,1881,2,166.26751291652,-0.0132007439356226
Mar 1881,1881,3,168.153854229998,0.0113452188006483
Apr 1881,1881,4,165.956409126303,-0.0130680626605736
May 1881,1881,5,175.160264822914,0.05545947725108
Jun 1881,1881,6,177.316083466889,0.0123076923076923
Jul 1881,1881,7,169.424951439232,-0.0445031938071757
Aug 1881,1881,8,162.210030612245,-0.0425847595982646
Sep 1881,1881,9,157.405383410482,-0.0296199142779781
Oct 1881,1881,10,153.452465582436,-0.0251129773480326
Nov 1881,1881,11,155.894291729741,0.0159125898566514
Dec 1881,1881,12,151.361016687519,-0.0290791599353798
Jan 1882,1882,1,149.094379166409,-0.0149750415973377
Feb 1882,1882,2,144.469882231269,-0.031017245324707
Mar 1882,1882,3,144.22036602707,-0.00172711571675292
Apr 1882,1882,4,142.896974735702,-0.00917617482068881
May 1882,1882,5,139.883881982042,-0.021085770074787
Jun 1882,1882,6,137.895086760793,-0.0142174723282571
Jul 1882,1882,7,146.988317319134,0.0659431077056018
Aug 1882,1882,8,150.033738764384,0.0207187992950392
Sep 1882,1882,9,155.698111420228,0.0377539925518948
Oct 1882,1882,10,152.87210836826,-0.0181505287777091
Nov 1882,1882,11,147.704748165997,-0.0338018508243187
Dec 1882,1882,12,149.88048174777,0.0147302886927367
Jan 1883,1883,1,149.110547766189,-0.00513698630137001
Feb 1883,1883,2,144.399822647653,-0.0315921656053656
Mar 1883,1883,3,147.570679803027,0.0219588715362301
Apr 1883,1883,4,152.09927384165,0.0306876274112676
May 1883,1883,5,150.959980102041,-0.00749046139954132
Jun 1883,1883,6,156.835806349132,0.0389230724800035
Jul 1883,1883,7,157.562402217753,0.00463284428176398
Aug 1883,1883,8,150.412973844871,-0.0453752181500872
Sep 1883,1883,9,153.630830266184,0.0213934765004543
Oct 1883,1883,10,149.463628721893,-0.0271247739602172
Nov 1883,1883,11,153.265177354717,0.0254346068360024
Dec 1883,1883,12,148.352374976749,-0.0320542634847679
Jan 1884,1884,1,143.907359996173,-0.0299625468164794
Feb 1884,1884,2,147.796748104177,0.0270270270270272
Mar 1884,1884,3,147.241121231605,-0.00375939849624067
Apr 1884,1884,4,143.53239326166,-0.0251881263802077
May 1884,1884,5,134.739503880112,-0.0612606616648451
Jun 1884,1884,6,129.234018775333,-0.0408602150537634
Jul 1884,1884,7,130.637826569832,0.010862525268514
Aug 1884,1884,8,138.839304471077,0.062780269058296
Sep 1884,1884,9,135.923384423429,-0.0210021222647028
Oct 1884,1884,10,132.942652669389,-0.0219294992299068
Nov 1884,1884,11,133.207389430134,0.00199136060119905
Dec 1884,1884,12,134.42907902427,0.00917133500898753
Jan 1885,1885,1,131.331634807121,-0.0230414746543778
Feb 1885,1885,2,133.819837197629,0.0189459485078506
Mar 1885,1885,3,137.245920158243,0.0256022054155869
Apr 1885,1885,4,135.358312289415,-0.0137534716270722
May 1885,1885,5,136.958164639154,0.0118193875402244
Jun 1885,1885,6,139.60899521975,0.0193550387271934
Jul 1885,1885,7,143.07997822845,0.0248621731231293
Aug 1885,1885,8,151.100156380269,0.0560538116591927
Sep 1885,1885,9,150.972518086474,-0.000844726417578157
Oct 1885,1885,10,159.738664297947,0.0580645161290321
Nov 1885,1885,11,168.102934062125,0.052362211747163
Dec 1885,1885,12,162.940361831704,-0.0307107800302487
Jan 1886,1886,1,166.819705557834,0.0238083657267016
Feb 1886,1886,2,170.027776818562,0.0192307692307693
Mar 1886,1886,3,168.50481050942,-0.00895716180990302
Apr 1886,1886,4,168.259400398056,-0.00145639825131287
May 1886,1886,5,169.09738473864,0.00498031217632918
Jun 1886,1886,6,179.083499205131,0.0590554045642126
Jul 1886,1886,7,179.539653517321,0.00254715992380614
Aug 1886,1886,8,178.653977616367,-0.00493303781979622
Sep 1886,1886,9,183.311623215304,0.026070763500931
Oct 1886,1886,10,187.969268814241,0.0254083484573504
Nov 1886,1886,11,192.626914413178,0.0247787610619467
Dec 1886,1886,12,185.348245750984,-0.0377863533990996
Jan 1887,1887,1,179.010376348599,-0.0341943856911365
Feb 1887,1887,2,175.636164838175,-0.0188492509722082
Mar 1887,1887,3,179.75759108889,0.023465703971119
Apr 1887,1887,4,183.879017339605,0.0229276895943563
May 1887,1887,5,187.049345224771,0.0172413793103449
Jun 1887,1887,6,183.82248323969,-0.0172513941773121
Jul 1887,1887,7,181.491693785676,-0.0126795667914871
Aug 1887,1887,8,174.839883709653,-0.0366507686234815
Sep 1887,1887,9,174.673580065641,-0.00095117681665785
Oct 1887,1887,10,166.819705557834,-0.0449631507229413
Nov 1887,1887,11,168.027377913777,0.00723938668938899
Dec 1887,1887,12,163.235310243757,-0.0285195646657035
Jan 1888,1888,1,162.604882269887,-0.00386208089982358
Feb 1888,1888,2,163.545054665472,0.00578194444385543
Mar 1888,1888,3,157.350166231173,-0.0378787878787879
Apr 1888,1888,4,159.80689333494,0.0156131204854111
May 1888,1888,5,163.905951663062,0.0256500720499614
Jun 1888,1888,6,160.724370162452,-0.0194110187478157
Jul 1888,1888,7,162.954853297512,0.0138776909363908
Aug 1888,1888,8,166.442213971194,0.0214007782101169
Sep 1888,1888,9,170.56364022191,0.0247619047619047
Oct 1888,1888,10,167.640564576849,-0.017137741908285
Nov 1888,1888,11,162.306076978612,-0.0318209832548714
Dec 1888,1888,12,159.208632761463,-0.0190839694656488
Jan 1889,1889,1,168.102934062125,0.0558656973958709
Feb 1889,1889,2,172.07620341039,0.0236359309873592
Mar 1889,1889,3,170.559821887873,-0.00881226742840454
Apr 1889,1889,4,170.231190246471,-0.00192678227360333
May 1889,1889,5,179.202806137364,0.0527025386940168
Jun 1889,1889,6,182.234432556981,0.0169172932330825
Jul 1889,1889,7,178.529111377449,-0.0203327171903881
Aug 1889,1889,8,180.887043037151,0.0132075471698113
Sep 1889,1889,9,182.978934243952,0.0115646271378917
Oct 1889,1889,10,179.652044530425,-0.0181818181818181
Nov 1889,1889,11,177.988599673662,-0.0092592592592594
Dec 1889,1889,12,174.832033226105,-0.0177346552158078
Jan 1890,1890,1,181.223890417109,0.0365599888822265
Feb 1890,1890,2,179.202806137364,-0.0111524163568772
Mar 1890,1890,3,177.855416617534,-0.00751879699248113
Apr 1890,1890,4,181.560737797066,0.0208333333333331
May 1890,1890,5,186.971201900183,0.0297997472843747
Jun 1890,1890,6,185.640446014773,-0.00711743772241991
Jul 1890,1890,7,184.309690129362,-0.00716845878136199
Aug 1890,1890,8,173.556655205362,-0.0583422115052812
Sep 1890,1890,9,168.66144349081,-0.0282052665094249
Oct 1890,1890,10,161.052656566413,-0.0451127819548874
Nov 1890,1890,11,152.920550577913,-0.0504934607219398
Dec 1890,1890,12,149.349157676942,-0.0233545647558384
Jan 1891,1891,1,159.057714438787,0.0650057684479585
Feb 1891,1891,2,159.089320134134,0.000198705831140776
Mar 1891,1891,3,154.308227640997,-0.0300528815454524
Apr 1891,1891,4,157.565295892731,0.0211075475464075
May 1891,1891,5,158.799527406015,0.00783314311880371
Jun 1891,1891,6,159.38634608019,0.00369534269881188
Jul 1891,1891,7,158.692639335209,-0.00435235992317605
Aug 1891,1891,8,164.015662876851,0.0335429769392033
Sep 1891,1891,9,179.539653517321,0.0946494399874857
Oct 1891,1891,10,179.539653517321,0
Nov 1891,1891,11,179.083499205131,-0.00254068838417509
Dec 1891,1891,12,184.541282038049,0.0304761904761904
Jan 1892,1892,1,192.834247058303,0.0449382649164842
Feb 1892,1892,2,193.184218468572,0.00181488203266786
Mar 1892,1892,3,200.491588989191,0.0378259185897619
Apr 1892,1892,4,202.836874960799,0.0116976776104797
May 1892,1892,5,202.836874960799,0
Jun 1892,1892,6,201.744396280579,-0.00538599640933578
Jul 1892,1892,7,196.435142930243,-0.0263167326985012
Aug 1892,1892,8,196.683932571263,0.00126652307377003
Sep 1892,1892,9,191.784332827495,-0.0249110320284696
Oct 1892,1892,10,195.634018340456,0.0200729927007299
Nov 1892,1892,11,189.999064870968,-0.0288035461178437
Dec 1892,1892,12,185.602906356555,-0.0231377902696399
Jan 1893,1893,1,182.141037949488,-0.0186520161511726
Feb 1893,1893,2,176.76472646609,-0.0295172990333444
Mar 1893,1893,3,174.503401584703,-0.0127928514166587
Apr 1893,1893,4,176.657843788251,0.0123461329921584
May 1893,1893,5,163.034131899406,-0.0771192017104831
Jun 1893,1893,6,159.268324869052,-0.0230982738797176
Jul 1893,1893,7,148.21279737336,-0.0694144771396398
Aug 1893,1893,8,150.612303582436,0.0161896020559663
Sep 1893,1893,9,154.949742708513,0.0287987038436235
Oct 1893,1893,10,157.487134621118,0.0163755800316411
Nov 1893,1893,11,164.201892774302,0.0426368678897958
Dec 1893,1893,12,160.594365992302,-0.0219700681949975
Jan 1894,1894,1,161.686818848468,0.00680256028544453
Feb 1894,1894,2,166.241263635569,0.0281683121700228
Mar 1894,1894,3,176.136936169529,0.0595259703731098
Apr 1894,1894,4,178.480221351385,0.0133037694013306
May 1894,1894,5,171.840913336126,-0.037199124726477
Jun 1894,1894,6,169.497628154269,-0.0136363636363638
Jul 1894,1894,7,165.982700381485,-0.02073732718894
Aug 1894,1894,8,167.379902427594,0.00841775704876315
Sep 1894,1894,9,167.675219546559,0.00176435231878037
Oct 1894,1894,10,167.076351267054,-0.00357159681152941
Nov 1894,1894,11,167.076351267054,0
Dec 1894,1894,12,167.935438033032,0.00514188129835531
Jan 1895,1895,1,165.982700381485,-0.0116279069767441
Feb 1895,1895,2,163.639415199629,-0.0141176470588235
Mar 1895,1895,3,163.639415199629,0
Apr 1895,1895,4,163.558194066621,-0.000496342112370353
May 1895,1895,5,170.177137136037,0.0404684284219954
Jun 1895,1895,6,171.154993234427,0.00574610734935376
Jul 1895,1895,7,174.237762967917,0.0180115676161878
Aug 1895,1895,8,179.277745899111,0.0289258932469343
Sep 1895,1895,9,180.400571030003,0.00626304801670139
Oct 1895,1895,10,177.780645724588,-0.0145228215767634
Nov 1895,1895,11,171.792245026497,-0.0336842105263159
Dec 1895,1895,12,163.963986051521,-0.045568174359495
Jan 1896,1896,1,164.381571407908,0.0025468114458772
Feb 1896,1896,2,173.793650987672,0.0572575106756244
Mar 1896,1896,3,171.059818275507,-0.0157303370786518
Apr 1896,1896,4,175.160659503062,0.0239731414945753
May 1896,1896,5,176.970681841417,0.0103334980782258
Jun 1896,1896,6,176.385525774602,-0.00330651416792028
Jul 1896,1896,7,164.953130585508,-0.0648148148148148
Aug 1896,1896,8,155.562234537323,-0.056930693069307
Sep 1896,1896,9,163.728231100962,0.05249343832021
Oct 1896,1896,10,162.479344787908,-0.00762780068321728
Nov 1896,1896,11,168.616225472281,0.0377702205310055
Dec 1896,1896,12,162.456728651375,-0.0365296803652968
Jan 1897,1897,1,167.234837806091,0.0294115805136577
Feb 1897,1897,2,165.649673466696,-0.00947867298578216
Mar 1897,1897,3,166.045964551545,0.00239234449760791
Apr 1897,1897,4,163.295674608217,-0.0165634253789665
May 1897,1897,5,166.586329898236,0.0201515153289486
Jun 1897,1897,6,174.344026633693,0.0465686274509802
Jul 1897,1897,7,182.10172336915,0.0444964871194381
Aug 1897,1897,8,185.510076896954,0.0187167560237463
Sep 1897,1897,9,189.014039476058,0.0188882600757643
Oct 1897,1897,10,185.55484172977,-0.018301274105761
Nov 1897,1897,11,179.010376357558,-0.0352697095435684
Dec 1897,1897,12,182.860061870624,0.021505376344086
Jan 1898,1898,1,187.864653037609,0.0273684210526313
Feb 1898,1898,2,184.839030571969,-0.0161053312409701
Mar 1898,1898,3,176.489012763789,-0.0451745379876796
Apr 1898,1898,4,173.452642651724,-0.0172043010752688
May 1898,1898,5,172.678546222073,-0.00446286904492881
Jun 1898,1898,6,192.050409588124,0.112184540522698
Jul 1898,1898,7,195.564024063741,0.0182952719713159
Aug 1898,1898,8,202.878426538566,0.0374015748031495
Sep 1898,1898,9,202.493457987259,-0.00189753320683109
Oct 1898,1898,10,198.258803922887,-0.0209125475285169
Nov 1898,1898,11,204.803269295099,0.0330097087378642
Dec 1898,1898,12,214.443639164604,0.0470713670865034
Jan 1899,1899,1,230.764128516955,0.0761061946902655
Feb 1899,1899,2,232.932263628719,0.00939545988234062
Mar 1899,1899,3,236.254593854802,0.0142630744849446
Apr 1899,1899,4,235.975394927465,-0.00118177142201552
May 1899,1899,5,226.143086805487,-0.0416666666666667
Jun 1899,1899,6,218.097481212256,-0.0355774996568935
Jul 1899,1899,7,222.673772130312,0.0209827774838065
Aug 1899,1899,8,225.381588213334,0.012160462622593
Sep 1899,1899,9,214.571781032896,-0.0479622460118871
Oct 1899,1899,10,210.924807837573,-0.0169965182642719
Nov 1899,1899,11,212.296040345985,0.00650104898740718
Dec 1899,1899,12,195.452593307651,-0.0793394309704687
Jan 1900,1900,1,198.049969962902,0.0132890365448505
Feb 1900,1900,2,199.221225291183,0.00591393842927752
Mar 1900,1900,3,200.825260921546,0.00805152979066012
Apr 1900,1900,4,203.391717930128,0.0127795527156548
May 1900,1900,5,198.493511407082,-0.0240826252558103
Jun 1900,1900,6,194.955737212647,-0.0178231226268133
Jul 1900,1900,7,192.578141861838,-0.0121955649256716
Aug 1900,1900,8,197.617248983468,0.0261665580159422
Sep 1900,1900,9,190.606352013423,-0.0354771509375244
Oct 1900,1900,10,199.946071782936,0.0490000447039434
Nov 1900,1900,11,215.58245343651,0.0782029950083196
Dec 1900,1900,12,231.414150030769,0.0734368513851293
Jan 1901,1901,1,235.211102746316,0.0164076082428076
Feb 1901,1901,2,244.214350469152,0.0382773075663282
Mar 1901,1901,3,252.972382348046,0.0358620689655172
Apr 1901,1901,4,277.664701624717,0.0976087549458249
May 1901,1901,5,263.679133115364,-0.0503685503685505
Jun 1901,1901,6,289.944712998784,0.0996119016817593
Jul 1901,1901,7,267.119972306258,-0.0787210101417535
Aug 1901,1901,8,267.481932967522,0.00135504903709848
Sep 1901,1901,9,262.905313121962,-0.0171100148514146
Oct 1901,1901,10,259.94762834934,-0.0112499999999998
Nov 1901,1901,11,262.335042180368,0.0091842108588867
Dec 1901,1901,12,255.041665227843,-0.0278017640796582
Jan 1902,1902,1,263.633730507994,0.0336888691205634
Feb 1902,1902,2,265.906435081339,0.00862068965517255
Mar 1902,1902,3,266.231107163245,0.00122100122100097
Apr 1902,1902,4,272.044442909699,0.0218356743071694
May 1902,1902,5,268.20973908501,-0.0140958726584285
Jun 1902,1902,6,263.524700577813,-0.0174678165050235
Jul 1902,1902,7,269.478290721664,0.0225921521997619
Aug 1902,1902,8,279.939952260123,0.0388219084752353
Sep 1902,1902,9,277.311961963573,-0.00938769287960913
Oct 1902,1902,10,251.023805763107,-0.0947963297880334
Nov 1902,1902,11,249.495145561877,-0.00608970211643126
Dec 1902,1902,12,241.033413060491,-0.0339154194055733
Jan 1903,1903,1,250.525453643183,0.0393806006485469
Feb 1903,1903,2,249.044806754039,-0.00591016548463359
Mar 1903,1903,3,247.428898067927,-0.00648842554548017
Apr 1903,1903,4,237.323509904261,-0.0408415841584158
May 1903,1903,5,238.143605754029,0.00345560307151198
Jun 1903,1903,6,224.983038067622,-0.0552631578947368
Jul 1903,1903,7,214.642592028302,-0.0459610027855154
Aug 1903,1903,8,207.748961335422,-0.0321167883211678
Sep 1903,1903,9,200.404640849546,-0.0353518999020112
Oct 1903,1903,10,196.155127897397,-0.0212046633956884
Nov 1903,1903,11,199.0965911884,0.0149955972221209
Dec 1903,1903,12,208.290542055381,0.0461783439490447
Jan 1904,1904,1,206.909273705559,-0.00663145016663544
Feb 1904,1904,2,196.810491037889,-0.0488077817238936
Mar 1904,1904,3,198.433076668337,0.00824440618938572
Apr 1904,1904,4,205.670296018699,0.0364718396341662
May 1904,1904,5,206.071312535765,0.00194980279033077
Jun 1904,1904,6,206.388345324281,0.00153846153846145
Jul 1904,1904,7,214.948230614228,0.0414746543778803
Aug 1904,1904,8,219.656141623124,0.0219025343704498
Sep 1904,1904,9,226.732916695313,0.0322175151575373
Oct 1904,1904,10,240.051926829054,0.0587431693989072
Nov 1904,1904,11,247.375647966084,0.0305089037766642
Dec 1904,1904,12,249.797930932705,0.00979192166462694
Jan 1905,1905,1,255.2480676076,0.0218181818181816
Feb 1905,1905,2,266.451126328218,0.0438908659549231
Mar 1905,1905,3,277.132614791428,0.0400879839031041
Apr 1905,1905,4,273.764152070206,-0.0121546961325968
May 1905,1905,5,263.282758457672,-0.0382862165600339
Jun 1905,1905,6,266.380202674821,0.0117647058823529
Jul 1905,1905,7,274.743302061124,0.0313953488372092
Aug 1905,1905,8,281.725973047639,0.0254152546545511
Sep 1905,1905,9,285.89410124286,0.0147949731085539
Oct 1905,1905,10,289.920778725154,0.0140845070422535
Nov 1905,1905,11,285.094435768861,-0.0166471095225237
Dec 1905,1905,12,288.857243769455,0.0131984617323233
Jan 1906,1906,1,298.849161006763,0.0345911949685533
Feb 1906,1906,2,296.72966341097,-0.00709219858156016
Mar 1906,1906,3,289.46281451111,-0.0244897959183674
Apr 1906,1906,4,285.526604690352,-0.0135983263598326
May 1906,1906,5,274.867917005629,-0.037329928313624
Jun 1906,1906,6,278.460961672369,0.0130718954248368
Jul 1906,1906,7,280.628446073707,0.00778379988462482
Aug 1906,1906,8,294.610165815178,0.0498228883674839
Sep 1906,1906,9,300.318650061706,0.0193763994216988
Oct 1906,1906,10,285.001357068265,-0.051003469116197
Nov 1906,1906,11,287.734037318174,0.00958830609797584
Dec 1906,1906,12,282.092286995806,-0.0196075180223793
Jan 1907,1907,1,277.012829482553,-0.0180063679420247
Feb 1907,1907,2,262.669952885963,-0.0517769398023257
Mar 1907,1907,3,239.377093131604,-0.0886772906396005
Apr 1907,1907,4,240.523809745408,0.0047904191616767
May 1907,1907,5,227.3714169548,-0.0546822903085133
Jun 1907,1907,6,217.805734048261,-0.0420707362194101
Jul 1907,1907,7,226.140137136843,0.0382653061224491
Aug 1907,1907,8,209.193517523394,-0.0749385749385751
Sep 1907,1907,9,206.971010033105,-0.0106241699867197
Oct 1907,1907,10,182.585401522841,-0.11782137269545
Nov 1907,1907,11,179.174470906889,-0.0186812887969309
Dec 1907,1907,12,192.441820754214,0.0740470993449706
Jan 1908,1908,1,202.848623812743,0.0540776584722716
Feb 1908,1908,2,197.617456670713,-0.0257885266545276
Mar 1908,1908,3,205.701807170879,0.0409090909090911
Apr 1908,1908,4,214.397669548067,0.0422741175529094
May 1908,1908,5,225.946715283391,0.0538674033149171
Jun 1908,1908,6,226.24284466122,0.001310615989515
Jul 1908,1908,7,231.984660635217,0.02537899478145
Aug 1908,1908,8,241.943598086729,0.0429292929292929
Sep 1908,1908,9,239.307408761329,-0.0108958837772399
Oct 1908,1908,10,239.633483244844,0.00136257579823086
Nov 1908,1908,11,253.137692497253,0.0563535991279275
Dec 1908,1908,12,256.145753192251,0.0118831007161464
Jan 1909,1909,1,259.731313026627,0.0139981232938288
Feb 1909,1909,2,249.621553498539,-0.0389239149114499
Mar 1909,1909,3,253.025483773519,0.0136363636363635
Apr 1909,1909,4,258.922122618596,0.0233045255250064
May 1909,1909,5,264.803827810988,0.0227161168497589
Jun 1909,1909,6,266.755887731381,0.00737172093216967
Jul 1909,1909,7,270.566686127543,0.0142857142857142
Aug 1909,1909,8,274.327922445733,0.0139013282530173
Sep 1909,1909,9,271.880355144217,-0.0089220494935243
Oct 1909,1909,10,267.646550510204,-0.0155723080167632
Nov 1909,1909,11,263.776934873594,-0.0144579320347438
Dec 1909,1909,12,264.344000342814,0.00214979171507823
Jan 1910,1910,1,261.185805847331,-0.0119472902406994
Feb 1910,1910,2,251.857741352783,-0.0357142857142858
Mar 1910,1910,3,253.208139713138,0.00536175045921344
Apr 1910,1910,4,244.796852279982,-0.0332188666710541
May 1910,1910,5,245.352295463816,0.00226899642973657
Jun 1910,1910,6,235.792741389951,-0.0389625622038417
Jul 1910,1910,7,223.873547869141,-0.0505494505494505
Aug 1910,1910,8,231.541737244898,0.0342523243533869
Sep 1910,1910,9,235.39739552809,0.0166521091578129
Oct 1910,1910,10,253.690293230252,0.0777107055969078
Nov 1910,1910,11,258.64430918231,0.0195278104218279
Dec 1910,1910,12,251.421159838873,-0.0279269602577873
Jan 1911,1911,1,257.533055437166,0.024309392265193
Feb 1911,1911,2,270.338441704314,0.0497232723986101
Mar 1911,1911,3,264.371918023453,-0.0220705706641147
Apr 1911,1911,4,271.820410441264,0.0281742950367027
May 1911,1911,5,277.678608942154,0.0215517241379311
Jun 1911,1911,6,283.243897517999,0.0200421940928269
Jul 1911,1911,7,279.041166100103,-0.0148378533649742
Aug 1911,1911,8,257.406900429076,-0.0775307313017234
Sep 1911,1911,9,240.864249260003,-0.0642665411902237
Oct 1911,1911,10,242.253316441433,0.00576701268742796
Nov 1911,1911,11,254.59984589877,0.0509653681472775
Dec 1911,1911,12,258.415040042238,0.0149850606939668
Jan 1912,1912,1,256.003373163923,-0.00933253295907388
Feb 1912,1912,2,251.143346402587,-0.0189842293922598
Mar 1912,1912,3,253.145893459371,0.00797372132477114
Apr 1912,1912,4,253.362628856833,0.000856167937387538
May 1912,1912,5,253.098434249057,-0.00104275286757039
Jun 1912,1912,6,255.604887368165,0.00990307635266168
Jul 1912,1912,7,255.871698315313,0.00104384133611681
Aug 1912,1912,8,259.174910227897,0.012909641567756
Sep 1912,1912,9,257.966274489796,-0.00466339792319407
Oct 1912,1912,10,257.443016326531,-0.00202839756592277
Nov 1912,1912,11,254.565096428571,-0.0111788617886177
Dec 1912,1912,12,247.814542093544,-0.0265179886391897
Jan 1913,1913,1,243.315045918367,-0.0181567075812628
Feb 1913,1913,2,234.68128622449,-0.0354838709677418
Mar 1913,1913,3,230.233591836735,-0.0189520624303234
Apr 1913,1913,4,229.971962755102,-0.0011363636363638
May 1913,1913,5,225.998976804124,-0.0172759579184401
Jun 1913,1913,6,212.442814285714,-0.0599832915622394
Jul 1913,1913,7,213.145777272727,0.00330895158481396
Aug 1913,1913,8,218.843477272727,0.0267314702308626
Sep 1913,1913,9,218.7062145,-0.000627218934911224
Oct 1913,1913,10,211.783509,-0.0316529894490034
Nov 1913,1913,11,204.355626237624,-0.0350729988253063
Dec 1913,1913,12,206.142786,0.00874534161490668
Jan 1914,1914,1,214.6038705,0.0410447761194031
Feb 1914,1914,2,219.620436363636,0.023375933770199
Mar 1914,1914,3,215.476654545455,-0.018867924528302
Apr 1914,1914,4,212.442814285714,-0.0140796703296705
May 1914,1914,5,211.591859090909,-0.00400557297109015
Jun 1914,1914,6,210.555913636364,-0.00489596083231315
Jul 1914,1914,7,196.912512,-0.0647970479704798
Aug 1914,1914,8,193.051482352941,-0.0196078431372549
Sep 1914,1914,9,193.051482352941,0
Oct 1914,1914,10,194.962883168317,0.00990099009900991
Nov 1914,1914,11,193.051482352941,-0.00980392156862746
Dec 1914,1914,12,186.585571782178,-0.0334931930693069
Jan 1915,1915,1,189.885724752475,0.0176870748299322
Feb 1915,1915,2,189.220617,-0.00350267379679161
Mar 1915,1915,3,196.052677272727,0.0361063206591661
Apr 1915,1915,4,208.706751,0.0645442536327611
May 1915,1915,5,201.817047029703,-0.0330114092490332
Jun 1915,1915,6,204.101768316832,0.0113207547169812
Jul 1915,1915,7,203.340194554455,-0.00373134328358205
Aug 1915,1915,8,211.971363861386,0.0424469413233457
Sep 1915,1915,9,219.840959405941,0.0371257485029941
Oct 1915,1915,10,229.751373529412,0.0450799257347283
Nov 1915,1915,11,235.486494174757,0.0249622910072018
Dec 1915,1915,12,235.984351456311,0.00211416490486244
Jan 1916,1916,1,230.017244711538,-0.0252860272638753
Feb 1916,1916,2,226.812288461538,-0.0139335476956056
Mar 1916,1916,3,223.91961,-0.0127536231884058
Apr 1916,1916,4,219.388325943396,-0.0202362091314993
May 1916,1916,5,222.130425700935,0.0124988407917648
Jun 1916,1916,6,222.2103,0.000359582883854805
Jul 1916,1916,7,219.124045833333,-0.0138888888888889
Aug 1916,1916,8,218.760316513761,-0.00165992425974333
Sep 1916,1916,9,223.596227027027,0.0221059769446866
Oct 1916,1916,10,226.44575840708,0.0127440942002486
Nov 1916,1916,11,227.635501304348,0.00525398623333628
Dec 1916,1916,12,216.610836206897,-0.0484312202370901
Jan 1917,1917,1,209.719188461538,-0.0318158032443746
Feb 1917,1917,2,192.93836625,-0.0800156739811914
Mar 1917,1917,3,198.92095125,0.0310077519379848
Apr 1917,1917,4,186.599675,-0.0619405656999642
May 1917,1917,5,177.47445234375,-0.0489026717557254
Jun 1917,1917,6,178.294181538462,0.00461885744052781
Jul 1917,1917,7,176.072283984375,-0.012461974557522
Aug 1917,1917,8,168.235549615385,-0.0445086199352411
Sep 1917,1917,9,156.536810526316,-0.0695378540136978
Oct 1917,1917,10,145.86112,-0.068199233716475
Nov 1917,1917,11,133.706026666667,-0.0833333333333333
Dec 1917,1917,12,127.262496350365,-0.0481917717319177
Jan 1918,1918,1,132.0441975,0.0375735294117646
Feb 1918,1918,2,135.108226595745,0.0232045720581147
Mar 1918,1918,3,133.32618,-0.0131897711978465
Apr 1918,1918,4,130.184420070423,-0.0235644637053087
May 1918,1918,5,131.557928275862,0.0105504806542638
Jun 1918,1918,6,129.942443877551,-0.0122796430400117
Jul 1918,1918,7,127.51905397351,-0.0186497177652341
Aug 1918,1918,8,126.200355194805,-0.0103411901015096
Sep 1918,1918,9,123.135643949045,-0.0242844898576542
Oct 1918,1918,10,125.954780625,0.0228945623342176
Nov 1918,1918,11,126.782563803681,0.00657206637630939
Dec 1918,1918,12,122.759536363636,-0.0317317091510641
Jan 1919,1919,1,121.982577272727,-0.00632911392405072
Feb 1919,1919,2,124.716322222222,0.0224109459778251
Mar 1919,1919,3,126.947535365854,0.0178903058066112
Apr 1919,1919,4,128.812373353293,0.0146898321583435
May 1919,1919,5,136.087373076923,0.056477491519208
Jun 1919,1919,6,139.728506804734,0.0267558528428094
Jul 1919,1919,7,140.133949137931,0.0029016436407201
Aug 1919,1919,8,128.487963559322,-0.0831060970610776
Sep 1919,1919,9,129.782722752809,0.0100768909212976
Oct 1919,1919,10,134.147782044199,0.0336335931224361
Nov 1919,1919,11,127.366693783784,-0.0505493878249951
Dec 1919,1919,12,121.008295238095,-0.0499219878980487
Jan 1920,1920,1,117.304719948187,-0.0306059620344339
Feb 1920,1920,2,106.503161538462,-0.0920811917414409
Mar 1920,1920,3,112.840490101523,0.059503666102651
Apr 1920,1920,4,108.621177339901,-0.037391833000949
May 1920,1920,5,100.31824223301,-0.0764393768344999
Jun 1920,1920,6,97.1607789473684,-0.0314744678072352
Jul 1920,1920,7,97.5046305288461,0.00353899572649561
Aug 1920,1920,8,95.9908078817734,-0.0155256487703412
Sep 1920,1920,9,100.89202275,0.0510592105263158
Oct 1920,1920,10,101.527860301508,0.00630215882461876
Nov 1920,1920,11,96.8609,-0.0459672870840383
Dec 1920,1920,12,90.0031012886598,-0.0708004851425108
Jan 1921,1921,1,95.9462692105263,0.0660329237189892
Feb 1921,1921,2,98.3782222826087,0.0253470311257872
Mar 1921,1921,3,96.3938754098361,-0.0201705908760198
Apr 1921,1921,4,97.883967679558,0.0154583708081718
May 1921,1921,5,103.138027118644,0.0536764044576354
Jun 1921,1921,6,95.4202883522727,-0.0748292262512769
Jul 1921,1921,7,94.5914771186441,-0.00868590158278342
Aug 1921,1921,8,93.4326228813559,-0.012251148545176
Sep 1921,1921,9,96.8446208571429,0.0365182724252492
Oct 1921,1921,10,98.1632314285714,0.0136157337367623
Nov 1921,1921,11,104.032143103448,0.0597872705438326
Dec 1921,1921,12,108.338636705202,0.0413957981954837
Jan 1922,1922,1,110.751150887574,0.0222682715579697
Feb 1922,1922,2,113.178573372781,0.0219178082191782
Mar 1922,1922,3,118.832868862275,0.0499590631070298
Apr 1922,1922,4,126.048818263473,0.0607235142118864
May 1922,1922,5,130.96180508982,0.0389768574908646
Jun 1922,1922,6,129.733558383234,-0.00937866354044541
Jul 1922,1922,7,129.877036607143,0.00110594533671426
Aug 1922,1922,8,136.384403313253,0.0501040590092452
Sep 1922,1922,9,139.936884939759,0.0260475651189128
Oct 1922,1922,10,142.169556287425,0.0159548452763346
Nov 1922,1922,11,134.302928571429,-0.0553327162398436
Dec 1922,1922,12,133.20480887574,-0.00817643894566947
Jan 1923,1923,1,135.829098214286,0.0197011606464908
Feb 1923,1923,2,141.628542857143,0.0426966292134831
Mar 1923,1923,3,143.917797321429,0.0161637931034482
Apr 1923,1923,4,138.059653846154,-0.0407047883187861
May 1923,1923,5,131.53595591716,-0.0472527472527471
Jun 1923,1923,6,125.785106470588,-0.0437207408915125
Jul 1923,1923,7,120.14859244186,-0.0448106630974288
Aug 1923,1923,8,121.450973684211,0.010839754473031
Sep 1923,1923,9,121.490202034884,0.000322997416020821
Oct 1923,1923,10,119.009473699422,-0.0204191638001349
Nov 1923,1923,11,122.566419364162,0.0298879202988791
Dec 1923,1923,12,126.716189306358,0.0338573155985493
Jan 1924,1924,1,130.865959248555,0.0327485380116956
Feb 1924,1924,2,132.22307877907,0.010370302088546
Mar 1924,1924,3,130.447342105263,-0.0134298542297121
Apr 1924,1924,4,128.19825,-0.0172413793103445
May 1924,1924,5,127.745785588235,-0.0035294117647059
Jun 1924,1924,6,130.158929117647,0.0188902007083828
Jul 1924,1924,7,135.395344736842,0.0402309365534341
Aug 1924,1924,8,140.867253529412,0.0404143052569867
Sep 1924,1924,9,138.694013157895,-0.0154275767935185
Oct 1924,1924,10,136.098839825581,-0.018711502199874
Nov 1924,1924,11,143.701294186047,0.0558598028477544
Dec 1924,1924,12,150.577366473988,0.0478497589523421
Jan 1925,1925,1,156.802021387283,0.0413385826771653
Feb 1925,1925,2,159.055270639535,0.0143700268167232
Mar 1925,1925,3,153.986106069364,-0.0318704595565331
Apr 1925,1925,4,153.241629069767,-0.00483470241958946
May 1925,1925,5,157.246639595376,0.0261352646139312
Jun 1925,1925,6,158.233268571429,0.00627440420088888
Jul 1925,1925,7,160.791025423729,0.0161644695543
Aug 1925,1925,8,162.963877118644,0.0135135135135136
Sep 1925,1925,9,166.730153389831,0.023111111111111
Oct 1925,1925,10,172.234711016949,0.0330147697654215
Nov 1925,1925,11,174.634505,0.0139332772638069
Dec 1925,1925,12,178.474882122905,0.021990941153955
Jan 1926,1926,1,181.196409217877,0.0152487961476725
Feb 1926,1926,2,181.48288575419,0.00158102766798418
Mar 1926,1926,3,170.114756460674,-0.0626402277342746
Apr 1926,1926,4,164.437531843575,-0.033372910940922
May 1926,1926,5,166.513682022472,0.0126257683122577
Jun 1926,1926,6,175.421560169492,0.0534963736242253
Jul 1926,1926,7,184.898504571429,0.0540238291848531
Aug 1926,1926,8,193.328855172414,0.0455944769295226
Sep 1926,1926,9,195.154364571429,0.00944250871080139
Oct 1926,1926,10,189.675138068182,-0.028076371826372
Nov 1926,1926,11,191.066092372881,0.00733335069037667
Dec 1926,1926,12,195.411795762712,0.0227445034116755
Jan 1927,1927,1,196.326462857143,0.00468071587419239
Feb 1927,1927,2,201.285987931034,0.0252616229198835
Mar 1927,1927,3,205.561818208092,0.0212425629871612
Apr 1927,1927,4,210.600824566474,0.0245133381398703
May 1927,1927,5,216.610836206897,0.028537455410226
Jun 1927,1927,6,216.917266193182,0.00141465677179956
Jul 1927,1927,7,225.569637572254,0.0398878868930926
Aug 1927,1927,8,238.955575290698,0.0593428169788834
Sep 1927,1927,9,251.06108150289,0.0506600701718959
Oct 1927,1927,10,245.786989655172,-0.0210072059601839
Nov 1927,1927,11,252.83955433526,0.0286938079594126
Dec 1927,1927,12,258.767797109827,0.0234466588511138
Jan 1928,1928,1,259.805239595376,0.0040091638029783
Feb 1928,1928,2,259.695168421053,-0.000423668031078068
Mar 1928,1928,3,273.639539473684,0.0536951501154735
Apr 1928,1928,4,290.882578947368,0.0630136986301371
May 1928,1928,5,298.135465116279,0.0249340685686886
Jun 1928,1928,6,285.184878947368,-0.0434385964912281
Jul 1928,1928,7,287.284031578947,0.00736067297581488
Aug 1928,1928,8,296.580278947368,0.0323590814196243
Sep 1928,1928,9,313.752248843931,0.0578999047324034
Oct 1928,1928,10,321.986302325581,0.0262438070547397
Nov 1928,1928,11,343.75019127907,0.0675925925925925
Dec 1928,1928,12,347.109881578947,0.00977363907021069
Jan 1929,1929,1,372.749531578947,0.0738660907127432
Feb 1929,1929,2,374.698744736842,0.00522928399034581
Mar 1929,1929,3,383.538999705882,0.0235929665984042
Apr 1929,1929,4,383.532752662722,-1.62878955340474e-05
May 1929,1929,5,387.007893529412,0.00906087118391656
Jun 1929,1929,6,392.09172368421,0.0131362440916527
Jul 1929,1929,7,422.090885549133,0.0765105715138321
Aug 1929,1929,8,446.100268786127,0.0568820224719101
Sep 1929,1929,9,463.884997109827,0.0398671096345515
Oct 1929,1929,10,414.828788150289,-0.105750798722045
Nov 1929,1929,11,305.008090751445,-0.264737406216506
Dec 1929,1929,12,319.004947674419,0.04589011684408
Jan 1930,1930,1,325.518597368421,0.0204186478657703
Feb 1930,1930,2,347.945132647059,0.0688947896063078
Mar 1930,1930,3,363.203089349112,0.0438516170235688
Apr 1930,1930,4,383.991464117647,0.057236227824463
May 1930,1930,5,363.203089349112,-0.0541375960434513
Jun 1930,1930,6,328.431707142857,-0.0957353701714605
Jul 1930,1930,7,325.283752409639,-0.00958480763201516
Aug 1930,1930,8,323.05959,-0.00683760683760683
Sep 1930,1930,9,320.958992168675,-0.00650219927328353
Oct 1930,1930,10,278.462138181818,-0.132405868113279
Nov 1930,1930,11,259.835965243902,-0.0668894272648083
Dec 1930,1930,12,247.000603416149,-0.0493979415655764
Jan 1931,1931,1,257.686545283019,0.0432628168477228
Feb 1931,1931,2,280.89298089172,0.0900568385641287
Mar 1931,1931,3,288.117349038462,0.0257192903995229
Apr 1931,1931,4,262.351515483871,-0.0894282612295972
May 1931,1931,5,240.141297058824,-0.0846582432889087
Jun 1931,1931,6,235.51122218543,-0.0192806274060346
Jul 1931,1931,7,243.321976490066,0.0331651045421775
Aug 1931,1931,8,236.020619205298,-0.0300069783670621
Sep 1931,1931,9,202.211373,-0.143247002398082
Oct 1931,1931,10,176.38014261745,-0.127743706989964
Nov 1931,1931,11,181.221743877551,0.0274498091919696
Dec 1931,1931,12,148.218250684932,-0.182116629530502
Jan 1932,1932,1,148.817548951049,0.00404335001491399
Feb 1932,1932,2,149.655545744681,0.00563103477740752
Mar 1932,1932,3,151.273935,0.0108140947752125
Apr 1932,1932,4,115.839569784173,-0.234239726862578
May 1932,1932,5,103.120052189781,-0.109802873215863
Jun 1932,1932,6,89.9273018382353,-0.127935838582257
Jul 1932,1932,7,94.4519459558824,0.050314465408805
Aug 1932,1932,8,143.01227,0.514127300953648
Sep 1932,1932,9,158.047394776119,0.105131711958138
Oct 1932,1932,10,137.258878195489,-0.131533434069435
Nov 1932,1932,11,136.939039772727,-0.00233018386108274
Dec 1932,1932,12,133.482758015267,-0.0252395647230794
Jan 1933,1933,1,140.918696511628,0.0557071085953304
Feb 1933,1933,2,126.17937992126,-0.104594471530269
Mar 1933,1933,3,126.773825,0.00471111111111117
Apr 1933,1933,4,140.204117857143,0.105939004815409
May 1933,1933,5,180.494996428571,0.287373004354136
Jun 1933,1933,6,209.760601181102,0.162140809061776
Jul 1933,1933,7,219.796388931298,0.0478440073764409
Aug 1933,1933,8,207.2538375,-0.057064410804393
Sep 1933,1933,9,205.505679545455,-0.0084348641049671
Oct 1933,1933,10,185.498982954545,-0.0973534971644612
Nov 1933,1933,11,189.966497727273,0.0240837696335077
Dec 1933,1933,12,193.657053409091,0.0194274028629858
Jan 1934,1934,1,204.728720454545,0.0571715145436307
Feb 1934,1934,2,218.226193984962,0.0659285785621549
Mar 1934,1934,3,207.044993233083,-0.0512367491166078
Apr 1934,1934,4,210.515021052632,0.0167597765363129
May 1934,1934,5,189.116516165414,-0.101648351648352
Jun 1934,1934,6,190.19262761194,0.0056902034171648
Jul 1934,1934,7,181.199616044776,-0.0472837022132794
Aug 1934,1934,8,174.12001119403,-0.0390707497360087
Sep 1934,1934,9,167.411832352941,-0.0385261797026502
Oct 1934,1934,10,169.981383333333,0.0153486820153486
Nov 1934,1934,11,174.729466666667,0.0279329608938548
Dec 1934,1934,12,177.181461940299,0.0140330953926022
Jan 1935,1935,1,174.575852205882,-0.0147058823529412
Feb 1935,1935,2,168.061355474453,-0.0373161387964874
Mar 1935,1935,3,157.393763868613,-0.0634743875278397
Apr 1935,1935,4,167.958286956522,0.0671216116079888
May 1935,1935,5,181.149701086956,0.0785398230088496
Jun 1935,1935,6,189.396538686131,0.0455249859629423
Jul 1935,1935,7,199.315527372263,0.0523715415019765
Aug 1935,1935,8,212.790379927007,0.0676056338028168
Sep 1935,1935,9,217.281997445255,0.0211081794195251
Oct 1935,1935,10,223.083670072993,0.0267011197243755
Nov 1935,1935,11,242.276113043478,0.0860324871121485
Dec 1935,1935,12,242.276113043478,0
Jan 1936,1936,1,255.65332173913,0.0552147239263805
Feb 1936,1936,2,270.331092391304,0.0574127906976745
Mar 1936,1936,3,278.105984671533,0.0287606290917299
Apr 1936,1936,4,278.480286131387,0.00134589502018856
May 1936,1936,5,263.695378467153,-0.0530913978494623
Jun 1936,1936,6,272.932216304348,0.0350284403575356
Jul 1936,1936,7,287.016513669065,0.0516036456063198
Aug 1936,1936,8,290.643746785714,0.0126377157546824
Sep 1936,1936,9,293.940273214286,0.0113421550094518
Oct 1936,1936,10,309.324063214286,0.0523364485981308
Nov 1936,1936,11,317.93166,0.0278271166370634
Dec 1936,1936,12,312.437449285714,-0.0172811059907836
Jan 1937,1937,1,319.859179787234,0.0237542923183093
Feb 1937,1937,2,329.314937234043,0.029562251279136
Mar 1937,1937,3,326.634696126761,-0.00813883855312988
Apr 1937,1937,4,304.986326223776,-0.0662770065755141
May 1937,1937,5,289.336328125,-0.0513137696779674
Jun 1937,1937,6,278.4750875,-0.0375384615384613
Jul 1937,1937,7,292.999310689655,0.0521562748037746
Aug 1937,1937,8,296.00533862069,0.0102595051297525
Sep 1937,1937,9,252.357377054795,-0.147456670103599
Oct 1937,1937,10,215.654042465753,-0.145441892832289
Nov 1937,1937,11,198.044193103448,-0.0816578681343368
Dec 1937,1937,12,196.21454375,-0.00923859126984127
Jan 1938,1938,1,204.214395422535,0.0407709414381025
Feb 1938,1938,2,200.753004255319,-0.0169497902439944
Mar 1938,1938,3,187.478575531915,-0.0661231884057969
Apr 1938,1938,4,178.574745422535,-0.0474925205939809
May 1938,1938,5,181.477806382979,0.016256839417995
Jun 1938,1938,6,185.660160638298,0.0230460921843688
Jul 1938,1938,7,222.573982978723,0.198824681684623
Aug 1938,1938,8,223.846873404255,0.00571895424836606
Sep 1938,1938,9,213.66375,-0.0454914703493095
Oct 1938,1938,10,239.181306428571,0.119428571428571
Nov 1938,1938,11,239.364446785714,0.000765696784073642
Dec 1938,1938,12,232.405113214286,-0.0290742157612855
Jan 1939,1939,1,228.925446428571,-0.0149724192277383
Feb 1939,1939,2,228.72781294964,-0.000863309352518036
Mar 1939,1939,3,228.543355035971,-0.000806451612903099
Apr 1939,1939,4,201.215514130435,-0.119573990244587
May 1939,1939,5,208.64729673913,0.0369344413665743
Jun 1939,1939,6,212.363188043478,0.0178094390026713
Jul 1939,1939,7,217.565435869565,0.0244969378827648
Aug 1939,1939,8,214.40692826087,-0.0145175064047824
Sep 1939,1939,9,232.211581914894,0.0830414100814929
Oct 1939,1939,10,236.251060714286,0.0173956818436067
Nov 1939,1939,11,232.0388325,-0.0178294573643412
Dec 1939,1939,12,226.544621785714,-0.0236779794790845
Jan 1940,1940,1,226.88323381295,0.00149468137696802
Feb 1940,1940,2,223.797516428571,-0.0136004645760743
Mar 1940,1940,3,222.515533928571,-0.00572831423895265
Apr 1940,1940,4,224.713218214286,0.00987654320987662
May 1940,1940,5,193.762497857143,-0.137734311328443
Jun 1940,1940,6,175.840720212766,-0.0924935312177398
Jul 1940,1940,7,182.957216785714,0.0404712660658885
Aug 1940,1940,8,186.803164285714,0.021021021021021
Sep 1940,1940,9,194.678199642857,0.0421568627450982
Oct 1940,1940,10,196.509603214286,0.00940733772342432
Nov 1940,1940,11,201.088112142857,0.0232991612301958
Dec 1940,1940,12,191.479088297872,-0.047785141262644
Jan 1941,1941,1,191.842771276596,0.00189933523266856
Feb 1941,1941,2,179.841232978723,-0.062559241706161
Mar 1941,1941,3,179.658110915493,-0.00101824292570408
Apr 1941,1941,4,172.843514685315,-0.0379309133077977
May 1941,1941,5,167.904096875,-0.0285773974181651
Jun 1941,1941,6,170.23332244898,0.0138723570021858
Jul 1941,1941,7,178.954291836735,0.0512295081967215
Aug 1941,1941,8,175.691829865772,-0.0182306997919857
Sep 1941,1941,9,173.874182781457,-0.0103456551491525
Oct 1941,1941,10,164.730561764706,-0.0525875714869283
Nov 1941,1941,11,156.002286038961,-0.0529851633615622
Dec 1941,1941,12,144.905376774194,-0.0711329913588322
Jan 1942,1942,1,145.835716242038,0.0064203239973245
Feb 1942,1942,2,140.368969936709,-0.037485647865962
Mar 1942,1942,3,131.082710625,-0.0661560693641618
Apr 1942,1942,4,124.853947826087,-0.0475178058892315
May 1942,1942,5,124.737683742331,-0.000931200701139452
Jun 1942,1942,6,131.029622392638,0.0504413619167719
Jul 1942,1942,7,135.077180487805,0.030890404942465
Aug 1942,1942,8,133.481571818182,-0.0118125701459035
Sep 1942,1942,9,134.880098181818,0.0104772991850987
Oct 1942,1942,10,143.090741317365,0.0608736444162369
Nov 1942,1942,11,144.528265178571,0.0100462395258533
Dec 1942,1942,12,144.431637869822,-0.000668570321726179
Jan 1943,1943,1,153.079330473373,0.0598739495798319
Feb 1943,1943,2,162.182164792899,0.0594648166501487
Mar 1943,1943,3,165.01797994186,0.0174853699393044
Apr 1943,1943,4,168.573331034483,0.0215452346094342
May 1943,1943,5,174.203107714286,0.0333966033966033
Jun 1943,1943,6,177.279865714286,0.0176619007569385
Jul 1943,1943,7,181.982573275862,0.0265270257433268
Aug 1943,1943,8,173.993925433526,-0.0438978727387611
Sep 1943,1943,9,176.677818103448,0.015425209030919
Oct 1943,1943,10,175.056920689655,-0.0091743119266055
Nov 1943,1943,11,166.95243362069,-0.0462962962962963
Dec 1943,1943,12,169.162748275862,0.0132391879964696
Jan 1944,1944,1,174.614857758621,0.0322299651567943
Feb 1944,1944,2,173.436023275862,-0.00675105485232082
Mar 1944,1944,3,178.298715517241,0.0280373831775702
Apr 1944,1944,4,174.203107714286,-0.0229704840613932
May 1944,1944,5,177.279865714286,0.0176619007569385
Jun 1944,1944,6,184.576344034091,0.0411579639368894
Jul 1944,1944,7,188.313813559322,0.0202489086279706
Aug 1944,1944,8,185.561534745763,-0.0146153846153846
Sep 1944,1944,9,182.519542372881,-0.016393442622951
Oct 1944,1944,10,187.010102542373,0.0246031746031749
Nov 1944,1944,11,185.706391525424,-0.00697134004647582
Dec 1944,1944,12,188.696300561798,0.0161001945695806
Jan 1945,1945,1,194.313976685393,0.0297709923664123
Feb 1945,1945,2,200.795910674157,0.0333580429948109
Mar 1945,1945,3,200.651867696629,-0.000717360114777819
Apr 1945,1945,4,205.693371910112,0.0251256281407036
May 1945,1945,5,212.279113407821,0.0320172761842169
Jun 1945,1945,6,213.758187016575,0.00696758896817032
Jul 1945,1945,7,209.366865745856,-0.0205434062292909
Aug 1945,1945,8,210.075143370166,0.00338294993234105
Sep 1945,1945,9,224.382351381215,0.0681051921780176
Oct 1945,1945,10,233.731616022099,0.0416666666666666
Nov 1945,1945,11,241.381014364641,0.0327272727272726
Dec 1945,1945,12,244.140183791209,0.0114307640716093
Jan 1946,1946,1,253.86071043956,0.0398153491055973
Feb 1946,1946,2,255.971533425414,0.00831488646746074
Mar 1946,1946,3,245.608231967213,-0.0404861482818788
Apr 1946,1946,4,260.019494021739,0.0586758104119646
May 1946,1946,5,259.168354054054,-0.00327336983285534
Jun 1946,1946,6,254.75117486631,-0.0170436672481342
Jul 1946,1946,7,233.735193181818,-0.0824961129051549
Aug 1946,1946,8,224.66425990099,-0.0388085900002743
Sep 1946,1946,9,189.657999264706,-0.155815885676304
Oct 1946,1946,10,181.819633413462,-0.0413289493806393
Nov 1946,1946,11,176.829323239437,-0.0274464868305881
Dec 1946,1946,12,180.431583488372,0.0203713964570109
Jan 1947,1947,1,181.385616976744,0.00528750826173164
Feb 1947,1947,2,188.421613953488,0.0387902695595004
Mar 1947,1947,3,177.487257534247,-0.0580313276689209
Apr 1947,1947,4,170.931,-0.0369393139841689
May 1947,1947,5,167.887023287671,-0.0178082191780822
Jun 1947,1947,6,172.951093636364,0.0301635602890832
Jul 1947,1947,7,182.133910135135,0.053094873849591
Aug 1947,1947,8,176.172884,-0.0327288099767491
Sep 1947,1947,9,167.883969130435,-0.0470498903200405
Oct 1947,1947,10,172.231561956522,0.0258964143426293
Nov 1947,1947,11,169.488075974026,-0.0159290547640061
Dec 1947,1947,12,164.685444230769,-0.0283361039746108
Jan 1948,1948,1,160.437134810127,-0.0257965082493241
Feb 1948,1948,2,153.8379,-0.0411328388401889
Mar 1948,1948,3,156.68675,0.0185185185185187
Apr 1948,1948,4,165.903617647059,0.0588235294117645
May 1948,1948,5,173.255375523013,0.0443134271586156
Jun 1948,1948,6,178.945607053942,0.0328430302018164
Jul 1948,1948,7,172.542234836066,-0.0357839028478973
Aug 1948,1948,8,166.81470244898,-0.0331949588605239
Sep 1948,1948,9,164.930973061225,-0.0112923462986196
Oct 1948,1948,10,170.125382581967,0.0314944453690606
Nov 1948,1948,11,161.995970454545,-0.0477848278960079
Dec 1948,1948,12,161.604267012448,-0.00241798262634698
Jan 1949,1949,1,164.09376,0.0154048716260698
Feb 1949,1949,2,159.116651470588,-0.0303308823529412
Mar 1949,1949,3,160.624866176471,0.00947867298578199
Apr 1949,1949,4,159.738237866109,-0.00551986956607128
May 1949,1949,5,159.224381092437,-0.00321686767386627
Jun 1949,1949,6,149.868581799163,-0.0587585847662508
Jul 1949,1949,7,159.67984556962,0.0654657811041743
Aug 1949,1949,8,164.718591806723,0.0315553050488488
Sep 1949,1949,9,166.174970083682,0.00884161442242196
Oct 1949,1949,10,171.904657594937,0.0344798468046621
Nov 1949,1949,11,173.552420798319,0.00958533193012874
Dec 1949,1949,12,179.694835169492,0.035392271354775
Jan 1950,1950,1,184.169060425532,0.0248990197844041
Feb 1950,1950,2,187.769521914894,0.0195497630331755
Mar 1950,1950,3,188.494884533898,0.00386304769595924
Apr 1950,1950,4,193.818371186441,0.0282420749279537
May 1950,1950,5,199.49162278481,0.0292709693288682
Jun 1950,1950,6,201.885311344538,0.0119989427441257
Jul 1950,1950,7,184.903368049793,-0.0841167848301944
Aug 1950,1950,8,194.460390740741,0.0516865798159752
Sep 1950,1950,9,200.493656557377,0.0310256797986178
Oct 1950,1950,10,207.097498170732,0.0329379079954322
Nov 1950,1950,11,205.843829757085,-0.00605351790688058
Dec 1950,1950,12,202.553235,-0.0159858799798287
Jan 1951,1951,1,214.101171850394,0.0570118608591651
Feb 1951,1951,2,219.483385214008,0.0251386450484958
Mar 1951,1951,3,214.955670348837,-0.0206289640591968
Apr 1951,1951,4,217.837646511628,0.0134073046694408
May 1951,1951,5,217.095569305019,-0.00340656088831283
Jun 1951,1951,6,213.333767374517,-0.0173278613771089
Jul 1951,1951,7,217.095569305019,0.0176334106728538
Aug 1951,1951,8,226.599068918919,0.0437756497948017
Sep 1951,1951,9,230.658613793103,0.0179150995348401
Oct 1951,1951,10,228.603902290076,-0.00890801981871852
Nov 1951,1951,11,220.559261931818,-0.0351903019925281
Dec 1951,1951,12,226.499700566038,0.0269335260835971
Jan 1952,1952,1,234.046465471698,0.0333190944041008
Feb 1952,1952,2,231.536763307985,-0.0107230936329471
Mar 1952,1952,3,232.121698288973,0.00252631578947362
Apr 1952,1952,4,230.562610227273,-0.00671668384814113
May 1952,1952,5,230.465490340909,-0.000421229991575368
Jun 1952,1952,6,235.88478,0.0235145385587863
Jul 1952,1952,7,240.839858426966,0.0210063507572056
Aug 1952,1952,8,241.80014494382,0.00398724082934619
Sep 1952,1952,9,237.958998876405,-0.0158856235107227
Oct 1952,1952,10,232.965508988764,-0.0209846650524617
Nov 1952,1952,11,240.359715168539,0.0317394888705688
Dec 1952,1952,12,250.058608988764,0.0403515781062724
Jan 1953,1953,1,252.348134210526,0.00915595440213433
Feb 1953,1953,2,250.204282641509,-0.00849561093734232
Mar 1953,1953,3,250.516730639098,0.0012487715809244
Apr 1953,1953,4,238.178853947368,-0.049249711427472
May 1953,1953,5,238.535170786517,0.00149600534742349
Jun 1953,1953,6,229.130454291045,-0.0394269594058694
Jul 1953,1953,7,232.383245708955,0.0141962421711899
Aug 1953,1953,8,232.472514312268,0.000384143887138462
Sep 1953,1953,9,221.797269702602,-0.0459204592045921
Oct 1953,1953,10,227.623115,0.0262665329704434
Nov 1953,1953,11,233.520975836431,0.025910641089466
Dec 1953,1953,12,236.666360408922,0.0134693877551019
Jan 1954,1954,1,242.671185501859,0.0253725332259365
Feb 1954,1954,2,248.008807806691,0.0219952867242733
Mar 1954,1954,3,253.251115427509,0.0211375864719446
Apr 1954,1954,4,264.337137873134,0.0437748217886853
May 1954,1954,5,273.839087174721,0.0359463273985636
Jun 1954,1954,6,276.031324907063,0.00800556909154189
Jul 1954,1954,7,287.183142936803,0.0404005524861879
Aug 1954,1954,8,292.902023977695,0.0199137072685032
Sep 1954,1954,9,300.883206156716,0.0272486412713523
Oct 1954,1954,10,307.867140671642,0.0232114467408584
Nov 1954,1954,11,319.921602985075,0.0391547545059042
Dec 1954,1954,12,335.81219494382,0.049670268623551
Jan 1955,1955,1,341.862,0.0180154418072633
Feb 1955,1955,2,353.289409550562,0.0334269662921349
Mar 1955,1955,3,350.504578651685,-0.00788257678717043
Apr 1955,1955,4,362.604188764045,0.0345205479452052
May 1955,1955,5,361.067730337079,-0.0042372881355931
Jun 1955,1955,6,382.001976404494,0.0579787234042552
Jul 1955,1955,7,408.416663619403,0.0691480380900924
Aug 1955,1955,8,405.92923488806,-0.00609041930194415
Sep 1955,1955,9,422.625308921933,0.0411305040359501
Oct 1955,1955,10,401.370134386617,-0.0502931889941362
Nov 1955,1955,11,428.43950464684,0.067442412728568
Dec 1955,1955,12,434.056313619403,0.0131099231318378
Jan 1956,1956,1,422.384532649254,-0.0268900154286974
Feb 1956,1956,2,425.063302052239,0.00634201585503969
Mar 1956,1956,3,454.338424813433,0.0688723835246455
Apr 1956,1956,4,457.98705669145,0.00803064781394014
May 1956,1956,5,441.951596666667,-0.0350129109338267
Jun 1956,1956,6,436.156840257353,-0.0131117444829241
Jul 1956,1956,7,456.460630291971,0.046551579983562
Aug 1956,1956,8,455.409021428571,-0.00230383256213519
Sep 1956,1956,9,438.307009489051,-0.0375530811530106
Oct 1956,1956,10,431.119060363636,-0.0163993478767177
Nov 1956,1956,11,426.643776,-0.0103806228373703
Dec 1956,1956,12,431.414980434783,0.0111831103678928
Jan 1957,1957,1,422.032354891304,-0.0217484926787251
Feb 1957,1957,2,402.366637364621,-0.0465976537077314
Mar 1957,1957,3,406.084096942446,0.00923898562309567
Apr 1957,1957,4,414.002233870968,0.0194987614342454
May 1957,1957,5,428.365295357143,0.0346931980339304
Jun 1957,1957,6,433.866675266904,0.0128427301870343
Jul 1957,1957,7,439.498028798587,0.0129794562539712
Aug 1957,1957,8,415.307970318021,-0.0550401978973407
Sep 1957,1957,9,398.456468904594,-0.0405759162303665
Oct 1957,1957,10,373.632214134276,-0.0623010459299682
Nov 1957,1957,11,364.281647007042,-0.0250261266922582
Dec 1957,1957,12,364.101086091549,-0.000495662949194674
Jan 1958,1958,1,368.637205594406,0.0124584069538197
Feb 1958,1958,2,369.892293356643,0.00340466926070047
Mar 1958,1958,3,374.8908546875,0.0135135590025314
Apr 1958,1958,4,375.634180276817,0.00198277866750387
May 1958,1958,5,387.699897923875,0.0321209258384506
Jun 1958,1958,6,397.015341695502,0.0240274599542334
Jul 1958,1958,7,406.52107137931,0.0239429782315543
Aug 1958,1958,8,423.187302768166,0.0409972140738191
Sep 1958,1958,9,434.365835294118,0.0264150943396226
Oct 1958,1958,10,452.020819204152,0.0406454248366013
Nov 1958,1958,11,464.166077586207,0.0268688030861898
Dec 1958,1958,12,474.555321280277,0.0223826000988632
Jan 1959,1959,1,491.750804482759,0.0362349391765137
Feb 1959,1959,2,485.91129083045,-0.01187494478723
Mar 1959,1959,3,498.243164013841,0.0253788570385246
Apr 1959,1959,4,504.835867241379,0.0132318990077611
May 1959,1959,5,512.439349655172,0.015061295971979
Jun 1959,1959,6,506.272951546392,-0.012033420370489
Jul 1959,1959,7,524.559140753425,0.0361192300540221
Aug 1959,1959,8,521.573702054795,-0.00569132909273512
Sep 1959,1959,9,499.229362627986,-0.042840233966514
Oct 1959,1959,10,497.095255102041,-0.00427480369886756
Nov 1959,1959,11,499.101078061224,0.00403508771929811
Dec 1959,1959,12,515.060452040816,0.0319762362397345
Jan 1960,1960,1,507.805081740614,-0.0140864441668044
Feb 1960,1960,2,486.45567244898,-0.0420425278503611
Mar 1960,1960,3,479.827735714286,-0.0136249551810685
Apr 1960,1960,4,484.372099830508,0.009470824168715
May 1960,1960,5,479.939482372881,-0.00915126502781261
Jun 1960,1960,6,495.988634797297,0.0334399502726196
Jul 1960,1960,7,483.688532432432,-0.024799161718477
Aug 1960,1960,8,489.492101858108,0.0119985673352434
Sep 1960,1960,9,474.766627195946,-0.0300831711201557
Oct 1960,1960,10,462.288051845638,-0.0262835983733925
Nov 1960,1960,11,477.258854194631,0.0323841429369069
Dec 1960,1960,12,488.702053691275,0.0239769244636741
Jan 1961,1961,1,513.825469127517,0.0514084507042252
Feb 1961,1961,2,534.905047147651,0.0410247823174816
Mar 1961,1961,3,551.682670469799,0.0313656104230336
Apr 1961,1961,4,566.395355536913,0.0266687461010605
May 1961,1961,5,572.159974832215,0.010177730518001
Jun 1961,1961,6,564.588534563758,-0.013233082706767
Jul 1961,1961,7,559.286232,-0.00939144569744981
Aug 1961,1961,8,581.308318896321,0.0393753424209468
Sep 1961,1961,9,574.840953,-0.011125534739637
Oct 1961,1961,10,581.1654,0.0110020814748734
Nov 1961,1961,11,607.488774,0.0452941176470587
Dec 1961,1961,12,613.129497,0.00928531232414197
Jan 1962,1962,1,590.3102085,-0.0372177306941735
Feb 1962,1962,2,598.144924584718,0.013272201584699
Mar 1962,1962,3,598.74119551495,0.000996866989461867
Apr 1962,1962,4,577.741120033113,-0.035073710710312
May 1962,1962,5,534.781971357616,-0.0743570903747244
Jun 1962,1962,6,472.29593692053,-0.116843943483092
Jul 1962,1962,7,482.076191584158,0.0207078949850763
Aug 1962,1962,8,495.192184158416,0.0272073020888188
Sep 1962,1962,9,489.177532894737,-0.0121460949023277
Oct 1962,1962,10,473.743138322368,-0.0315517241379309
Nov 1962,1962,11,506.3830875,0.0688979882499555
Dec 1962,1962,12,528.311735526316,0.0433044636908727
Jan 1963,1963,1,548.722246381579,0.038633461047254
Feb 1963,1963,2,555.975568421053,0.0132185674761761
Mar 1963,1963,3,552.05108704918,-0.00705872990609576
Apr 1963,1963,4,578.026994754098,0.0470534490634994
May 1963,1963,5,589.627885573771,0.020069808027923
Jun 1963,1963,6,587.449627941176,-0.0036942920880928
Jul 1963,1963,7,576.850366612378,-0.0180428428662823
Aug 1963,1963,8,592.802070684039,0.0276531055450993
Sep 1963,1963,9,608.419707654723,0.0263454494223724
Oct 1963,1963,10,607.942740097403,-0.000783944950039534
Nov 1963,1963,11,604.529669805195,-0.00561413117896766
Dec 1963,1963,12,615.434576213592,0.0180386620426944
Jan 1964,1964,1,634.353152912621,0.0307401914520696
Feb 1964,1964,2,642.152916990291,0.0122956180510136
Mar 1964,1964,3,653.852563106796,0.018219408192273
Apr 1964,1964,4,663.311851456311,0.014467005076142
May 1964,1964,5,669.783996116505,0.00975731798849141
Jun 1964,1964,6,663.653392258065,-0.00915310591770845
Jul 1964,1964,7,686.087354662379,0.0338037334940514
Aug 1964,1964,8,678.210096774194,-0.0114814211844236
Sep 1964,1964,9,687.65376414791,0.0139243980864245
Oct 1964,1964,10,699.525499196141,0.0172641170123487
Nov 1964,1964,11,702.131953846154,0.00372603236480677
Dec 1964,1964,12,689.969555769231,-0.0173220973782773
Jan 1965,1965,1,707.720082692308,0.0257265364459268
Feb 1965,1965,2,712.897319711538,0.00731537389688795
Mar 1965,1965,3,711.275019009585,-0.00227564427175886
Apr 1965,1965,4,718.318474681529,0.00990257703940125
May 1965,1965,5,729.01527133758,0.0148914402637263
Jun 1965,1965,6,689.998682278481,-0.053519577151672
Jul 1965,1965,7,688.943886550633,-0.00152869238005636
Aug 1965,1965,8,701.763711550633,0.0186079378165115
Sep 1965,1965,9,725.212631962025,0.0334142675453811
Oct 1965,1965,10,739.182212460568,0.0192627374136446
Nov 1965,1965,11,745.329257886435,0.0083160083160085
Dec 1965,1965,12,739.599086320755,-0.00768810764510982
Jan 1966,1966,1,752.418911320755,0.0173334786874522
Feb 1966,1966,2,742.66848703125,-0.0129587708958421
Mar 1966,1966,3,709.922770093458,-0.0440919703873396
Apr 1966,1966,4,727.118247678019,0.0242216172081606
May 1966,1966,5,688.857221981424,-0.0526200873362445
Jun 1966,1966,6,681.033419444445,-0.0113576548046855
Jul 1966,1966,7,677.202324923077,-0.00562541339673587
Aug 1966,1966,8,632.366291284404,-0.0662077373165636
Sep 1966,1966,9,610.098216055046,-0.03521388716677
Oct 1966,1966,10,601.090031762918,-0.0147651378992317
Nov 1966,1966,11,631.171809574468,0.0500453779333593
Dec 1966,1966,12,633.821499848024,0.00419804914186948
Jan 1967,1967,1,658.136304711246,0.0383622279601623
Feb 1967,1967,2,680.814536170213,0.0344582593250444
Mar 1967,1967,3,694.756819090909,0.0204788267288268
Apr 1967,1967,4,704.58687734139,0.0141489194209611
May 1967,1967,5,715.052769126506,0.0148539408292801
Jun 1967,1967,6,703.973933783784,-0.0154937311217685
Jul 1967,1967,7,713.995163622755,0.0142352285476079
Aug 1967,1967,8,723.191202537313,0.0128796935652881
Sep 1967,1967,9,731.111567410714,0.0109519651865403
Oct 1967,1967,10,727.800866172107,-0.00452831193785201
Nov 1967,1967,11,702.890523372781,-0.0342268661074043
Dec 1967,1967,12,720.784261061947,0.0254573608466134
Jan 1968,1968,1,714.601858064516,-0.0085773279626308
Feb 1968,1968,2,680.350361842105,-0.0479308804418455
Mar 1968,1968,3,665.958139504373,-0.0211541334361368
Apr 1968,1968,4,713.065498691861,0.0707362165774353
May 1968,1968,5,727.348563913044,0.0200305094656602
Jun 1968,1968,6,742.589286743516,0.0209538089255021
Jul 1968,1968,7,736.86443982808,-0.00770930448046282
Aug 1968,1968,8,718.716017571429,-0.0246292550918674
Sep 1968,1968,9,739.970525641026,0.0295728876913261
Oct 1968,1968,10,753.936450424929,0.0188736230700611
Nov 1968,1968,11,763.395228813559,0.0125458563295341
Dec 1968,1968,12,769.1895,0.00759013282732437
Jan 1969,1969,1,734.619185393258,-0.0449438202247191
Feb 1969,1969,2,726.934210893855,-0.0104611677073062
Mar 1969,1969,3,705.267934903047,-0.0298050025244601
Apr 1969,1969,4,715.508690082645,0.0145203754102409
May 1969,1969,5,736.787744505495,0.0297397567881279
Jun 1969,1969,6,694.512268032787,-0.0573780940141471
Jul 1969,1969,7,659.872622690217,-0.04987621808422
Aug 1969,1969,8,652.633037027027,-0.0109711865809424
Sep 1969,1969,9,653.154534097035,0.000799066305903805
Oct 1969,1969,10,656.595004825737,0.0052674681857005
Nov 1969,1969,11,657.8108604,0.00185175879396965
Dec 1969,1969,12,619.63620994695,-0.0580328674261128
Jan 1970,1970,1,612.570579761905,-0.0114028684438078
Feb 1970,1970,2,588.092603684211,-0.0399594379593098
Mar 1970,1970,3,595.014390706806,0.0117698930053412
Apr 1970,1970,4,572.396861688312,-0.0380117344584349
May 1970,1970,5,505.220668134715,-0.117359472159678
Jun 1970,1970,6,499.510603994845,-0.0113021190541379
Jul 1970,1970,7,497.803666153846,-0.00341722043005283
Aug 1970,1970,8,512.267058461538,0.0290544109878499
Sep 1970,1970,9,540.133239030612,0.0543977601307463
Oct 1970,1970,10,549.039916370558,0.0164897782553268
Nov 1970,1970,11,545.684268181818,-0.00611184740614642
Dec 1970,1970,12,580.113186557789,0.0630931114995957
Jan 1971,1971,1,602.274090075377,0.0382009994447529
Feb 1971,1971,2,624.026669548872,0.0361174087212898
Mar 1971,1971,3,638.427285,0.0230769230769231
Apr 1971,1971,4,658.574551122195,0.0315576520546025
May 1971,1971,5,646.39911662531,-0.0184875569153678
Jun 1971,1971,6,629.750221182266,-0.02575637097087
Jul 1971,1971,7,623.667162162162,-0.0096594789735586
Aug 1971,1971,8,611.078325,-0.0201851851851849
Sep 1971,1971,9,624.652257352941,0.0222130810366106
Oct 1971,1971,10,609.897689119804,-0.0236204513142426
Nov 1971,1971,11,581.625116625917,-0.046356254496865
Dec 1971,1971,12,618.657929562044,0.0636712753241453
Jan 1972,1972,1,644.422346715328,0.0416456589694463
Feb 1972,1972,2,653.097138014528,0.0134613446343311
Mar 1972,1972,3,667.002489130435,0.0212913980272221
Apr 1972,1972,4,672.191306024096,0.00777930664160825
May 1972,1972,5,663.795746394231,-0.0124898366798644
Jun 1972,1972,6,664.048489208633,0.000380753892707647
Jul 1972,1972,7,655.983408114559,-0.0121453195438875
Aug 1972,1972,8,677.619321428571,0.032982409381663
Sep 1972,1972,9,666.265489311164,-0.0167554728124799
Oct 1972,1972,10,664.327574468085,-0.00290862257488737
Nov 1972,1972,11,696.019744103774,0.0477056362759949
Dec 1972,1972,12,708.860911764706,0.0184494301630297
Jan 1973,1973,1,712.613746478873,0.00529417640595354
Feb 1973,1973,2,682.528678321678,-0.0422179172179172
Mar 1973,1973,3,665.565048498845,-0.0248540909146062
Apr 1973,1973,4,648.636099770642,-0.025435453328545
May 1973,1973,5,626.098059225513,-0.0347468180588455
Jun 1973,1973,6,607.926542986425,-0.0290234348618896
Jul 1973,1973,7,612.341979683973,0.00726310892078639
Aug 1973,1973,8,590.109904656319,-0.0363066321847271
Sep 1973,1973,9,599.014831858407,0.0150902859481302
Oct 1973,1973,10,617.375782894737,0.0306519138755983
Nov 1973,1973,11,569.77,-0.077109896782028
Dec 1973,1973,12,526.001304545454,-0.076818181818182
Jan 1974,1974,1,528.804026072961,0.00532835470803428
Feb 1974,1974,2,507.632477224576,-0.0400366634982163
Mar 1974,1974,3,522.662656066946,0.0296083870057826
Apr 1974,1974,4,493.883758125,-0.0550620894909688
May 1974,1974,5,473.067369444444,-0.0421483564464312
Jun 1974,1974,6,469.833504795918,-0.0068359495019151
Jul 1974,1974,7,411.635757388664,-0.123868874427195
Aug 1974,1974,8,389.8765179,-0.0528604211322657
Sep 1974,1974,9,345.172521343874,-0.114661936545747
Oct 1974,1974,10,348.418257534247,0.00940322879045023
Nov 1974,1974,11,357.162813786408,0.0250978703413718
Dec 1974,1974,12,331.339369075144,-0.0723016050789272
Jan 1975,1975,1,357.085029558541,0.0777017851976349
Feb 1975,1975,2,391.187802857143,0.0955032288549379
Mar 1975,1975,3,407.607187286528,0.0419731502604666
Apr 1975,1975,4,410.622145179584,0.00739672406938503
May 1975,1975,5,434.23542575188,0.0575061059163488
Jun 1975,1975,6,441.996951492537,0.017874004008813
Jul 1975,1975,7,437.52974695572,-0.0101068673024394
Aug 1975,1975,8,404.709834530387,-0.0750118424031505
Sep 1975,1975,9,397.602411263736,-0.0175617755246738
Oct 1975,1975,10,413.643679508197,0.0403449973894148
Nov 1975,1975,11,417.606378933092,0.00957998301728427
Dec 1975,1975,12,409.772424324324,-0.0187591832978754
Jan 1976,1976,1,446.66483794964,0.0900314697509184
Feb 1976,1976,2,462.248887096774,0.0348898051135403
Mar 1976,1976,3,463.715315742397,0.0031723789641398
Apr 1976,1976,4,465.718419786096,0.00431968489221077
May 1976,1976,5,459.244704424779,-0.0139004924140446
Jun 1976,1976,6,459.527529929577,0.0006158492456717
Jul 1976,1976,7,467.889935201401,0.018197833050623
Aug 1976,1976,8,461.424363240418,-0.0138185745718165
Sep 1976,1976,9,469.6151171875,0.0177510218350005
Oct 1976,1976,10,451.240126943005,-0.0391277656361269
Nov 1976,1976,11,447.367686206897,-0.00858177388244062
Dec 1976,1976,12,461.24937371134,0.0310297053909783
Jan 1977,1977,1,454.939430769231,-0.013680111674381
Feb 1977,1977,2,438.173375634518,-0.0368533787154132
Mar 1977,1977,3,433.503998319328,-0.0106564606040436
Apr 1977,1977,4,423.26788875,-0.0236124917163684
May 1977,1977,5,419.928994029851,-0.00788837237336776
Jun 1977,1977,6,419.400469275124,-0.00125860505523863
Jul 1977,1977,7,421.162775409836,0.00420196509974919
Aug 1977,1977,8,409.5221875,-0.0276391661122201
Sep 1977,1977,9,401.840964087948,-0.0187565500637303
Oct 1977,1977,10,390.172206331169,-0.0290382484604662
Nov 1977,1977,11,390.517964781906,0.000886168838084844
Dec 1977,1977,12,387.361024637681,-0.00808398186236644
Jan 1978,1978,1,370.236546,-0.0442080579833722
Feb 1978,1978,2,362.705255484897,-0.0203418344203745
Mar 1978,1978,3,359.197746529968,-0.00967041117239685
Apr 1978,1978,4,371.99561056338,0.0356290209419342
May 1978,1978,5,387.218342093023,0.0409218041755611
Jun 1978,1978,6,384.044205368098,-0.00819727884729846
Jul 1978,1978,7,379.287303424657,-0.0123863395852602
Aug 1978,1978,8,403.630247727273,0.0641807518543811
Sep 1978,1978,9,400.595433834587,-0.0075187969924812
Oct 1978,1978,10,384.403694485842,-0.040419181002024
Nov 1978,1978,11,360.28653583086,-0.0627391437723807
Dec 1978,1978,12,363.992136115214,0.010285147836036
Jan 1979,1979,1,374.308858199122,0.028343255417589
Feb 1979,1979,2,364.483765484805,-0.02624862462937
Mar 1979,1979,3,367.697559455587,0.00881738577987968
Apr 1979,1979,4,370.794371813031,0.00842217272812185
May 1979,1979,5,357.628292937063,-0.0355077635391054
Jun 1979,1979,6,360.657317427386,0.00846975630883888
Jul 1979,1979,7,360.217791381669,-0.00121868051604244
Aug 1979,1979,8,373.129865853659,0.0358451880526593
Sep 1979,1979,9,373.252813672922,0.00032950409633509
Oct 1979,1979,10,356.295668218085,-0.0454307237177228
Nov 1979,1979,11,350.307207509881,-0.0168075596825336
Dec 1979,1979,12,360.359096479791,0.0286944965859041
Jan 1980,1980,1,365.480357969152,0.0142115504766995
Feb 1980,1980,2,374.683351711027,0.0251805426508082
Mar 1980,1980,3,335.139994382023,-0.105538068741047
Apr 1980,1980,4,326.035055555556,-0.0271675687148467
May 1980,1980,5,337.578276894866,0.0354048472476085
Jun 1980,1980,6,355.296721886336,0.0524869228981483
Jul 1980,1980,7,371.41838814994,0.0453752181500873
Aug 1980,1980,8,380.131665666267,0.023459467259358
Sep 1980,1980,9,386.120919642857,0.0157557354925775
Oct 1980,1980,10,393.665380896226,0.0195391155194274
Nov 1980,1980,11,406.935731578947,0.03370972233451
Dec 1980,1980,12,396.627262456547,-0.0253319340683175
Jan 1981,1981,1,391.962465517241,-0.0117611606181928
Feb 1981,1981,2,374.531406143345,-0.0444712463753239
Mar 1981,1981,3,385.898461016949,0.0303500712814827
Apr 1981,1981,4,386.75296969697,0.00221433554766906
May 1981,1981,5,376.029165367483,-0.0277277879414576
Jun 1981,1981,6,374.406809602649,-0.00431444131002102
Jul 1981,1981,7,361.362316048035,-0.0348404281654437
Aug 1981,1981,8,360.010686890574,-0.00374037108307966
Sep 1981,1981,9,325.447488733906,-0.0960060337519208
Oct 1981,1981,10,328.868315845824,0.0105111492032921
Nov 1981,1981,11,336.2980773746,0.0225919043300558
Dec 1981,1981,12,337.679645744681,0.00410816612710547
Jan 1982,1982,1,318.932231707317,-0.0555183419362464
Feb 1982,1982,2,310.331915961945,-0.0269659660904532
Mar 1982,1982,3,300.621504761905,-0.0312904045655137
Apr 1982,1982,4,314.214045837724,0.045214799541984
May 1982,1982,5,311.529776617954,-0.00854280467511644
Jun 1982,1982,6,289.965938659794,-0.0692191873029369
Jul 1982,1982,7,287.690021538462,-0.00784891195100856
Aug 1982,1982,8,287.888393551689,0.000689533867620705
Sep 1982,1982,9,320.561099080695,0.113490874452844
Oct 1982,1982,10,346.474700101833,0.0808382585892469
Nov 1982,1982,11,361.309761734694,0.0428171570059826
Dec 1982,1982,12,366.205656762295,0.0135504089457628
Jan 1983,1983,1,378.302811349693,0.0330337731381644
Feb 1983,1983,2,384.463801838611,0.0162858702184544
Mar 1983,1983,3,397.820514300306,0.0347411444141688
Apr 1983,1983,4,410.078377789047,0.030812547488406
May 1983,1983,5,424.139774697581,0.0342895350502179
Jun 1983,1983,6,428.787714572864,0.0109585097945547
Jul 1983,1983,7,428.610765765766,-0.000412672287672384
Aug 1983,1983,8,415.55680239521,-0.0304564523647315
Sep 1983,1983,9,425.714943396226,0.0244446509898689
Oct 1983,1983,10,425.719733168317,1.12511251123831e-05
Nov 1983,1983,11,418.544484189723,-0.0168543960252757
Dec 1983,1983,12,416.106461994077,-0.00582500137438459
Jan 1984,1984,1,418.688690873405,0.0062056928098487
Feb 1984,1984,2,393.859076660156,-0.0593032836914062
Mar 1984,1984,3,393.341219298246,-0.00131482906602518
Apr 1984,1984,4,391.931022308438,-0.00358517470486077
May 1984,1984,5,388.314235009671,-0.00922812202378046
Jun 1984,1984,6,378.537166345227,-0.0251782391243038
Jul 1984,1984,7,372.156687319885,-0.0168556210396599
Aug 1984,1984,8,403.364445933014,0.0838565036621396
Sep 1984,1984,9,405.594844285714,0.00552948673386627
Oct 1984,1984,10,401.273914529915,-0.0106533152890768
Nov 1984,1984,11,404.926286324786,0.00910194174757279
Dec 1984,1984,12,400.54344017094,-0.010823812387252
Jan 1985,1985,1,417.039236018957,0.0411835376481943
Feb 1985,1985,2,437.567234433962,0.0492231824778994
Mar 1985,1985,3,432.307632518797,-0.0120201000012469
Apr 1985,1985,4,433.163778297474,0.00198040865873458
May 1985,1985,5,441.823978098788,0.0199928993032442
Jun 1985,1985,6,450.123595260223,0.0187848952814844
Jul 1985,1985,7,457.850892857143,0.0171670573999849
Aug 1985,1985,8,447.032045833333,-0.0236296296296297
Sep 1985,1985,9,435.85037534626,-0.0250131295760434
Oct 1985,1985,10,439.199892364305,0.00768501579328464
Nov 1985,1985,11,464.571639908257,0.057768109658156
Dec 1985,1985,12,486.2854021043,0.0467393192583413
Jan 1986,1986,1,487.059774635036,0.00159242397033801
Feb 1986,1986,2,514.669644098811,0.0566868193631116
Mar 1986,1986,3,547.434806525735,0.0636625120649901
Apr 1986,1986,4,561.900248618785,0.0264240452390182
May 1986,1986,5,561.529524793388,-0.000659768039447205
Jun 1986,1986,6,574.374990410959,0.022875850779702
Jul 1986,1986,7,562.433235616438,-0.0207908683245008
Aug 1986,1986,8,572.626640838651,0.0181237604336101
Sep 1986,1986,9,554.439981397459,-0.0317600651875994
Oct 1986,1986,10,551.845232094288,-0.00467994623445228
Nov 1986,1986,11,569.228099184783,0.0314995329841396
Dec 1986,1986,12,576.834116742082,0.0133619854118092
Jan 1987,1987,1,609.863977068345,0.0572605873466955
Feb 1987,1987,2,645.356423387097,0.0581973155544714
Mar 1987,1987,3,669.009600802855,0.0366513395677016
Apr 1987,1987,4,658.167767968057,-0.0162057955846776
May 1987,1987,5,655.386632625995,-0.00422557207662746
Jun 1987,1987,6,680.8626,0.0388716615594192
Jul 1987,1987,7,698.669197275923,0.0261529966191752
Aug 1987,1987,8,738.260551573426,0.0566668094884796
Sep 1987,1987,9,710.552735217391,-0.0375312161769752
Oct 1987,1987,10,623.0901934085,-0.123090852337839
Nov 1987,1987,11,544.342655979203,-0.126382244917903
Dec 1987,1987,12,535.455428942808,-0.016326530612245
Jan 1988,1988,1,555.119474935177,0.0367239641797898
Feb 1988,1988,2,570.4822125,0.0276746506986029
Mar 1988,1988,3,584.760086266094,0.0250277282152672
Apr 1988,1988,4,574.976267292912,-0.0167313385488663
May 1988,1988,5,558.835265106383,-0.0280724668211501
Jun 1988,1988,6,588.190953813559,0.0525301292530061
Jul 1988,1988,7,582.247241772152,-0.0101050721757468
Aug 1988,1988,8,568.166025630252,-0.0241842556420563
Sep 1988,1988,9,573.574808013356,0.00951972159388404
Oct 1988,1988,10,591.717047420965,0.0316301189559688
Nov 1988,1988,11,577.584800498753,-0.0238834540661085
Dec 1988,1988,12,588.328898340249,0.0186017669305323
Jan 1989,1989,1,604.257317093311,0.0270740036703933
Feb 1989,1989,2,619.906011513158,0.0258974016154613
Mar 1989,1989,3,613.632506541292,-0.0101200905546191
Apr 1989,1989,4,629.639820877336,0.0260861577009147
May 1989,1989,5,650.10388812601,0.0325012277974407
Jun 1989,1989,6,668.779589443997,0.0287272567647945
Jul 1989,1989,7,684.06751085209,0.0228594317909778
Aug 1989,1989,8,713.218514446228,0.0426142202804324
Sep 1989,1989,9,712.3720356,-0.00118684362377378
Oct 1989,1989,10,709.173121815287,-0.0044905100493161
Nov 1989,1989,11,692.820407466243,-0.0230588467695803
Dec 1989,1989,12,708.801109436955,0.0230661536503464
Jan 1990,1990,1,684.200299097331,-0.0347076352055453
Feb 1990,1990,2,661.923620507813,-0.0325587092243433
Mar 1990,1990,3,674.280958741259,0.0186688280197131
Apr 1990,1990,4,672.677799612102,-0.00237758327352012
May 1990,1990,5,695.068685178019,0.033286196718292
Jun 1990,1990,6,711.337449076212,0.0234059802219792
Jul 1990,1990,7,707.902085084356,-0.00482944346079087
Aug 1990,1990,8,644.400777925532,-0.0897035176146667
Sep 1990,1990,9,609.419894988696,-0.0542843586400481
Oct 1990,1990,10,589.84639011236,-0.0321182571118716
Nov 1990,1990,11,604.179764461883,0.0243001815214863
Dec 1990,1990,12,629.972715807175,0.042690856037299
Jan 1991,1991,1,620.018549665676,-0.0158009480279546
Feb 1991,1991,2,689.037062982196,0.111316852300202
Mar 1991,1991,3,707.046585333333,0.026137233131105
Apr 1991,1991,4,720.034194674556,0.0183688170067324
May 1991,1991,5,714.71469789823,-0.00738783909940615
Jun 1991,1991,6,713.178176360294,-0.00214983900912413
Jul 1991,1991,7,715.782975,0.00365238130672968
Aug 1991,1991,8,730.898953879941,0.0211181034026988
Sep 1991,1991,9,723.591288629738,-0.00999818813724041
Oct 1991,1991,10,721.940887336244,-0.00228084737810829
Nov 1991,1991,11,718.05905137881,-0.00537694432539693
Dec 1991,1991,12,722.353910188542,0.00598120558676282
Jan 1992,1992,1,772.494248515568,0.0694124273708698
Feb 1992,1992,2,763.195815584416,-0.0120368960015181
Mar 1992,1992,3,749.789506389088,-0.0175660150666071
Apr 1992,1992,4,748.806437741935,-0.00131112617444746
May 1992,1992,5,761.315906692913,0.0167058779418362
Jun 1992,1992,6,746.640506811698,-0.0192763605123719
Jul 1992,1992,7,757.418984519573,0.0144359669875153
Aug 1992,1992,8,760.509504932576,0.00408033133070151
Sep 1992,1992,9,759.354616560509,-0.00151857191077342
Oct 1992,1992,10,745.864289492243,-0.017765516629597
Nov 1992,1992,11,763.483775070423,0.0236229107981222
Dec 1992,1992,12,787.149903171247,0.0309975521073016
Jan 1993,1993,1,782.548728576438,-0.00584536004676184
Feb 1993,1993,2,791.406946540881,0.011319701433235
Mar 1993,1993,3,803.756604735376,0.0156046876369661
Apr 1993,1993,4,788.91778625,-0.0184618308552022
May 1993,1993,5,791.681980755895,0.00350378018352694
Jun 1993,1993,6,795.574901592798,0.00491727856832893
Jul 1993,1993,7,794.207690339335,-0.00171851984109276
Aug 1993,1993,8,804.125293819061,0.0124874180902078
Sep 1993,1993,9,811.492271950379,0.00916148041598117
Oct 1993,1993,10,816.350970144132,0.0059873622481641
Nov 1993,1993,11,814.014923765432,-0.00286157114296966
Dec 1993,1993,12,819.396084876543,0.00661064183715347
Jan 1994,1994,1,829.500550854993,0.0123316014866884
Feb 1994,1994,2,824.20900797546,-0.00637919151961863
Mar 1994,1994,3,807.875412126359,-0.0198172983928218
Apr 1994,1994,4,777.938987075984,-0.0370557447361608
May 1994,1994,5,783.79106338983,0.00752253892794699
Jun 1994,1994,6,787.951487128378,0.00530807753861654
Jul 1994,1994,7,779.901483153639,-0.0102163700510005
Aug 1994,1994,8,798.855779597316,0.0243034496703769
Sep 1994,1994,9,801.384937349398,0.00316597540717164
Oct 1994,1994,10,795.446559632107,-0.00741014391527222
Nov 1994,1994,11,789.588179458918,-0.00736489472768437
Dec 1994,1994,12,779.620059018036,-0.0126244550009761
Jan 1995,1995,1,793.669139221557,0.018020419101602
Feb 1995,1995,2,818.837649304175,0.0317115896774112
Mar 1995,1995,3,835.151479359313,0.0199231557916286
Apr 1995,1995,4,857.316302271231,0.026539883433987
May 1995,1995,5,882.411633804205,0.0292719635290855
Jun 1995,1995,6,906.802965737705,0.0276416708473635
Jul 1995,1995,7,937.09978495082,0.0334105868174653
Aug 1995,1995,8,937.566037377371,0.000497548323069693
Sep 1995,1995,9,968.633174314622,0.0331359453080809
Oct 1995,1995,10,972.40499531555,0.00389396223559774
Nov 1995,1995,11,994.087289355469,0.0222975963146743
Dec 1995,1995,12,1026.53809123779,0.0326438153166171
Jan 1996,1996,1,1020.30529488342,-0.00607166592995135
Feb 1996,1996,2,1075.14385158167,0.0537472038744168
Mar 1996,1996,3,1065.5522367052,-0.00892123864388241
Apr 1996,1996,4,1061.62586631478,-0.00368482206237417
May 1996,1996,5,1082.61211810345,0.0197680298253457
Jun 1996,1996,6,1093.81659380983,0.0103494829948956
Jul 1996,1996,7,1051.82989652866,-0.0383855003834994
Aug 1996,1996,8,1080.15786789574,0.0269320842282276
Sep 1996,1996,9,1096.55811102662,0.0151831909189578
Oct 1996,1996,10,1136.14585527479,0.0361018206423334
Nov 1996,1996,11,1189.30147008197,0.04678590742587
Dec 1996,1996,12,1201.5554768285,0.0103035328340153
Jan 1997,1997,1,1234.79651935889,0.0276650085422057
Feb 1997,1997,2,1282.60903280075,0.0387209655131538
Mar 1997,1997,3,1269.4190715,-0.0102836959380754
Apr 1997,1997,4,1222.65279803371,-0.0368406891910259
May 1997,1997,5,1334.174642005,0.091213011699348
Jun 1997,1997,6,1401.60754201497,0.0505427834459788
Jul 1997,1997,7,1478.13780364486,0.0546017764144355
Aug 1997,1997,8,1478.48936977612,0.000237843948238642
Sep 1997,1997,9,1490.37623095534,0.00803986922206659
Oct 1997,1997,10,1509.12187462871,0.0125777929653116
Nov 1997,1997,11,1490.62415962848,-0.0122572704770984
Dec 1997,1997,12,1529.7476733106,0.0262463971413623
Jan 1998,1998,1,1528.47854108911,-0.000829635006893481
Feb 1998,1998,2,1621.26839351452,0.0607073308070711
Mar 1998,1998,3,1702.19138776202,0.0499133854525381
Apr 1998,1998,4,1754.85653723077,0.0309396169240341
May 1998,1998,5,1745.66958556511,-0.00523515824271069
Jun 1998,1998,6,1743.48047015337,-0.00125402620853215
Jul 1998,1998,7,1817.05308805147,0.0421987049224725
Aug 1998,1998,8,1686.22280801714,-0.0720013525717246
Sep 1998,1998,9,1599.56310366748,-0.0513927957430245
Oct 1998,1998,10,1614.15667289634,0.00912347202520458
Nov 1998,1998,11,1789.19418594512,0.108438986120662
Dec 1998,1998,12,1861.65134121415,0.0404970884872165
Jan 1999,1999,1,1948.75384847839,0.0467877659666554
Feb 1999,1999,2,1942.97111835866,-0.00296739894792037
Mar 1999,1999,3,1991.59477690909,0.0250254149899582
Apr 1999,1999,4,2059.13232454874,0.0339112897978484
May 1999,1999,5,2054.98246543321,-0.00201534358236674
Jun 1999,1999,6,2040.29597518051,-0.00714677156605901
Jul 1999,1999,7,2124.06120296941,0.0410554296081921
Aug 1999,1999,8,2036.88683294434,-0.0410413644876112
Sep 1999,1999,9,2012.94922218582,-0.0117520572922149
Oct 1999,1999,10,1981.67665853151,-0.0155356942488377
Nov 1999,1999,11,2119.1178342246,0.0693560047252799
Dec 1999,1999,12,2176.5214,0.0270884255930987
Jan 2000,2000,1,2165.38084380924,-0.00511851442892251
Feb 2000,2000,2,2097.18143083039,-0.0314953432666744
Mar 2000,2000,3,2159.91586603388,0.0299136900037543
Apr 2000,2000,4,2187.31809246935,0.0126867101012553
May 2000,2000,5,2120.66068408163,-0.0304744923096518
Jun 2000,2000,6,2174.25421774942,0.0252720928294081
Jul 2000,2000,7,2185.602109375,0.00521921104392596
Aug 2000,2000,8,2204.08995885417,0.00845892735913093
Sep 2000,2000,9,2166.97111010363,-0.0168408955366942
Oct 2000,2000,10,2048.43120982759,-0.0547030367517783
Nov 2000,2000,11,2029.43499632395,-0.00927354231496663
Dec 2000,2000,12,1961.18272267241,-0.0336311701410332
Jan 2001,2001,1,1955.74447341519,-0.00277294369073983
Feb 2001,2001,2,1904.37844069966,-0.0262641840044858
Mar 2001,2001,3,1725.58336847333,-0.0938863139831833
Apr 2001,2001,4,1724.53822249859,-0.000605676893874803
May 2001,2001,5,1832.96804561058,0.0628746998456752
Jun 2001,2001,6,1784.2747669382,-0.026565263256489
Jul 2001,2001,7,1739.81275732394,-0.0249188131996929
Aug 2001,2001,8,1702.32831126761,-0.0215451035742456
Sep 2001,2001,9,1502.19876477846,-0.117562249986972
Oct 2001,2001,10,1553.37033165447,0.0340644447830824
Nov 2001,2001,11,1632.72828703495,0.0510875956385445
Dec 2001,2001,12,1661.32453166384,0.017514392845376
Jan 2002,2002,1,1650.73886654433,-0.00637182255348393
Feb 2002,2002,2,1587.22123540495,-0.0384783035201348
Mar 2002,2002,3,1654.51743699664,0.0423987532995205
Apr 2002,2002,4,1585.62269324249,-0.0416403854160723
May 2002,2002,5,1539.02070425473,-0.0293903393199213
Jun 2002,2002,6,1445.19832645914,-0.0609623883136889
Jul 2002,2002,7,1286.38152934481,-0.109892735278382
Aug 2002,2002,8,1294.82360860542,0.00656265584356961
Sep 2002,2002,9,1229.30081030387,-0.0506036481464271
Oct 2002,2002,10,1208.62736235521,-0.0168172409676886
Nov 2002,2002,11,1286.83324459459,0.0647063641575886
Dec 2002,2002,12,1274.442260199,-0.00962905213059949
Jan 2003,2003,1,1264.11799977986,-0.0081010028791227
Feb 2003,2003,2,1172.10028615511,-0.0727920286245233
Mar 2003,2003,3,1178.46345708469,0.00542886219272035
Apr 2003,2003,4,1241.57005927639,0.0535499016217366
May 2003,2003,5,1307.77584817439,0.0533242473135875
Jun 2003,2003,6,1378.98607512248,0.0544514008631545
Jul 2003,2003,7,1383.81610717781,0.00350259668496122
Aug 2003,2003,8,1374.38802082882,-0.00681310638031445
Sep 2003,2003,9,1411.34367149028,0.0268888043997764
Oct 2003,2003,10,1439.60398078378,0.0200236908021573
Nov 2003,2003,11,1459.02810487805,0.0134926857340932
Dec 2003,2003,12,1503.37663461747,0.0303959393182008
Jan 2004,2004,1,1567.8950549676,0.0429156732015778
Feb 2004,2004,2,1574.40119355532,0.00414960080848556
Mar 2004,2004,3,1537.8043653682,-0.0232449189805792
Apr 2004,2004,4,1545.68902787234,0.00512722078419654
May 2004,2004,5,1495.23496705447,-0.0326417926944351
Jun 2004,2004,6,1531.02635392725,0.0239369648659917
Jul 2004,2004,7,1497.02254237064,-0.0222098146575897
Aug 2004,2004,8,1473.35305915567,-0.0158110399443209
Sep 2004,2004,9,1509.02639383886,0.0242123464308227
Oct 2004,2004,10,1500.51720149293,-0.00563886250146191
Nov 2004,2004,11,1569.17342780105,0.0457550411550164
Dec 2004,2004,12,1615.72909492906,0.0296689112262452
Jan 2005,2005,1,1588.40791329313,-0.0169095065018485
Feb 2005,2005,2,1603.65450101668,0.00959866014010467
Mar 2005,2005,3,1584.93625375065,-0.0116722443981359
Apr 2005,2005,4,1534.20234581192,-0.0320100621199536
May 2005,2005,5,1554.047675,0.0129352749604718
Jun 2005,2005,6,1584.84674614396,0.0198186140872151
Jul 2005,2005,7,1603.77716560901,0.0119446372408609
Aug 2005,2005,8,1598.26142085031,-0.0034392214061778
Sep 2005,2005,9,1581.09455372233,-0.0107409632141644
Oct 2005,2005,10,1534.20869548193,-0.0296540508156353
Nov 2005,2005,11,1605.55332593623,0.0465025590484586
Dec 2005,2005,12,1644.25981074695,0.0241078786892025
Jan 2006,2006,1,1653.3630683056,0.00553638634183427
Feb 2006,2006,2,1647.35073842476,-0.00363642444668732
Mar 2006,2006,3,1660.2122518018,0.00780739224322025
Apr 2006,2006,4,1656.93216081886,-0.00197570580471465
May 2006,2006,5,1633.35332822222,-0.014230415193935
Jun 2006,2006,6,1583.58009810251,-0.0304730331519164
Jul 2006,2006,7,1587.81879685504,0.00267665573569801
Aug 2006,2006,8,1618.54220193722,0.0193494403410771
Sep 2006,2006,9,1665.17458802366,0.0288113501338542
Oct 2006,2006,10,1732.23914851338,0.0402747921881991
Nov 2006,2006,11,1766.95997895782,0.0200439012559174
Dec 2006,2006,12,1799.62899172448,0.0184888243965389
Jan 2007,2007,1,1803.95640384159,0.00240461347145069
Feb 2007,2007,2,1820.36109858034,0.00909373125858756
Mar 2007,2007,3,1756.67661223168,-0.034984534880647
Apr 2007,2007,4,1815.66324405136,0.03357853768244
May 2007,2007,5,1863.20206882457,0.0261826222064889
Jun 2007,2007,6,1863.35152211162,8.02131392787466e-05
Jul 2007,2007,7,1871.85114434059,0.00456147008661933
Aug 2007,2007,8,1793.79019911792,-0.0417025389324799
Sep 2007,2007,9,1841.12584814619,0.026388620615473
Oct 2007,2007,10,1889.39883595934,0.0262192765702295
Nov 2007,2007,11,1785.20044598124,-0.0551489648426644
Dec 2007,2007,12,1805.72297477575,0.0114959240799583
Jan 2008,2008,1,1674.76425213189,-0.0725242600737929
Feb 2008,2008,2,1640.97974876354,-0.0201726919626733
Mar 2008,2008,3,1581.33269037316,-0.036348442712546
Apr 2008,2008,4,1635.68943434828,0.0343740089014986
May 2008,2008,5,1660.79201932309,0.0153467916633063
Jun 2008,2008,6,1571.60983307817,-0.0536985879070335
Jul 2008,2008,7,1465.58078296903,-0.067465249884235
Aug 2008,2008,8,1499.70524294113,0.02328391608886
Sep 2008,2008,9,1426.16986088956,-0.0490332232935039
Oct 2008,2008,10,1146.94319790556,-0.195787802450009
Nov 2008,2008,11,1065.82730544898,-0.0707235481274928
Dec 2008,2008,12,1070.28232461899,0.00417986961605052
Jan 2009,2009,1,1051.09656711328,-0.0179258846608831
Feb 2009,2009,2,972.973442549943,-0.0743253541184106
Mar 2009,2009,3,912.634077754115,-0.0620154283324446
Apr 2009,2009,4,1019.80252989589,0.11742762488719
May 2009,2009,5,1081.91851322853,0.060909814902084
Jun 2009,2009,6,1100.88842280463,0.0175335844096973
Jul 2009,2009,7,1114.18555116995,0.0120785431928154
Aug 2009,2009,8,1199.49237814709,0.0765642911879154
Sep 2009,2009,9,1240.08058598688,0.0338378205474564
Oct 2009,2009,10,1266.29700287265,0.0211408977626281
Nov 2009,2009,11,1289.59154881431,0.0183957996337514
Dec 2009,2009,12,1318.35547129183,0.0223046766272376
Jan 2010,2010,1,1329.48436902075,0.00844150001366115
Feb 2010,2010,2,1288.43556106136,-0.0308757356730933
Mar 2010,2010,3,1357.25879045265,0.0534161206592235
Apr 2010,2010,4,1408.14671586953,0.0374931632602728
May 2010,2010,5,1322.13809957924,-0.0610793004173401
Jun 2010,2010,6,1274.37759383387,-0.0361236891672434
Jul 2010,2010,7,1269.92188788639,-0.00349637812924545
Aug 2010,2010,8,1276.95585455678,0.00553889710657493
Sep 2010,2010,9,1317.06052820238,0.0314064683618372
Oct 2010,2010,10,1373.45177640814,0.0428159883302569
Nov 2010,2010,11,1404.8765322459,0.0228801304694857
Dec 2010,2010,12,1452.34692486506,0.0337897256659805
Jan 2011,2011,1,1493.30123933467,0.028198713247122
Feb 2011,2011,2,1530.5773560045,0.0249622217459849
Mar 2011,2011,3,1496.71616070829,-0.0221231518703511
Apr 2011,2011,4,1517.94306828186,0.0141823200222027
May 2011,2011,5,1518.55162731674,0.00040091031580621
Jun 2011,2011,6,1462.22632479333,-0.0370914636751185
Jul 2011,2011,7,1503.94418354565,0.0285303704665659
Aug 2011,2011,8,1341.49654777197,-0.108014404757164
Sep 2011,2011,9,1326.54612352296,-0.0111445864499913
Oct 2011,2011,10,1367.04185004924,0.0305271907310259
Nov 2011,2011,11,1389.95621946691,0.0167620101877965
Dec 2011,2011,12,1412.59392560885,0.0162866325031562
Jan 2012,2012,1,1471.17622910463,0.0414714394800528
Feb 2012,2012,2,1523.18867046907,0.0353543242036341
Mar 2012,2012,3,1552.7842019774,0.019429984007967
Apr 2012,2012,4,1544.97598494035,-0.00502852684043888
May 2012,2012,5,1496.40769120815,-0.0314362774603761
Jun 2012,2012,6,1478.72841762609,-0.0118144765533662
Jul 2012,2012,7,1521.76667701131,0.0291049112685044
Aug 2012,2012,8,1561.94647917128,0.026403392035681
Sep 2012,2012,9,1599.29404050007,0.0239109097698457
Oct 2012,2012,10,1593.70913348349,-0.0034921076894885
Nov 2012,2012,11,1553.06198485368,-0.0255047472439078
Dec 2012,2012,12,1588.27782973506,0.0226751058391888
Jan 2013,2013,1,1648.29502605524,0.0377875930750645
Feb 2013,2013,2,1670.14546020951,0.0132563854218266
Mar 2013,2013,3,1708.21952758696,0.0227968570909273
Apr 2013,2013,4,1731.90663846971,0.0138665496443584
May 2013,2013,5,1804.92921745476,0.0421631151258687
Jun 2013,2013,6,1777.4726013473,-0.015212018201014
Jul 2013,2013,7,1831.55410032706,0.03042606616764
Aug 2013,2013,8,1830.89927904411,-0.000357522217242078
Sep 2013,2013,9,1847.47525253151,0.00905346005491319
Oct 2013,2013,10,1888.32038183056,0.0221086205312271
Nov 2013,2013,11,1962.0516396861,0.039045947162878
Dec 2013,2013,12,1988.88845165609,0.0136779335605465
Jan 2014,2014,1,1997.49792976966,0.00432878882996295
Feb 2014,2014,2,1984.32878452686,-0.00659282047131952
Mar 2014,2014,3,2022.06584909413,0.0190175463166877
Apr 2014,2014,4,2016.22181906762,-0.00289012844419789
May 2014,2014,5,2036.69783020177,0.010155634137324
Jun 2014,2014,6,2094.57404322762,0.0284166910611961
Jul 2014,2014,7,2123.38272465897,0.0137539570513161
Aug 2014,2014,8,2114.46372805358,-0.00420037165312473
Sep 2014,2014,9,2147.0194877768,0.0153966981278942
Oct 2014,2014,10,2091.99752163768,-0.0256271386693807
Nov 2014,2014,11,2219.85336502915,0.0611166323425573
Dec 2014,2014,12,2243.10358097116,0.0104737620548642
Jan 2015,2015,1,2225.08634046049,-0.00803228199692303
Feb 2015,2015,2,2274.47274776118,0.0221952768315807
Mar 2015,2015,3,2258.61602003651,-0.00697160594264409
Apr 2015,2015,4,2270.14810709259,0.00510582009238476
May 2015,2015,5,2277.05062639558,0.00304055901966012
Jun 2015,2015,6,2255.5108930053,-0.00945948813811291
Jul 2015,2015,7,2249.82680579416,-0.00252008856564148
Aug 2015,2015,8,2194.63035824284,-0.024533642949392
Sep 2015,2015,9,2095.18972268802,-0.0453108812522032
Oct 2015,2015,10,2182.80593162152,0.0418177924341387
Nov 2015,2015,11,2247.71499405906,0.0297365246709371
Dec 2015,2015,12,2226.65224699292,-0.00937073744750027
Jan 2016,2016,1,2076.35754824495,-0.0674980563089466
Feb 2016,2016,2,2059.31661766008,-0.00820712723551311
Mar 2016,2016,3,2177.03165964675,0.057162187192187
Apr 2016,2016,4,2224.18694066313,0.0216603561126099
May 2016,2016,5,2204.56227422584,-0.00882329901255111
Jun 2016,2016,6,2216.855597445,0.0055763102557299
Jul 2016,2016,7,2289.71873119504,0.0328677852693755
Aug 2016,2016,8,2311.0911055267,0.00933406100953936
Sep 2016,2016,9,2291.46645826085,-0.00849150741782565
Oct 2016,2016,10,2273.0529950068,-0.00803566780899722
Nov 2016,2016,11,2299.93353525749,0.0118257428708126
Dec 2016,2016,12,2385.88119551261,0.0373696278338324
Jan 2017,2017,1,2402.13806299647,0.00681377912464302
Feb 2017,2017,2,2452.27180829054,0.0208704678829033
Mar 2017,2017,3,2489.09710842039,0.0150168101290226
Apr 2017,2017,4,2473.86279635128,-0.00612041692450533
May 2017,2017,5,2509.50773404077,0.014408615442241
Jun 2017,2017,6,2547.67821450879,0.0152103458181235
Jul 2017,2017,7,2570.50097084801,0.00895825705508876
Aug 2017,2017,8,2565.04063323001,-0.00212423091059571
Sep 2017,2017,9,2589.57151216073,0.00956354398948773
Oct 2017,2017,10,2657.90106542124,0.026386432249363
Nov 2017,2017,11,2695.89014576213,0.0142928872843019
Dec 2017,2017,12,2771.03832004186,0.0278750877137403
Jan 2018,2018,1,2885.8014810362,0.0414152197623182
Feb 2018,2018,2,2785.61697386653,-0.0347163544783069
Mar 2018,2018,3,2776.87702182694,-0.00313752828245255
Apr 2018,2018,4,2715.59491787935,-0.0220687136901977
May 2018,2018,5,2753.1224890893,0.0138192817208758
Jun 2018,2018,6,2802.52590301561,0.0179445026954266
Jul 2018,2018,7,2842.31136663413,0.0141962875617704
Aug 2018,2018,8,2905.99512040643,0.0224056218892438
Sep 2018,2018,9,2946.98697408087,0.01410596094487
Oct 2018,2018,10,2824.13822444985,-0.0416862207778619
Nov 2018,2018,11,2770.32289057602,-0.0190554886470928
Dec 2018,2018,12,2620.0749838397,-0.0542347995778504
Jan 2019,2019,1,2655.91497479262,0.0136789943699988
Feb 2019,2019,2,2794.31774373358,0.0521111444660494
Mar 2019,2019,3,2828.18647402459,0.0121205723175056
Apr 2019,2019,4,2913.44153231487,0.0301447797283867
May 2019,2019,5,2858.10432389532,-0.0189937597187961
Jun 2019,2019,6,2893.03034791113,0.0122199962135071
Jul 2019,2019,7,2994.07590867989,0.0349272384376211
Aug 2019,2019,8,2895.6742435416,-0.032865454363741
Sep 2019,2019,9,2977.94570337943,0.0284118491647774
Oct 2019,2019,10,2966.69359585927,-0.00377847974440683
Nov 2019,2019,11,3095.10842055554,0.0432855030514459
Dec 2019,2019,12,3169.61038580334,0.0240708741422471
Jan 2020,2020,1,3258.19467638389,0.027948006157891
Feb 2020,2020,2,3248.40880546166,-0.0030034641555225
Mar 2020,2020,3,2634.7343044221,-0.188915416067021
Apr 2020,2020,4,2762.05603256881,0.048324314118894
May 2020,2020,5,2919.64346805112,0.0570543948508343
Jun 2020,2020,6,3207.18,0.0984834398772695
