"","sp.t","GrossReturn","PriceReturn","inf.crsp.t","inf.crsp","crsp.adj.GR","crsp.adj.PR"
"2",19260430,1.038522,1.034856,19260430,1.005618,0.0327201780397726,0.029074658568164
"3",19260528,1.013623,1.00907,19260528,0.994413,0.0193179292708361,0.0147393487414182
"4",19260630,1.056427,1.050196,19260630,0.994382,0.0623955381332326,0.0561293346017928
"5",19260731,1.040403,1.038168,19260731,0.988701,0.0522928569911429,0.0500323151286384
"6",19260831,1.029822,1.025747,19260831,0.994286,0.0357402196148795,0.0316418012523558
"7",19260930,1.01342,1.009122,19260930,1.005747,0.00762915524480823,0.00335571470757579
"8",19261030,0.969828,0.967566,19261030,1.005714,-0.035682112409691,-0.0379312607759263
"9",19261130,1.026937,1.019367,19261130,1.005682,0.0211349114332364,0.0136076811556733
"10",19261231,1.026047,1.020321,19261231,1,0.0260469999999999,0.020321
"11",19270131,0.99709,0.994421,19270131,0.988701,0.00848487055237124,0.00578536888300896
"12",19270228,1.045522,1.040566,19270228,0.994286,0.0515304449625158,0.0465459636362175
"13",19270331,1.007324,1.00261,19270331,0.994253,0.0131465532414787,0.00840530528949879
"14",19270430,1.013021,1.010907,19270430,1,0.0130209999999999,0.010907
"15",19270531,1.062353,1.057096,19270531,1.00578,0.0562478872119154,0.0510210980532524
"16",19270630,0.97963,0.974295,19270630,1.011494,-0.0315019169663883,-0.0367762932849823
"17",19270730,1.08445,1.081687,19270730,0.982955,0.103254981153766,0.100444069158812
"18",19270831,1.03332,1.028624,19270831,0.99422,0.0393273118625657,0.0346040111846473
"19",19270930,1.053016,1.049095,19270930,1.005814,0.0469291538992298,0.043030818819384
"20",19271031,0.953196,0.95104,19271031,1.00578,-0.0522818111316589,-0.054425421066237
"21",19271130,1.070546,1.06427,19271130,0.994253,0.0767339902419202,0.0704217135879901
"22",19271231,1.019295,1.014403,19271231,1,0.0192950000000001,0.0144029999999999
"23",19280131,0.992818,0.9908,19280131,1,-0.00718200000000002,-0.00919999999999999
"24",19280229,0.987451,0.983321,19280229,0.988439,-0.000999555865359381,-0.00517786125395692
"25",19280331,1.105752,1.101652,19280331,1,0.105752,0.101652
"26",19280430,1.034725,1.032715,19280430,1,0.0347249999999999,0.032715
"27",19280531,1.012325,1.007422,19280531,1.005848,0.00643934272375124,0.00156484876442553
"28",19280630,0.96567,0.961275,19280630,0.994186,-0.0286827615758017,-0.0331034635370042
"29",19280731,1.010117,1.008278,19280731,1,0.0101169999999999,0.00827800000000001
"30",19280831,1.07023,1.065514,19280831,1,0.07023,0.0655140000000001
"31",19280929,1.022409,1.019937,19280929,1.011696,0.0105891493096739,0.0081457275703376
"32",19281031,1.013839,1.012055,19281031,0.99422,0.0197330570698637,0.0179386856027841
"33",19281130,1.122975,1.116704,19281130,1,0.122975,0.116704
"34",19281231,1.006232,1.002888,19281231,0.994186,0.0121164450112956,0.00875288929838081
"35",19290131,1.055473,1.053892,19290131,1,0.0554730000000001,0.0538920000000001
"36",19290228,0.995126,0.991925,19290228,1,-0.00487400000000004,-0.00807500000000005
"37",19290328,1.000154,0.996787,19290328,0.994152,0.00603730616646136,0.00265050012472945
"38",19290430,1.019559,1.018234,19290430,0.994118,0.0255915293757885,0.0242586896122996
"39",19290531,0.958719,0.953899,19290531,1.005917,-0.0469203721579414,-0.0517120199777913
"40",19290629,1.112294,1.109584,19290629,1.005882,0.105789744721548,0.103095591729447
"41",19290731,1.050014,1.048186,19290731,1.011696,0.0378750138381492,0.0360681469532351
"42",19290830,1.094871,1.090733,19290830,1,0.0948709999999999,0.090733
"43",19290930,0.949059,0.946954,19290930,1,-0.050941,-0.053046
"44",19291031,0.81385,0.811885,19291031,1,-0.18615,-0.188115
"45",19291127,0.874641,0.869626,19291127,1,-0.125359,-0.130374
"46",19291231,1.027753,1.023571,19291231,0.99422,0.0337279475367624,0.0295216350505925
"47",19300131,1.059632,1.057032,19300131,0.994186,0.0658287282259054,0.063213523425194
"48",19300228,1.026041,1.021516,19300228,0.994152,0.0320765838624275,0.0275249660011749
"49",19300331,1.072348,1.069351,19300331,0.994118,0.0786928714699866,0.0756781388124952
"50",19300430,0.986062,0.984133,19300430,1.005917,-0.0197382090172449,-0.0216558622629898
"51",19300529,0.988852,0.984696,19300529,0.994118,-0.00529715788266583,-0.00947774811440893
"52",19300630,0.844285,0.840818,19300630,0.994083,-0.150689630543928,-0.154177266888177
"53",19300731,1.038713,1.036395,19300731,0.988095,0.0512278677657514,0.048881939489624
"54",19300829,1.011266,1.006691,19300829,0.993976,0.0173947861920207,0.0127920593656186
"55",19300930,0.876451,0.872365,19300930,1.006061,-0.128829166422314,-0.132890550374182
"56",19301031,0.91632,0.913606,19301031,0.993976,-0.0781266348483263,-0.080857083068404
"57",19301129,0.980264,0.975887,19301129,0.993939,-0.0137583895993617,-0.0181620803691173
"58",19301231,0.928521,0.922293,19301231,0.981707,-0.054177060976442,-0.0605211127148935
"59",19310131,1.059527,1.056729,19310131,0.987578,0.0728539922922546,0.0700207983571932
"60",19310228,1.110943,1.105279,19310228,0.987421,0.125095577266435,0.119359422171495
"61",19310331,0.931061,0.926549,19310331,0.993631,-0.0629710626983256,-0.0675119838249814
"62",19310430,0.907045,0.90454,19310430,0.99359,-0.0871033323604303,-0.0896244930001308
"63",19310529,0.862326,0.85698,19310529,0.987097,-0.12640196454857,-0.131817845662584
"64",19310630,1.146492,1.139763,19310630,0.986928,0.161677447594961,0.154859321044696
"65",19310731,0.924535,0.92143,19310731,1,-0.075465,-0.07857
"66",19310831,1.007779,1.002304,19310831,1,0.00777899999999998,0.00230400000000008
"67",19310930,0.712539,0.708476,19310930,0.993377,-0.282710390919057,-0.286800479576233
"68",19311031,1.076738,1.072834,19311031,0.993333,0.0839647932767762,0.0800345906156346
"69",19311130,0.899091,0.890604,19311130,0.986577,-0.0886763020017698,-0.0972787729695707
"70",19311231,0.862443,0.854529,19311231,0.993197,-0.131649612312562,-0.139617820029662
"71",19320130,0.981197,0.978933,19320130,0.979452,0.00178160849127873,-0.000529888141532098
"72",19320229,1.053581,1.045233,19320229,0.986014,0.0685253961911292,0.0600589849637025
"73",19320331,0.881093,0.874755,19320331,0.992908,-0.112613656048697,-0.118996926200615
"74",19320430,0.794705,0.792363,19320430,0.992857,-0.199577582673033,-0.201936431933299
"75",19320531,0.767877,0.759877,19320531,0.985612,-0.220913503488188,-0.229030287780587
"76",19320630,1.002768,0.993493,19320630,0.992701,0.0101410192998699,0.000797823312356893
"77",19320730,1.391838,1.390006,19320730,1,0.391838,0.390006
"78",19320831,1.401979,1.394164,19320831,0.992647,0.412364113325281,0.40449122396985
"79",19320930,0.970474,0.965882,19320930,0.992593,-0.0222840580177374,-0.0269103247756129
"80",19321031,0.857931,0.856737,19321031,0.992537,-0.135618118014744,-0.136821095838241
"81",19321130,0.947772,0.941298,19321130,0.992481,-0.0450477137597595,-0.0515707605485647
"82",19321231,1.061569,1.053749,19321231,0.992424,0.0696728414468011,0.0617931448655011
"83",19330131,1.013938,1.012575,19330131,0.984733,0.0296577854098523,0.0282736538736896
"84",19330228,0.820442,0.813965,19330228,0.984496,-0.166637548552762,-0.173216549381612
"85",19330331,1.038627,1.032581,19330331,0.992126,0.0468700548115863,0.0407760707813323
"86",19330429,1.414312,1.412291,19330429,1,0.414312,0.412291
"87",19330531,1.174816,1.170167,19330531,1,0.174816,0.170167
"88",19330630,1.137498,1.133994,19330630,1.007937,0.128540771893481,0.125064364141806
"89",19330731,0.915264,0.914529,19330731,1.031496,-0.112682938179111,-0.113395495474534
"90",19330831,1.123272,1.119807,19330831,1.007634,0.114761907597402,0.111323159004162
"91",19330930,0.881955,0.878888,19330930,1,-0.118045,-0.121112
"92",19331031,0.909377,0.908412,19331031,1,-0.090623,-0.091588
"93",19331129,1.108553,1.10207,19331129,1,0.108553,0.10207
"94",19331230,1.026694,1.02443,19331230,1,0.026694,0.02443
"95",19340131,1.115033,1.113644,19340131,1,0.115033,0.113644
"96",19340228,0.96716,0.962728,19340228,1.007576,-0.0401121106497178,-0.0445107862831191
"97",19340331,1.005355,1.002464,19340331,1,0.005355,0.00246400000000002
"98",19340430,0.97451,0.973056,19340430,1,-0.02549,-0.026944
"99",19340531,0.921503,0.917745,19340531,1,-0.078497,-0.082255
"100",19340630,1.02408,1.021102,19340630,1.007519,0.0164374071357463,0.01348163161191
"101",19340731,0.880154,0.878277,19340731,1,-0.119846,-0.121723
"102",19340831,1.05865,1.051629,19340831,1,0.0586500000000001,0.0516289999999999
"103",19340929,0.999784,0.996873,19340929,1.014925,-0.0149183437199794,-0.0177865359509324
"104",19341031,0.967337,0.966268,19341031,0.992647,-0.0254974829924434,-0.0265744015747793
"105",19341130,1.086059,1.080682,19341130,1,0.0860590000000001,0.0806819999999999
"106",19341231,0.999319,0.995585,19341231,0.992593,0.0067761912485782,0.00301432712098526
"107",19350131,0.957632,0.956245,19350131,1.014925,-0.0564504766362047,-0.0578170800798089
"108",19350228,0.96316,0.95734,19350228,1.007353,-0.0438704207958878,-0.0496479387066897
"109",19350330,0.968546,0.964676,19350330,1,-0.031454,-0.035324
"110",19350430,1.096493,1.095347,19350430,1.007299,0.088547690407714,0.0874099944505058
"111",19350531,1.038135,1.033059,19350531,1,0.038135,0.0330589999999999
"112",19350629,1.070533,1.067124,19350629,0.992754,0.0783467001895737,0.0749128182812659
"113",19350731,1.083814,1.082471,19350731,1,0.0838140000000001,0.082471
"114",19350831,1.026569,1.022105,19350831,1,0.0265690000000001,0.022105
"115",19350930,1.025526,1.022175,19350930,1,0.0255259999999999,0.0221750000000001
"116",19351031,1.071803,1.070634,19351030,1,0.0718030000000001,0.0706340000000001
"117",19351130,1.051943,1.04562,19351130,1.007299,0.0443205046366573,0.038043321794224
"118",19351231,1.039887,1.036744,19351231,1,0.039887,0.0367440000000001
"119",19360131,1.071832,1.070187,19360131,1,0.0718319999999999,0.070187
"120",19360229,1.022461,1.018857,19360229,1,0.0224610000000001,0.0188569999999999
"121",19360331,1.024029,1.021457,19360331,0.992754,0.0315032727140863,0.0289124999748176
"122",19360430,0.922412,0.921644,19360430,1,-0.077588,-0.078356
"123",19360529,1.053106,1.046971,19360529,1,0.0531060000000001,0.0469710000000001
"124",19360630,1.032542,1.029509,19360630,1.007299,0.0250600864291537,0.02204906388272
"125",19360731,1.073442,1.072356,19360731,1.007246,0.065719794369995,0.0646416069162845
"126",19360831,1.014124,1.00893,19360831,1.007194,0.00688050167097898,0.00172360041858877
"127",19360930,1.004817,1.001617,19360930,1,0.00481700000000007,0.00161699999999998
"128",19361031,1.076281,1.075272,19361031,1,0.076281,0.075272
"129",19361130,1.010666,0.999679,19361130,1,0.0106660000000001,-0.000321000000000016
"130",19361231,0.99617,0.992711,19361231,1,-0.00383,-0.00728899999999999
"131",19370130,1.036648,1.035916,19370130,1.007143,0.029295740525427,0.0285689321178821
"132",19370227,1.018483,1.01535,19370227,1,0.018483,0.01535
"133",19370331,0.996489,0.993758,19370331,1.007092,-0.010528333061925,-0.0132401012022736
"134",19370430,0.919354,0.91851,19370430,1.007042,-0.0870748191237307,-0.0879129172368184
"135",19370528,0.994301,0.988314,19370528,1.006993,-0.012603861198638,-0.0185492848510367
"136",19370630,0.946197,0.942147,19370630,1,-0.053803,-0.057853
"137",19370731,1.098991,1.098012,19370731,1.006944,0.0914122334509169,0.0904399847459243
"138",19370831,0.948817,0.943709,19370831,1,-0.051183,-0.056291
"139",19370930,0.86039,0.856317,19370930,1.006897,-0.145503462618321,-0.149548563557146
"140",19371030,0.897278,0.896297,19371030,1,-0.102722,-0.103703
"141",19371130,0.915711,0.899746,19371130,0.993151,-0.077974044228924,-0.0940491425775134
"142",19371231,0.954172,0.946981,19371231,0.993103,-0.0392013718617303,-0.0464423126302106
"143",19380131,1.012163,1.011096,19380131,0.986111,0.0264189325542459,0.0253369042633131
"144",19380228,1.065757,1.061131,19380228,0.992958,0.0733152862457427,0.0686564789245869
"145",19380331,0.745894,0.742049,19380331,1,-0.254106,-0.257951
"146",19380430,1.142667,1.140966,19380430,1.007092,0.134620273023716,0.132931251563909
"147",19380531,0.960027,0.953964,19380531,0.992958,-0.033164544723946,-0.0392705431649677
"148",19380630,1.253519,1.249304,19380630,1,0.253519,0.249304
"149",19380730,1.074738,1.073872,19380730,1,0.074738,0.0738719999999999
"150",19380831,0.974099,0.970535,19380831,1,-0.025901,-0.029465
"151",19380930,1.016932,1.013867,19380930,1,0.0169319999999999,0.0138670000000001
"152",19381031,1.07896,1.0782,19381031,0.992908,0.086666639809529,0.0859012113911863
"153",19381130,0.973793,0.967216,19381130,1,-0.026207,-0.032784
"154",19381231,1.04481,1.041538,19381231,1,0.04481,0.0415380000000001
"155",19390131,0.929494,0.928686,19390131,1,-0.070506,-0.071314
"156",19390228,1.039292,1.034357,19390228,0.992857,0.0467690714775644,0.0417985671652614
"157",19390331,0.865179,0.861829,19390331,1,-0.134821,-0.138171
"158",19390429,0.993389,0.992158,19390429,0.992806,0.000587224493002747,-0.000652695491364819
"159",19390531,1.069557,1.06346,19390531,1,0.0695570000000001,0.0634600000000001
"160",19390630,0.93819,0.934252,19390630,1,-0.06181,-0.065748
"161",19390731,1.11131,1.110355,19390731,1,0.11131,0.110355
"162",19390831,0.932449,0.926975,19390831,1,-0.067551,-0.073025
"163",19390930,1.181167,1.177572,19390930,1.021739,0.156035934813098,0.152517423725629
"164",19391031,0.983113,0.98236,19391031,0.992908,-0.00986496231272183,-0.0106233407324747
"165",19391130,0.959468,0.948858,19391130,1,-0.040532,-0.051142
"166",19391230,1.028177,1.023143,19391230,1,0.0281769999999999,0.0231429999999999
"167",19400131,0.964073,0.9632,19400131,0.992857,-0.0289910833080695,-0.0298703640101242
"168",19400229,1.013139,1.006917,19400229,1.007194,0.00590253714775901,-0.000275021495362182
"169",19400330,1.013561,1.010518,19400330,1,0.0135609999999999,0.010518
"170",19400430,0.995522,0.993769,19400430,1,-0.00447799999999998,-0.00623099999999999
"171",19400531,0.76852,0.760235,19400531,1,-0.23148,-0.239765
"172",19400629,1.083035,1.078208,19400629,1.007143,0.0753537481767734,0.0705609828991516
"173",19400731,1.03309,1.031914,19400731,0.992908,0.0404690061919131,0.0392846064287931
"174",19400831,1.035421,1.026631,19400831,1,0.0354209999999999,0.0266310000000001
"175",19400930,1.014221,1.010096,19400930,1,0.014221,0.0100960000000001
"176",19401031,1.041468,1.04018,19401031,1,0.0414680000000001,0.0401800000000001
"177",19401130,0.970569,0.957003,19401130,1,-0.029431,-0.042997
"178",19401231,1.002927,0.99751,19401231,1.007143,-0.00418609869700726,-0.00956467949437156
"179",19410131,0.954445,0.953153,19410131,1,-0.045555,-0.046847
"180",19410228,0.995271,0.98743,19410228,1,-0.00472899999999998,-0.01257
"181",19410331,1.008872,1.004173,19410331,1.007092,0.00176746513724657,-0.00289844423349617
"182",19410430,0.937848,0.936537,19410430,1.007042,-0.0687101431717843,-0.0700119756673505
"183",19410531,1.013184,1.00214,19410531,1.006993,0.00614800698713891,-0.00481929864457842
"184",19410630,1.058851,1.052486,19410630,1.020833,0.0372421346096765,0.0310070305329078
"185",19410731,1.057106,1.055619,19410731,1,0.0571060000000001,0.0556190000000001
"186",19410830,0.998887,0.990264,19410830,1.013605,-0.0145204492874444,-0.0230277080322216
"187",19410930,0.992649,0.988501,19410930,1.013423,-0.0204988440167629,-0.0245919028875405
"188",19411031,0.935398,0.934045,19411031,1.013245,-0.0768293946676273,-0.0781647084367552
"189",19411129,0.975084,0.957893,19411129,1.006536,-0.0312477646105058,-0.048327133853136
"190",19411231,0.961157,0.953795,19411231,1.006494,-0.0450444811394802,-0.0523589807788224
"191",19420131,1.022276,1.020639,19420131,1.012903,0.00925360078901916,0.00763745393191639
"192",19420228,0.982353,0.975358,19420228,1.006369,-0.0238640101195486,-0.0308147409151118
"193",19420331,0.935932,0.930324,19420331,1.012658,-0.0757669420475621,-0.0813048432935898
"194",19420430,0.962012,0.959677,19420430,1.00625,-0.0439632298136647,-0.0462837267080746
"195",19420529,1.070339,1.060119,19420529,1.012422,0.0572063823188353,0.0471117774998964
"196",19420630,1.023544,1.016976,19420630,1,0.023544,0.0169760000000001
"197",19420731,1.036031,1.034314,19420731,1.006135,0.0297137064111674,0.028007175975391
"198",19420831,1.015346,1.007531,19420831,1.006098,0.00919194750412,0.00142431452999614
"199",19420930,1.032449,1.027671,19420930,1,0.032449,0.027671
"200",19421031,1.067867,1.066333,19421031,1.012121,0.0550783947769089,0.0535627657167472
"201",19421130,0.995608,0.983063,19421130,1.005988,-0.0103182145313861,-0.0227885422092511
"202",19421231,1.057537,1.050449,19421231,1.005952,0.0512797827331721,0.0442337208932435
"203",19430130,1.072434,1.071062,19430130,1,0.0724339999999999,0.071062
"204",19430227,1.058503,1.052676,19430227,1,0.058503,0.0526759999999999
"205",19430331,1.059404,1.055182,19430331,1.017751,0.0409265134595789,0.0367781510408733
"206",19430430,1.003588,1.002332,19430430,1.011628,-0.0079475854760841,-0.00918914858030817
"207",19430529,1.052698,1.045651,19430529,1.005747,0.0466827144401127,0.0396759821306949
"208",19430630,1.021689,1.017142,19430630,1,0.0216890000000001,0.017142
"209",19430731,0.946908,0.945762,19430731,0.994286,-0.0476502736637145,-0.0488028595394082
"210",19430831,1.016232,1.010751,19430831,0.994253,0.0221060434316014,0.0165933620517111
"211",19430930,1.027498,1.023331,19430930,1.00578,0.0215931913539742,0.0174501382011971
"212",19431030,0.98835,0.9875,19431030,1,-0.01165,-0.0125
"213",19431130,0.932948,0.922034,19431130,1,-0.067052,-0.077966
"214",19431231,1.070305,1.065211,19431231,1,0.0703050000000001,0.0652109999999999
"215",19440131,1.018622,1.01731,19440131,1,0.0186219999999999,0.0173099999999999
"216",19440229,1.006479,1.000238,19440229,1,0.0064789999999999,0.00023799999999996
"217",19440331,1.021313,1.017309,19440331,1,0.0213129999999999,0.017309
"218",19440429,0.987573,0.986567,19440429,1.005747,-0.0180701508431046,-0.019070402397422
"219",19440531,1.048841,1.040864,19440531,1,0.0488409999999999,0.040864
"220",19440630,1.054574,1.049768,19440630,1.005714,0.0485824001654545,0.0438037056260527
"221",19440731,0.98053,0.979371,19440731,1.005682,-0.025009893783522,-0.0261623455525702
"222",19440831,1.0147,1.008208,19440831,1,0.0146999999999999,0.00820799999999999
"223",19440930,0.999308,0.996882,19440930,1,-0.000692000000000026,-0.00311799999999995
"224",19441031,1.002435,1.001045,19441031,1,0.00243499999999996,0.00104499999999996
"225",19441130,1.017327,1.005832,19441130,1,0.0173270000000001,0.00583200000000006
"226",19441230,1.044778,1.041034,19441230,1.00565,0.03890816884602,0.035185203599662
"227",19450131,1.011901,1.010784,19450131,1,0.0119009999999999,0.0107839999999999
"228",19450228,1.069472,1.063578,19450228,1,0.069472,0.0635779999999999
"229",19450331,0.958315,0.95501,19450331,1,-0.041685,-0.04499
"230",19450430,1.090524,1.089465,19450430,1,0.090524,0.0894649999999999
"231",19450531,1.020041,1.011624,19450531,1.005618,0.0143424242605046,0.00597244679391196
"232",19450630,1.00238,1.000134,19450630,1.011173,-0.00869584136443524,-0.0109170240898442
"233",19450731,0.978461,0.977521,19450731,1,-0.021539,-0.022479
"234",19450831,1.059852,1.054027,19450831,1,0.059852,0.054027
"235",19450929,1.046361,1.043999,19450929,1,0.0463610000000001,0.0439989999999999
"236",19451031,1.030815,1.029862,19451031,1,0.030815,0.0298620000000001
"237",19451130,1.04495,1.035612,19451130,1,0.04495,0.035612
"238",19451231,1.011133,1.008805,19451231,1.005525,0.0055771860470899,0.00326197757390423
"239",19460131,1.069504,1.068515,19460131,1,0.069504,0.0685150000000001
"240",19460228,0.934829,0.930215,19460228,0.994505,-0.0600057314945626,-0.0646452255142005
"241",19460330,1.049118,1.046147,19460330,1.01105,0.0376519459967362,0.0347134167449681
"242",19460430,1.035748,1.034707,19460430,1.005464,0.0301194274484218,0.0290840845619535
"243",19460531,1.028785,1.023202,19460531,1.005435,0.0232237787624261,0.0176709583414143
"244",19460628,0.964711,0.962479,19460628,1.010811,-0.0456069433355988,-0.0478150712645588
"245",19460731,0.97265,0.971571,19460731,1.058824,-0.0813865193837692,-0.0824055744864114
"246",19460830,0.931145,0.926635,19460830,1.020202,-0.0872934967780891,-0.0917141899349345
"247",19460930,0.895887,0.893381,19460930,1.009901,-0.112896214579449,-0.11537764592767
"248",19461031,0.994364,0.993183,19461031,1.019608,-0.0247585346525332,-0.0259168229358734
"249",19461130,0.996199,0.988259,19461130,1.024038,-0.0271855146000441,-0.0349391331181069
"250",19461231,1.046818,1.041973,19461231,1.00939,0.03707982048564,0.0322798918158491
"251",19470131,1.022013,1.020953,19470131,1,0.0220130000000001,0.020953
"252",19470228,0.991693,0.984834,19470228,1,-0.00830699999999995,-0.015166
"253",19470331,0.984992,0.982269,19470331,1.018605,-0.0329990526258952,-0.0356723165505766
"254",19470430,0.96044,0.959228,19470430,1,-0.03956,-0.040772
"255",19470529,0.99901,0.98953,19470529,1,-0.000990000000000046,-0.01047
"256",19470630,1.053991,1.050908,19470630,1.004566,0.049200351196437,0.0461313641911032
"257",19470731,1.039572,1.038369,19470731,1.009091,0.0302063936750996,0.0290142316203397
"258",19470829,0.976924,0.970852,19470829,1.013514,-0.0361021160043177,-0.0420931531286198
"259",19470930,0.990072,0.98631,19470930,1.022222,-0.031451093793716,-0.0351313119850678
"260",19471031,1.020578,1.019353,19471031,1,0.020578,0.019353
"261",19471129,0.982367,0.970445,19471128,1.004348,-0.0218858403660883,-0.0337562279209995
"262",19471231,1.030784,1.025273,19471231,1.012987,0.0175688335585746,0.0121284873349807
"263",19480131,0.962257,0.961095,19480130,1.012821,-0.0499239253530485,-0.0510712159404277
"264",19480228,0.959768,0.952218,19480227,0.991561,-0.0320635845903581,-0.039677841302754
"265",19480331,1.08144,1.077022,19480331,0.995745,0.086061190365003,0.0816243114451993
"266",19480430,1.030821,1.028537,19480430,1.017094,0.0134962943444756,0.0112506808613562
"267",19480528,1.084014,1.077523,19480528,1.004202,0.0794780333040563,0.0730141943553189
"268",19480630,1.007665,1.003687,19480630,1.008368,-0.000697166113958314,-0.00464215445154936
"269",19480730,0.947704,0.946856,19480730,1.012448,-0.0639479755997345,-0.0647855494800721
"270",19480831,1.015539,1.008123,19480831,1.004098,0.0113943061334651,0.00400857286838563
"271",19480930,0.972984,0.968841,19480930,1,-0.027016,-0.031159
"272",19481030,1.070041,1.067023,19481029,0.995918,0.0744268102393972,0.0713964402691789
"273",19481130,0.901668,0.890061,19481130,0.991803,-0.0908799428918847,-0.102582871800146
"274",19481231,1.035952,1.029719,19481231,0.995868,0.0402503142986821,0.033991452682484
"275",19490131,1.002676,1.001377,19490131,0.995851,0.00685343490140577,0.00554902289599535
"276",19490228,0.968361,0.958528,19490228,0.991667,-0.0235018408397173,-0.0334174677588343
"277",19490331,1.033981,1.029349,19490331,1,0.033981,0.0293490000000001
"278",19490430,0.981309,0.978283,19490429,1.004202,-0.0227972061398006,-0.0258105440937182
"279",19490531,0.970577,0.962208,19490531,0.995816,-0.0253450436626846,-0.0337492066807523
"280",19490630,1.001744,0.996731,19490630,1.004202,-0.00244771470281879,-0.00743973821999955
"281",19490729,1.062732,1.061657,19490729,0.991632,0.0716999854784841,0.0706159139680851
"282",19490831,1.0218,1.011738,19490831,1.004219,0.0175071373873628,0.007487410614617
"283",19490930,1.027415,1.024293,19490930,1.004202,0.0231158671263352,0.020006930876457
"284",19491031,1.02978,1.028437,19491031,0.991632,0.0384699162592574,0.0371155832002195
"285",19491130,1.020738,1.000482,19491130,1.004219,0.0164495991412232,-0.00372129983599179
"286",19491231,1.050984,1.046034,19491230,0.991597,0.059890257836601,0.054898310503158
"287",19500131,1.019703,1.018245,19500131,0.995763,0.0240418653836305,0.0225776615519959
"288",19500228,1.019603,1.009975,19500228,1,0.019603,0.00997500000000007
"289",19500331,1.008185,1.003542,19500331,1.004255,0.00391334870127635,-0.000709979039188235
"290",19500429,1.045887,1.044493,19500428,1,0.045887,0.0444929999999999
"291",19500531,1.046902,1.03759,19500531,1.004237,0.0424849910927401,0.0332122795714558
"292",19500630,0.945776,0.942151,19500630,1.004219,-0.0581974648956055,-0.0618072352743774
"293",19500731,1.016981,1.015875,19500731,1.012605,0.00432152715027079,0.00322929473980493
"294",19500831,1.048063,1.031526,19500831,1.008299,0.0394367147046659,0.0230358256826595
"295",19500929,1.059466,1.05651,19500929,1.004115,0.055124164064873,0.0521802781553906
"296",19501031,1.005084,1.003425,19501031,1.008197,-0.0030876902034026,-0.00473320194366778
"297",19501130,1.02243,0.999927,19501130,1.004065,0.0182906485137915,-0.00412124713041484
"298",19501230,1.055425,1.051025,19501229,1.012146,0.0427596413956091,0.0384124424737144
"299",19510131,1.065105,1.063309,19510131,1.016,0.0483316929133857,0.0465639763779528
"300",19510228,1.014546,1.004185,19510228,1.011811,0.00270307399306779,-0.00753698072070763
"301",19510331,0.982516,0.980294,19510330,1.003891,-0.0212921522356512,-0.0235055399440777
"302",19510430,1.049108,1.047903,19510430,1,0.0491079999999999,0.047903
"303",19510531,0.970021,0.959083,19510531,1.003876,-0.0337242846726089,-0.0446200526758285
"304",19510629,0.974152,0.971814,19510629,1,-0.025848,-0.028186
"305",19510731,1.070935,1.070014,19510731,1,0.070935,0.070014
"306",19510831,1.05022,1.038396,19510831,1,0.0502199999999999,0.0383960000000001
"307",19510928,1.002868,1.001195,19510928,1.007722,-0.00481680463461143,-0.00647698472396152
"308",19511031,0.986679,0.984912,19511031,1.003831,-0.0170865414596679,-0.0188467979171792
"309",19511130,1.011388,0.997426,19511130,1.007634,0.00372555908196825,-0.0101306625223047
"310",19511231,1.041815,1.038467,19511231,1.003788,0.0378834973121815,0.0345481316772069
"311",19520131,1.017768,1.016303,19520131,1,0.017768,0.016303
"312",19520229,0.974759,0.964257,19520229,0.992453,-0.0178285520825672,-0.0284104133898532
"313",19520331,1.052805,1.050655,19520331,1,0.052805,0.0506549999999999
"314",19520430,0.958577,0.956732,19520430,1.003802,-0.0450537058105085,-0.0468917176893452
"315",19520529,1.033698,1.023274,19520529,1,0.033698,0.023274
"316",19520630,1.047832,1.045795,19520630,1.003788,0.0438777909279651,0.0418484779654669
"317",19520731,1.019129,1.017659,19520731,1.007547,0.0114952453830939,0.010036256373152
"318",19520829,0.994326,0.984993,19520829,1,-0.00567399999999996,-0.015007
"319",19520930,0.981915,0.979902,19520930,1,-0.018085,-0.0200979999999999
"320",19521031,1.00032,0.998756,19521031,1,0.000320000000000098,-0.00124400000000002
"321",19521128,1.061382,1.048273,19521128,1,0.061382,0.048273
"322",19521231,1.038215,1.035725,19521231,1,0.0382150000000001,0.035725
"323",19530130,0.993793,0.993205,19530130,0.996255,-0.00247125484941102,-0.0030614651871258
"324",19530227,0.99246,0.982196,19530227,0.996241,-0.0037952664064218,-0.0140979943608024
"325",19530331,0.977712,0.975632,19530331,1.003774,-0.0259640118193936,-0.0280361914136049
"326",19530430,0.974692,0.973168,19530430,1,-0.025308,-0.026832
"327",19530529,1.007401,0.99727,19530529,1.003759,0.00362836099103458,-0.00646469919572334
"328",19530630,0.985734,0.983817,19530630,1.003745,-0.0179438004672503,-0.0198536480879108
"329",19530731,1.026314,1.024844,19530731,1,0.0263139999999999,0.0248440000000001
"330",19530831,0.949899,0.939903,19530831,1.003731,-0.0536318993834004,-0.0635907429380979
"331",19530930,1.002187,1.000072,19530930,1,0.00218699999999994,7.2000000000072e-05
"332",19531030,1.051046,1.049806,19531030,1.003717,0.0471537295871247,0.0459183215986181
"333",19531130,1.023763,1.009879,19531130,0.996296,0.027569116005685,0.0136334984783639
"334",19531231,1.001713,0.998811,19531231,1,0.00171300000000008,-0.001189
"335",19540129,1.053486,1.052586,19540129,1,0.0534859999999999,0.052586
"336",19540226,1.012916,1.002343,19540226,1,0.0129159999999999,0.00234299999999998
"337",19540331,1.03053,1.028423,19540331,1,0.0305299999999999,0.0284230000000001
"338",19540430,1.048358,1.04714,19540430,0.996283,0.0522692849320925,0.051046740735313
"339",19540528,1.042777,1.033606,19540528,1.003731,0.0389008608880268,0.0297639506999385
"340",19540630,1.002467,1.000533,19540630,1,0.002467,0.000532999999999895
"341",19540730,1.058701,1.05778,19540730,1,0.0587010000000001,0.0577799999999999
"342",19540831,0.974106,0.965247,19540831,1,-0.025894,-0.034753
"343",19540930,1.0825,1.080888,19540930,0.996283,0.0865386642148867,0.0849206500562592
"344",19541029,0.982133,0.981341,19541029,1,-0.017867,-0.018659
"345",19541130,1.095774,1.082712,19541130,1,0.095774,0.0827119999999999
"346",19541231,1.054288,1.052361,19541231,0.996269,0.058236279559035,0.0563020629970421
"347",19550131,1.018076,1.017591,19550131,1,0.018076,0.0175909999999999
"348",19550228,1.013526,1.005446,19550228,1,0.0135259999999999,0.00544600000000006
"349",19550331,0.997758,0.996149,19550331,1,-0.00224199999999997,-0.00385100000000005
"350",19550429,1.039843,1.038885,19550429,1,0.0398430000000001,0.0388850000000001
"351",19550531,1.006433,0.998919,19550531,1,0.00643299999999991,-0.001081
"352",19550630,1.0813,1.07993,19550630,1,0.0812999999999999,0.0799300000000001
"353",19550729,1.057646,1.057068,19550729,1.003745,0.0536998938973543,0.0531240504311352
"354",19550831,0.999352,0.991687,19550831,1,-0.000647999999999982,-0.00831300000000001
"355",19550930,1.011286,1.010117,19550930,1.003731,0.00752691707240283,0.0063622623989894
"356",19551031,0.969532,0.969,19551031,1,-0.0304680000000001,-0.031
"357",19551130,1.087825,1.075124,19551130,1,0.087825,0.075124
"358",19551230,0.999691,0.998315,19551230,0.996283,0.00342071479690009,0.00203958112303426
"359",19560131,0.964943,0.963721,19560131,1,-0.035057,-0.036279
"360",19560229,1.041397,1.034458,19560229,1,0.0413969999999999,0.0344580000000001
"361",19560329,1.070328,1.069226,19560329,1,0.0703279999999999,0.069226
"362",19560430,0.999363,0.998575,19560430,1.003731,-0.00435176357011979,-0.00513683447059021
"363",19560531,0.941586,0.934024,19560531,1.003717,-0.0619009143015411,-0.0694349104379023
"364",19560629,1.03891,1.037762,19560629,1.007407,0.0312713729406289,0.0301318136562483
"365",19560731,1.051427,1.050619,19560731,1.007353,0.0437522894159246,0.0429501872729818
"366",19560831,0.967212,0.960024,19560831,0.99635,-0.0292447433130928,-0.036459075626035
"367",19560928,0.955978,0.954873,19560928,1.003663,-0.0475109673266824,-0.0486119344839852
"368",19561031,1.006619,1.005298,19561031,1.00365,0.0029582025606536,0.00164200667563397
"369",19561130,0.998079,0.988839,19561130,1,-0.00192099999999995,-0.011161
"370",19561231,1.036284,1.034442,19561231,1.003636,0.0325297219310587,0.0306943951791288
"371",19570131,0.959762,0.958431,19570131,1,-0.040238,-0.041569
"372",19570228,0.975081,0.967177,19570228,1.003623,-0.0284389656275315,-0.0363144328099296
"373",19570329,1.023827,1.020752,19570329,1.00361,0.0201442791522606,0.0170803399726989
"374",19570430,1.046538,1.045215,19570430,1.003597,0.0427870948199327,0.0414688365947686
"375",19570531,1.038734,1.033208,19570531,1.003584,0.035024472291308,0.0295182067470185
"376",19570628,0.999295,0.996368,19570627,1.003571,-0.00426078473770164,-0.00717736961311155
"377",19570731,1.009747,1.008217,19570731,1.007117,0.0026114145625582,0.00109222662312303
"378",19570830,0.951002,0.945822,19570830,1,-0.048998,-0.0541779999999999
"379",19570930,0.942121,0.939391,19570930,1,-0.057879,-0.060609
"380",19571031,0.961166,0.959451,19571031,1,-0.038834,-0.0405489999999999
"381",19571129,1.023703,1.016483,19571129,1.003534,0.0200979737607296,0.0129033993865679
"382",19571231,0.962578,0.958979,19571231,1,-0.037422,-0.041021
"383",19580131,1.045518,1.04433,19580131,1.007042,0.038206946681469,0.0370272540767913
"384",19580228,0.985891,0.979712,19580228,1,-0.014109,-0.020288
"385",19580331,1.033052,1.029736,19580331,1.006993,0.0258780349019307,0.0225850626568407
"386",19580430,1.033511,1.032038,19580430,1.003472,0.0299350654527482,0.0284671620134893
"387",19580529,1.021313,1.015503,19580529,1,0.0213129999999999,0.015503
"388",19580630,1.027998,1.024897,19580630,1,0.027998,0.0248969999999999
"389",19580731,1.04396,1.042418,19580731,1.00346,0.0403603531780041,0.038823670101449
"390",19580829,1.017999,1.01327,19580829,0.996552,0.0215212051152374,0.0167758431070328
"391",19580930,1.050837,1.047954,19580930,1,0.050837,0.0479540000000001
"392",19581031,1.02737,1.025878,19581031,1,0.0273699999999999,0.0258780000000001
"393",19581128,1.028617,1.023385,19581128,1.00346,0.0250702569110874,0.0198562972116476
"394",19581231,1.054112,1.051432,19581231,0.996552,0.0577591535614799,0.0550698809495138
"395",19590130,1.006331,1.005395,19590130,1.00346,0.00286110059195188,0.0019283279851714
"396",19590227,1.006711,1.00221,19590227,0.996552,0.0101941494272251,0.0056775762830239
"397",19590331,1.003352,1.000826,19590331,1,0.00335200000000002,0.000825999999999993
"398",19590430,1.040054,1.039093,19590430,1.00346,0.0364678213381699,0.0355101349331315
"399",19590529,1.023631,1.019043,19590529,1,0.023631,0.0190429999999999
"400",19590630,0.999275,0.996804,19590630,1.003448,-0.00415866093708883,-0.00662117020513253
"401",19590731,1.034504,1.033514,19590731,1.003436,0.0309616158878097,0.029975005879797
"402",19590831,0.988924,0.984821,19590831,1,-0.011076,-0.0151790000000001
"403",19590930,0.956818,0.954414,19590930,1.003425,-0.0464479158880834,-0.0488437102922491
"404",19591030,1.012574,1.011436,19591030,1.003413,0.00912983985656957,0.00799571063958693
"405",19591130,1.018486,1.013114,19591130,1,0.018486,0.0131140000000001
"406",19591231,1.029627,1.026911,19591231,1,0.0296270000000001,0.0269109999999999
"407",19600129,0.930067,0.929165,19600129,0.996599,-0.0667590475206177,-0.0676641256914767
"408",19600229,1.013922,1.009129,19600229,1.003413,0.0104732547814308,0.00569655764874466
"409",19600331,0.987434,0.984762,19600331,1,-0.012566,-0.015238
"410",19600429,0.983887,0.982903,19600429,1.003401,-0.0194478578355015,-0.0204285225946556
"411",19600531,1.033513,1.028312,19600531,1,0.0335129999999999,0.0283119999999999
"412",19600630,1.021802,1.019133,19600630,1.00339,0.01834979419767,0.0156898115388833
"413",19600729,0.977052,0.976187,19600729,1,-0.022948,-0.023813
"414",19600831,1.031467,1.026197,19600831,1,0.0314669999999999,0.026197
"415",19600930,0.941287,0.93908,19600930,1,-0.058713,-0.06092
"416",19601031,0.998921,0.997593,19601031,1.006757,-0.00778340751541828,-0.00910249444503486
"417",19601130,1.046081,1.039977,19601130,1,0.046081,0.0399769999999999
"418",19601230,1.048839,1.046597,19601230,1,0.0488390000000001,0.046597
"419",19610131,1.06432,1.063181,19610131,1,0.0643199999999999,0.0631809999999999
"420",19610228,1.032838,1.028612,19610228,1,0.0328379999999999,0.0286120000000001
"421",19610330,1.029345,1.027051,19610330,1,0.029345,0.0270509999999999
"422",19610428,1.004537,1.003843,19610428,1,0.00453700000000001,0.00384300000000004
"423",19610531,1.023553,1.018924,19610531,1,0.0235529999999999,0.0189239999999999
"424",19610630,0.973327,0.971275,19610630,1,-0.0266729999999999,-0.028725
"425",19610731,1.033795,1.033119,19610731,1.006711,0.0269034509407369,0.0262319573343293
"426",19610831,1.02473,1.019511,19610831,0.996667,0.0281568467702853,0.0229203936721092
"427",19610929,0.981326,0.980123,19610929,1.003344,-0.0219446172000829,-0.0231436077755984
"428",19611031,1.028175,1.026791,19611031,1,0.0281750000000001,0.026791
"429",19611130,1.045226,1.039324,19611130,1,0.045226,0.0393239999999999
"430",19611229,1.004696,1.003465,19611229,1,0.00469600000000003,0.00346500000000005
"431",19620131,0.962644,0.961308,19620131,1,-0.0373559999999999,-0.0386919999999999
"432",19620228,1.020592,1.016147,19620228,1.003333,0.0172016668444075,0.0127714328144295
"433",19620330,0.996158,0.994863,19620330,1,-0.00384200000000001,-0.00513699999999995
"434",19620430,0.938257,0.937557,19620430,1.003322,-0.0648495697293591,-0.0655472520287605
"435",19620531,0.920153,0.914501,19620531,1,-0.079847,-0.085499
"436",19620629,0.919331,0.917778,19620629,1,-0.080669,-0.082222
"437",19620731,1.065203,1.063969,19620731,1.003311,0.0616877518536125,0.0604578241442582
"438",19620831,1.021669,1.015803,19620831,1,0.0216689999999999,0.015803
"439",19620928,0.951184,0.949741,19620928,1.0033,-0.0519445828765076,-0.0533828366390912
"440",19621031,1.008313,1.006405,19621031,1,0.00831300000000001,0.00640499999999999
"441",19621130,1.108268,1.100528,19621130,1,0.108268,0.100528
"442",19621231,1.015534,1.01404,19621231,1,0.0155339999999999,0.0140400000000001
"443",19630131,1.050367,1.048957,19630131,1,0.0503670000000001,0.0489569999999999
"444",19630228,0.975811,0.970836,19630228,1,-0.024189,-0.029164
"445",19630329,1.036581,1.035156,19630329,1.003289,0.0331828615683016,0.031762533028868
"446",19630430,1.04907,1.048177,19630430,1,0.0490699999999999,0.0481769999999999
"447",19630531,1.019674,1.013844,19630531,1,0.019674,0.013844
"448",19630628,0.981395,0.980194,19630628,1.003279,-0.0218124768882834,-0.0230095516800412
"449",19630731,0.998179,0.996869,19630731,1.003268,-0.00507242332058833,-0.00637815618558557
"450",19630830,1.053466,1.048496,19630830,1,0.053466,0.0484960000000001
"451",19630930,0.989598,0.988421,19630930,1,-0.010402,-0.011579
"452",19631031,1.034825,1.03329,19631031,1.003257,0.0314655168117441,0.0299355000762516
"453",19631129,0.995513,0.988915,19631129,1,-0.00448700000000002,-0.011085
"454",19631231,1.026065,1.024651,19631231,1.003247,0.0227441497457754,0.0213347261442098
"455",19640131,1.027391,1.026373,19640131,1,0.0273909999999999,0.026373
"456",19640228,1.017015,1.012171,19640228,1,0.017015,0.0121709999999999
"457",19640331,1.017232,1.015814,19640331,1,0.0172319999999999,0.015814
"458",19640430,1.006192,1.005297,19640430,1,0.00619199999999998,0.00529700000000011
"459",19640528,1.016815,1.01146,19640528,1,0.016815,0.01146
"460",19640630,1.018084,1.016779,19640630,1.003236,0.0148001068542196,0.0134993162127357
"461",19640731,1.01891,1.017953,19640731,1.003226,0.0156335661157108,0.0146796434701655
"462",19640831,0.988379,0.983715,19640831,0.996785,-0.00843311245654788,-0.0131121555801903
"463",19640930,1.030399,1.029022,19640930,1.003226,0.0270856217841244,0.0257130497016627
"464",19641030,1.008745,1.007566,19641030,1,0.008745,0.00756599999999996
"465",19641130,1.001598,0.995412,19641130,1.003215,-0.00161181800511356,-0.00777799375009347
"466",19641231,1.005228,1.003803,19641231,1,0.00522800000000001,0.003803
"467",19650129,1.034791,1.033837,19650129,1,0.034791,0.0338369999999999
"468",19650226,1.003746,0.999147,19650226,1,0.00374600000000003,-0.000852999999999993
"469",19650331,0.987787,0.986315,19650331,1.003205,-0.0153687431781141,-0.0168360404902287
"470",19650430,1.035612,1.034769,19650430,1.003195,0.0323137575446448,0.0314734423516863
"471",19650528,0.996878,0.991646,19650528,1,-0.00312199999999996,-0.00835399999999997
"472",19650630,0.95312,0.951633,19650630,1.006369,-0.0529120034500269,-0.0543895926841945
"473",19650730,1.014486,1.013678,19650730,1,0.014486,0.0136780000000001
"474",19650831,1.02756,1.022473,19650831,1,0.02756,0.022473
"475",19650930,1.033366,1.032034,19650930,1,0.033366,0.0320339999999999
"476",19651029,1.028812,1.027737,19651029,1.003165,0.0255660833462092,0.0244944749866669
"477",19651130,0.996179,0.989694,19651130,1,-0.00382099999999996,-0.010306
"478",19651231,1.010349,1.009059,19651231,1.003155,0.00717137431403914,0.00588543146373177
"479",19660131,1.005705,1.004874,19660131,1,0.00570500000000007,0.00487400000000004
"480",19660228,0.98725,0.982452,19660228,1.006289,-0.0189200120442538,-0.023688026004458
"481",19660331,0.976959,0.975392,19660331,1.003125,-0.0260844859813084,-0.0276466043613707
"482",19660429,1.022158,1.02125,19660429,1.006231,0.0158283734053113,0.0149259961181876
"483",19660531,0.95086,0.945355,19660531,1,-0.04914,-0.0546450000000001
"484",19660630,0.98562,0.984096,19660630,1.003096,-0.0174220612982207,-0.0189413575570035
"485",19660729,0.987871,0.986961,19660729,1.003086,-0.0151681909626891,-0.0160753913423175
"486",19660831,0.92835,0.922513,19660831,1.006154,-0.077328122732703,-0.0831294215398438
"487",19660930,0.993756,0.992308,19660930,1,-0.00624400000000003,-0.00769200000000003
"488",19661031,1.048333,1.047244,19661031,1.006116,0.0419603703747877,0.0408779902118643
"489",19661130,1.011223,1.003741,19661130,1,0.011223,0.00374099999999999
"490",19661230,1.000326,0.998911,19661230,1,0.000326000000000048,-0.00108900000000001
"491",19670131,1.079215,1.077723,19670131,1,0.079215,0.077723
"492",19670228,1.007514,1.00242,19670228,1,0.00751400000000002,0.00242000000000009
"493",19670331,1.041137,1.039544,19670331,1.00304,0.0379815361301643,0.0363933641729144
"494",19670428,1.043371,1.042544,19670428,1.00303,0.0402191360178659,0.0393946342581974
"495",19670531,0.95319,0.947686,19670531,1.003021,-0.04968091395893,-0.0551683364555676
"496",19670630,1.019319,1.018015,19670630,1.003012,0.0162580308111968,0.0149579466646459
"497",19670731,1.046454,1.045623,19670731,1.003003,0.043320907315332,0.0424923953368035
"498",19670831,0.993176,0.987803,19670831,1.002994,-0.00978869265419335,-0.0151456539121869
"499",19670929,1.033815,1.032597,19670929,1.002985,0.0307382463346908,0.0295238712443355
"500",19671031,0.972552,0.971299,19671031,1.002976,-0.0303337268289572,-0.0315830089653193
"501",19671130,1.006435,1.000533,19671130,1.002967,0.00345774088280071,-0.00242679968533366
"502",19671229,1.027079,1.025857,19671229,1.002959,0.0240488394839671,0.022830444714091
"503",19680131,0.958125,0.956477,19680131,1.0059,-0.0474947807933195,-0.0491331146237201
"504",19680229,0.9731,0.968027,19680229,1.002933,-0.0297457556985363,-0.0348039201023399
"505",19680329,1.009696,1.008585,19680329,1.002924,0.00675225640227972,0.00564449549517221
"506",19680430,1.084092,1.082642,19680430,1.002915,0.0809410568193716,0.0794952712842065
"507",19680531,1.016374,1.011104,19680531,1.002907,0.0134279649060181,0.00817324039018574
"508",19680628,1.009916,1.008695,19680628,1.005797,0.00409525977906067,0.00288129712059182
"509",19680730,0.982556,0.981336,19680731,1.005764,-0.0230749957246432,-0.0242880039452597
"510",19680830,1.016415,1.011259,19680830,1.002865,0.0135112901537098,0.00837001989300656
"511",19680930,1.039351,1.03821,19680930,1.002857,0.0363900336737937,0.035252284223972
"512",19681031,1.008587,1.006751,19681031,1.005698,0.00287263174432084,0.0010470340002664
"513",19681129,1.05358,1.048659,19681129,1.002833,0.0506036398881966,0.0456965416973714
"514",19681231,0.959174,0.957859,19681231,1.002825,-0.0435280333059109,-0.0448393288958693
"515",19690131,0.992453,0.991388,19690131,1.002817,-0.0103348866243792,-0.0113968949469345
"516",19690228,0.957679,0.952616,19690228,1.005618,-0.0476711832922641,-0.0527058982635552
"517",19690328,1.034847,1.033599,19690328,1.00838,0.0262470497233187,0.0250094210515877
"518",19690430,1.022771,1.021449,19690430,1.00554,0.0171360661932891,0.015821349722537
"519",19690529,1.003854,0.998138,19690529,1.002755,0.00109598057352001,-0.00460431511186687
"520",19690630,0.945643,0.944314,19690630,1.005495,-0.0595249106161642,-0.0608466476710476
"521",19690731,0.941368,0.940081,19690731,1.005464,-0.0637476826619351,-0.0650276887088945
"522",19690829,1.045728,1.04018,19690829,1.005435,0.0400751913350936,0.0345571817173662
"523",19690930,0.976059,0.974715,19690930,1.002703,-0.026572175409867,-0.0279125523709413
"524",19691031,1.0469,1.044661,19691031,1.005391,0.0412864248834532,0.0390594306095839
"525",19691128,0.970848,0.965567,19691128,1.005362,-0.0343299229531254,-0.0395827572555957
"526",19691231,0.983078,0.981635,19691231,1.005333,-0.022136943679358,-0.0235722889828545
"527",19700130,0.924602,0.923191,19700130,1.002653,-0.0778444785982787,-0.0792517451201962
"528",19700227,1.059521,1.053615,19700227,1.005291,0.0539445792312874,0.048069663410893
"529",19700331,1.002806,1.001232,19700331,1.005263,-0.00244413650955022,-0.00400989591778478
"530",19700430,0.911169,0.909965,19700430,1.007853,-0.095930656554081,-0.0971252752137465
"531",19700529,0.945311,0.938888,19700529,1.002597,-0.0571376136174355,-0.0635439762935657
"532",19700630,0.950968,0.949098,19700630,1.005181,-0.0539335701729341,-0.0557939316401723
"533",19700731,1.075523,1.073219,19700731,1.005155,0.0700071133307798,0.0677149295382302
"534",19700831,1.049778,1.043782,19700831,1,0.0497780000000001,0.043782
"535",19700930,1.034702,1.033021,19700930,1.005128,0.0294231182496159,0.0277506944389172
"536",19701030,0.990968,0.988361,19701030,1.005102,-0.0140622543781626,-0.0166560209809551
"537",19701130,1.054387,1.048836,19701130,1.005076,0.0490619614835095,0.0435389960560197
"538",19701231,1.058684,1.057358,19701231,1.005051,0.0533634611576925,0.0520441251239987
"539",19710129,1.042828,1.0415,19710129,1,0.0428280000000001,0.0415000000000001
"540",19710226,1.013317,1.008152,19710226,1.002513,0.0107769176060559,0.00562486471497126
"541",19710331,1.039068,1.037624,19710331,1.002506,0.0364706046647105,0.035030214283007
"542",19710430,1.036965,1.035789,19710430,1.0025,0.0343790523690772,0.0332059850374067
"543",19710528,0.96285,0.957862,19710528,1.004988,-0.041928858852046,-0.0468921021942551
"544",19710630,1.002439,1.001061,19710630,1.007444,-0.00496801807346103,-0.00633583603654397
"545",19710730,0.959173,0.958099,19710730,1.002463,-0.0431836386978871,-0.0442549999351598
"546",19710831,1.042036,1.036549,19710831,1.002457,0.0394819927438284,0.0340084412598247
"547",19710930,0.994962,0.993613,19710930,1,-0.00503799999999999,-0.00638700000000003
"548",19711029,0.959871,0.957985,19711029,1.002451,-0.0424758915897135,-0.0443572803059701
"549",19711130,1.002898,0.997971,19711130,1,0.00289800000000007,-0.00202899999999995
"550",19711231,1.08788,1.086486,19711231,1.00489,0.0825861537083661,0.0811989371971062
"551",19720131,1.019088,1.017814,19720131,1,0.019088,0.017814
"552",19720229,1.030221,1.025416,19720229,1.004866,0.0252322200173953,0.0204504879257534
"553",19720330,1.007315,1.006132,19720330,1.002421,0.004882180241635,0.00370203736753316
"554",19720428,1.005476,1.004658,19720428,1.002415,0.00305362549443089,0.00223759620516462
"555",19720531,1.022019,1.016763,19720531,1.00241,0.0195618559272155,0.014318492433236
"556",19720630,0.979844,0.978622,19720630,1.002404,-0.0225058958264333,-0.0237249651836985
"557",19720731,1.003245,1.002126,19720731,1.004796,-0.00154359690922345,-0.00265725580117748
"558",19720831,1.039425,1.034649,19720831,1.002387,0.0369498008254299,0.0321851739896866
"559",19720929,0.996723,0.995484,19720929,1.002381,-0.00564456030192106,-0.00688061725032685
"560",19721031,1.010878,1.009503,19721031,1.004751,0.00609802826770012,0.00472953000295595
"561",19721130,1.050297,1.045173,19721130,1.002364,0.0478199536296195,0.0427080381977005
"562",19721229,1.013663,1.012622,19721229,1.002358,0.0112784055197843,0.0102398544232698
"563",19730131,0.983248,0.981956,19730131,1.002353,-0.0190601514636062,-0.0203491185241128
"564",19730228,0.966182,0.961771,19730228,1.007042,-0.0405742759487687,-0.044954430897619
"565",19730330,0.998907,0.997911,19730330,1.009324,-0.0103207691484599,-0.0113075682337883
"566",19730430,0.959936,0.958764,19730430,1.006928,-0.0466686793891917,-0.0478326156388541
"567",19730531,0.98605,0.980998,19730531,1.006881,-0.0206886414581265,-0.0257061162143291
"568",19730629,0.994822,0.993478,19730629,1.006834,-0.0119304671872424,-0.013265344634766
"569",19730731,1.039128,1.037679,19730731,1.002262,0.0367827973124792,0.0353370675531948
"570",19730831,0.968456,0.963495,19730831,1.018059,-0.0487231093679247,-0.0535961078876569
"571",19730928,1.042219,1.041038,19730928,1.002217,0.0399135117444627,0.038735124229583
"572",19731031,1.000312,0.99844,19731031,1.00885,-0.00846310155127117,-0.0103186796847896
"573",19731130,0.89278,0.886954,19731130,1.006579,-0.113055209774891,-0.118843131040882
"574",19731231,1.017971,1.016534,19731231,1.006536,0.011360746163078,0.00993307740607374
"575",19740131,0.99188,0.990251,19740131,1.008658,-0.0166339829753991,-0.0182490001566439
"576",19740228,1.001992,0.996305,19740228,1.012876,-0.0107456391503008,-0.0163603442079782
"577",19740329,0.978182,0.976846,19740329,1.012712,-0.0340965644724266,-0.0354157944213163
"578",19740430,0.962351,0.960641,19740430,1.004184,-0.0416586999992034,-0.0433615751694908
"579",19740531,0.973104,0.966873,19740531,1.0125,-0.0389096296296296,-0.0450637037037037
"580",19740628,0.987184,0.985417,19740628,1.00823,-0.0208742052904596,-0.0226267815875346
"581",19740731,0.923302,0.9215,19740731,1.008163,-0.0841738885477844,-0.0859612979250378
"582",19740830,0.917823,0.910263,19740830,1.012146,-0.0931911008886069,-0.100660379036226
"583",19740930,0.882489,0.880422,19740930,1.012,-0.127975296442688,-0.130017786561265
"584",19741031,1.168113,1.164814,19741031,1.009881,0.156683807300068,0.153417085775453
"585",19741129,0.954312,0.946184,19741129,1.007828,-0.0531003306119694,-0.0611651988236087
"586",19741231,0.981979,0.979695,19741231,1.007767,-0.0255892483083888,-0.027855645203703
"587",19750131,1.12361,1.121698,19750131,1.003854,0.119296232320636,0.117391572878128
"588",19750228,1.06746,1.059497,19750228,1.007678,0.059326491200562,0.0514241652591401
"589",19750331,1.024014,1.022122,19750331,1.00381,0.0201273149301162,0.0182424960898975
"590",19750430,1.049424,1.047293,19750430,1.003795,0.045456492610543,0.0433335491808586
"591",19750530,1.051193,1.044794,19750530,1.005671,0.0452653004809724,0.0389023845770635
"592",19750630,1.04622,1.044342,19750630,1.007519,0.0384121788273968,0.036548194128349
"593",19750731,0.934496,0.932447,19750731,1.011194,-0.0758489468885297,-0.0778752642915206
"594",19750829,0.984337,0.978269,19750829,1.001845,-0.0174757572279146,-0.0235325823854988
"595",19750930,0.96775,0.965774,19750930,1.005525,-0.0375674398945824,-0.0395325824817881
"596",19751031,1.064855,1.062135,19751031,1.005495,0.0590355993813994,0.0563304640997717
"597",19751128,1.030089,1.023996,19751128,1.007286,0.0226380591013875,0.0165891315872553
"598",19751231,0.989515,0.987704,19751231,1.003617,-0.0140511768931774,-0.0158556501135393
"599",19760130,1.120143,1.118545,19760130,1.001802,0.118128133104146,0.116533007520448
"600",19760227,0.994244,0.98838,19760227,1.003597,-0.00931947783821596,-0.0151624606291171
"601",19760331,1.03264,1.030786,19760331,1.001792,0.0307928192678719,0.0289421356928383
"602",19760430,0.99039,0.989301,19760430,1.003578,-0.01314098156795,-0.0142260990177148
"603",19760528,0.991884,0.984974,19760528,1.00713,-0.0151380655923268,-0.0219991460883898
"604",19760630,1.043959,1.042158,19760630,1.00531,0.0384448578050554,0.0366533706021028
"605",19760730,0.992798,0.991546,19760730,1.005282,-0.0124184059796157,-0.0136638276622878
"606",19760831,1.001599,0.995018,19760831,1.005254,-0.00363589699717703,-0.0101825011390158
"607",19760930,1.024421,1.02267,19760930,1.003484,0.0208643087483209,0.0191193880520266
"608",19761029,0.979789,0.978005,19761029,1.005208,-0.0252873037222148,-0.0270620607874192
"609",19761130,0.998959,0.991372,19761130,1.001727,-0.00276322790540739,-0.0103371477458429
"610",19761231,1.053775,1.05217,19761231,1.003448,0.0501540687708781,0.0485545837950747
"611",19770131,0.950346,0.948833,19770131,1.005155,-0.0545279086310072,-0.0560331491163054
"612",19770228,0.984362,0.9776,19770228,1.010256,-0.0256311271598487,-0.0323244801317686
"613",19770331,0.987498,0.985452,19770331,1.006768,-0.0191404573844224,-0.021172703145114
"614",19770429,1.000641,0.999497,19770429,1.008403,-0.00769731942487284,-0.00883178649805683
"615",19770531,0.984936,0.976459,19770531,1.005,-0.0199641791044775,-0.0283990049751243
"616",19770630,1.047776,1.045705,19770630,1.006633,0.0408718967091286,0.0388145431353832
"617",19770729,0.984547,0.983411,19770729,1.004942,-0.0202947035749327,-0.0214251170714329
"618",19770831,0.98769,0.979779,19770831,1.003279,-0.015538050731651,-0.0234231953424721
"619",19770930,0.999175,0.996916,19770930,1.003268,-0.00407966764613243,-0.00633130928126879
"620",19771031,0.958016,0.956131,19771031,1.003257,-0.0450941284237241,-0.0469730089099804
"621",19771130,1.036752,1.026953,19771130,1.00487,0.0317274871376396,0.0219759769920489
"622",19771230,1.00557,1.003637,19771230,1.003231,0.00233146703002607,0.000404692438730425
"623",19780131,0.939357,0.937389,19780131,1.006441,-0.0666546772240001,-0.0686100824588822
"624",19780228,0.98374,0.975062,19780228,1.0064,-0.0225158982511924,-0.0311387122416534
"625",19780331,1.026925,1.024356,19780331,1.007949,0.0188263493490246,0.0162776092838031
"626",19780428,1.088964,1.087593,19780428,1.007886,0.0804436216000619,0.0790833487120566
"627",19780531,1.013719,1.004436,19780531,1.00939,0.00428872883622788,-0.00490791468114393
"628",19780630,0.983422,0.981047,19780630,1.010853,-0.0271364876990027,-0.0294859885660922
"629",19780731,1.056974,1.055121,19780731,1.007669,0.0489297576882888,0.0470908601931785
"630",19780831,1.033641,1.025563,19780831,1.004566,0.0289428469607771,0.020901563461236
"631",19780929,0.994837,0.992517,19780929,1.007576,-0.0126432150031363,-0.0149457708401153
"632",19781031,0.91043,0.907731,19781031,1.009023,-0.0977113504845777,-0.100386215180427
"633",19781130,1.026771,1.0174,19781130,1.004471,0.0222007404892726,0.0128714517392738
"634",19781229,1.016627,1.014264,19781229,1.004451,0.0121220447786901,0.0097695158847968
"635",19790131,1.042697,1.040161,19790131,1.008863,0.033536763663649,0.0310230427719123
"636",19790228,0.971351,0.963042,19790228,1.011713,-0.0398947132240073,-0.0481075166573921
"637",19790330,1.057361,1.054825,19790330,1.01013,0.0467573480641106,0.0442467801174105
"638",19790430,1.004183,1.002218,19790430,1.011461,-0.0071955320076601,-0.00913826632959636
"639",19790531,0.983182,0.973697,19790531,1.012748,-0.0291938369663529,-0.0385594442052711
"640",19790629,1.040324,1.037792,19790629,1.011189,0.0288126156435642,0.0263086327086233
"641",19790731,1.012051,1.009737,19790731,1.011065,0.000975209308995861,-0.00131346649325215
"642",19790831,1.061865,1.053222,19790831,1.009576,0.0517930299452443,0.0432320102696577
"643",19790928,1.001416,0.999128,19790928,1.01084,-0.00932293933758055,-0.0115864033872818
"644",19791031,0.93444,0.931483,19791031,1.008043,-0.073015734447836,-0.0759491410584667
"645",19791130,1.052777,1.04357,19791130,1.009309,0.0430670884734012,0.0339450059397071
"646",19791231,1.01834,1.015892,19791231,1.01054,0.00771864547667578,0.00529617828091911
"647",19800131,1.061308,1.058935,19800131,1.014342,0.046301937610786,0.0439624899688664
"648",19800229,1.002611,0.994426,19800229,1.014139,-0.0113672780555722,-0.0194381638020034
"649",19800331,0.902482,0.899904,19800331,1.015209,-0.111038219716334,-0.113577598307344
"650",19800430,1.042394,1.039877,19800430,1.011236,0.0308117986305867,0.028322765407877
"651",19800530,1.05556,1.046651,19800530,1.009877,0.045236202032525,0.0364143356072077
"652",19800630,1.029722,1.026895,19800630,1.011002,0.0185162838451358,0.0157200480315567
"653",19800731,1.0682,1.06563,19800731,1,0.0682,0.0656300000000001
"654",19800829,1.013454,1.00603,19800829,1.007255,0.00615435018937616,-0.00121617663848783
"655",19800930,1.027935,1.025155,19800930,1.008403,0.0193692402739778,0.0166124059527788
"656",19801031,1.017809,1.014742,19801031,1.009524,0.00820683807418132,0.00516877260966542
"657",19801128,1.10991,1.103015,19801128,1.008255,0.100822708540994,0.0939841607529843
"658",19801231,0.969366,0.966994,19801231,1.009357,-0.0396202731045607,-0.0419702840521243
"659",19810130,0.95663,0.954964,19810130,1.008111,-0.0510667972078471,-0.0527193930033498
"660",19810227,1.021267,1.013492,19810227,1.010345,0.0108101688037254,0.00311477762546453
"661",19810331,1.038285,1.035426,19810331,1.006826,0.0312457167375495,0.0284060999616615
"662",19810430,0.979789,0.978033,19810430,1.00678,-0.0268092333975645,-0.0285534078944755
"663",19810529,1.006539,0.998876,19810529,1.007856,-0.00130673429537553,-0.00891000301630407
"664",19810630,0.991745,0.98882,19810630,1.008909,-0.0170124362058423,-0.0199116074888815
"665",19810731,1.000714,0.999054,19810731,1.011038,-0.0102112878052061,-0.0118531647672987
"666",19810831,0.94446,0.936341,19810831,1.007642,-0.0627028250112639,-0.0707602501682144
"667",19810930,0.949534,0.9465,19810930,1.009751,-0.0596354942951283,-0.0626401954541269
"668",19811030,1.052115,1.048694,19811030,1.002146,0.0498619961562485,0.0464483219012
"669",19811130,1.043827,1.035918,19811130,1.003212,0.040484962301089,0.0326012846736281
"670",19811231,0.972941,0.970255,19811231,1.003202,-0.0301644135478197,-0.0328418404269528
"671",19820129,0.984633,0.983126,19820129,1.003191,-0.0184989697874084,-0.0200011762465971
"672",19820226,0.949559,0.940412,19820226,1.003181,-0.0534519692857023,-0.0625699649415211
"673",19820331,0.993195,0.989537,19820331,0.998943,-0.00575408206474237,-0.00941595266196371
"674",19820430,1.04155,1.040063,19820430,1.004233,0.0371597029772972,0.0356789709161121
"675",19820528,0.970495,0.960166,19820528,1.009484,-0.0386227022914678,-0.0488546623819694
"676",19820630,0.984221,0.981066,19820630,1.012526,-0.0279548377029331,-0.0310708070706333
"677",19820730,0.979801,0.977942,19820730,1.005155,-0.0252239704324209,-0.0270734364351767
"678",19820831,1.127402,1.116647,19820831,1.002051,0.12509443132136,0.114361444676967
"679",19820930,1.010496,1.007717,19820930,1.002047,0.00843174022775384,0.00565841721995075
"680",19821029,1.113863,1.111235,19821029,1.003064,0.110460548878237,0.107840576473685
"681",19821130,1.045754,1.037554,19821130,0.997963,0.0478885489742606,0.0396718114799848
"682",19821231,1.016835,1.014676,19821231,0.995918,0.0210027331567457,0.0188348839964736
"683",19830131,1.035293,1.033317,19830131,1.002049,0.0331760223302453,0.0312040628751689
"684",19830228,1.025733,1.018539,19830228,1.001022,0.0246857711418929,0.0174991159035465
"685",19830331,1.03547,1.032459,19830331,1,0.0354700000000001,0.032459
"686",19830429,1.075719,1.074655,19830429,1.00715,0.0680822121828923,0.0670257657747106
"687",19830531,0.994313,0.9879,19830531,1.006085,-0.0117008006281775,-0.0180750135425932
"688",19830630,1.03697,1.033719,19830630,1.003024,0.0338436567818916,0.0306024581665045
"689",19830729,0.968762,0.967679,19830729,1.00402,-0.035116830342025,-0.0361954941136631
"690",19830831,1.015864,1.009484,19830831,1.003003,0.0128224940503667,0.00646159582772921
"691",19830930,1.014105,1.010838,19830930,1.00499,0.00906974198748234,0.00581896337276966
"692",19831031,0.986892,0.985305,19831031,1.002979,-0.0160392191661043,-0.0176215055350113
"693",19831130,1.023846,1.017363,19831130,1.00198,0.0218227908740694,0.0153526018483403
"694",19831230,0.994251,0.991301,19831230,1.000988,-0.00673035041379122,-0.00967743869057369
"695",19840131,0.996102,0.994343,19840131,1.005923,-0.00976317272793237,-0.0115118155166946
"696",19840229,0.965966,0.960495,19840229,1.004907,-0.0387508495811055,-0.0441951344751306
"697",19840330,1.017295,1.013714,19840330,1.001953,0.0153120954775323,0.0117380755384733
"698",19840430,1.006781,1.005229,19840430,1.004873,0.00189874740390072,0.000354273624627144
"699",19840531,0.946869,0.940456,19840531,1.00291,-0.0558783938738272,-0.0622727861921808
"700",19840629,1.022937,1.018709,19840629,1.002901,0.0199780436952401,0.0157622736441583
"701",19840731,0.986235,0.984359,19840731,1.003857,-0.0175542930915459,-0.0194230851605358
"702",19840831,1.112438,1.105753,19840831,1.003842,0.108180371014562,0.101520956485184
"703",19840928,0.999936,0.996708,19840928,1.004785,-0.0048259080300761,-0.00803853560711998
"704",19841031,1.003331,1.000216,19841031,1.002857,0.000472649639978506,-0.00263347615861498
"705",19841130,0.990159,0.98505,19841130,1,-0.00984099999999999,-0.01495
"706",19841231,1.025556,1.021843,19841231,1,0.0255559999999999,0.0218430000000001
"707",19850131,1.076868,1.074737,19850131,1.001899,0.0748269037098548,0.0726999428086064
"708",19850228,1.014166,1.008886,19850228,1.004739,0.00938253616113216,0.0041274400615483
"709",19850329,0.999364,0.99602,19850329,1.003774,-0.00439341923580394,-0.00772484642957472
"710",19850430,0.996296,0.994587,19850430,1.004699,-0.00836369897850009,-0.0100647059467562
"711",19850531,1.06274,1.056847,19850531,1.003742,0.0587780525274424,0.0529070219239607
"712",19850628,1.016065,1.012925,19850628,1.002796,0.0132320033187208,0.0101007582798496
"713",19850731,0.996679,0.994765,19850731,1.001859,-0.00517038824824656,-0.00708083672452919
"714",19850830,0.993527,0.988129,19850830,1.001855,-0.0083125801637961,-0.0137005854140568
"715",19850930,0.966752,0.963803,19850930,1.002778,-0.0359261970246654,-0.0388670273978886
"716",19851031,1.045079,1.042653,19851031,1.003693,0.0412337238577933,0.0388166501111398
"717",19851129,1.071887,1.06663,19851129,1.00276,0.0689367346124694,0.0636942039969681
"718",19851231,1.048156,1.045156,19851231,1.002752,0.0452793911156497,0.0422876244574928
"719",19860131,1.004706,1.002962,19860131,1.002745,0.00195563179073455,0.000216405965624222
"720",19860228,1.076525,1.071556,19860228,0.997263,0.0794795354886324,0.0744968980098528
"721",19860331,1.055832,1.05332,19860331,0.995425,0.0606846321922798,0.058161086972901
"722",19860430,0.986652,0.984946,19860430,0.998162,-0.0115311943351881,-0.0132403357370847
"723",19860530,1.055326,1.050804,19860530,1.002762,0.0524192181195537,0.0479096734818434
"724",19860630,1.015744,1.01331,19860630,1.00551,0.0101779196626588,0.00775725751111378
"725",19860731,0.942459,0.940622,19860731,1,-0.057541,-0.059378
"726",19860829,1.074417,1.070076,19860829,1.001826,0.0724586904312723,0.0681256026495618
"727",19860930,0.916757,0.914336,19860930,1.004558,-0.0874026188632214,-0.0898126340141635
"728",19861031,1.056538,1.053813,19861031,1.000907,0.0555805884063154,0.0528580577416282
"729",19861128,1.024876,1.019717,19861128,1.000907,0.0239472798172058,0.0187929547900054
"730",19861231,0.972487,0.969826,19861231,1.000906,-0.0283932756922229,-0.0310518670084904
"731",19870130,1.135183,1.133724,19870130,1.006335,0.12803688632513,0.126587070905812
"732",19870227,1.041778,1.037845,19870227,1.003597,0.0380441551738397,0.0341252514704606
"733",19870331,1.026336,1.023832,19870331,1.00448,0.0217585218222363,0.0192656897100989
"734",19870430,0.990955,0.988907,19870430,1.005352,-0.0143203574469439,-0.016357454901368
"735",19870529,1.009128,1.005199,19870529,1.003549,0.00555927015023672,0.00164416485891561
"736",19870630,1.05014,1.047654,19870630,1.003537,0.0464387461548506,0.0439615081456888
"737",19870731,1.049843,1.047883,19870731,1.002643,0.047075579244058,0.0451207458686691
"738",19870831,1.039108,1.035441,19870831,1.005272,0.0336585521132589,0.0300107831512268
"739",19870930,0.97806,0.975921,19870930,1.005245,-0.02704315863297,-0.0291709981148873
"740",19871030,0.784205,0.782056,19871030,1.002609,-0.217835666745461,-0.219979074594383
"741",19871130,0.918126,0.913459,19871130,1.000867,-0.0826693256946227,-0.0873322829107164
"742",19871231,1.073922,1.071025,19871231,1,0.073922,0.0710250000000001
"743",19880129,1.042712,1.041086,19880129,1.0026,0.0400079792539398,0.0383861958906841
"744",19880229,1.047445,1.040574,19880229,1.002593,0.0447359995531587,0.0378827699774482
"745",19880331,0.969153,0.966632,19880331,1.00431,-0.0350061236072527,-0.0375163047266283
"746",19880429,1.010516,1.008773,19880429,1.00515,0.00533850669054359,0.0036044371486843
"747",19880531,1.008012,1.002882,19880531,1.003416,0.00458035351240138,-0.000532182066062314
"748",19880630,1.047676,1.045068,19880630,1.004255,0.0432370264524451,0.0406400764746009
"749",19880729,0.995542,0.992607,19880729,1.004237,-0.00865831472052914,-0.0115809315928411
"750",19880831,0.967512,0.96271,19880831,1.004219,-0.0365527838051261,-0.0413346092834332
"751",19880930,1.042739,1.040086,19880930,1.006723,0.0357754814382905,0.0331401984458486
"752",19881031,1.026891,1.023328,19881031,1.003339,0.0234736215775526,0.0199224788431427
"753",19881130,0.985645,0.98023,19881130,1.000832,-0.0151743749200665,-0.0205848733853433
"754",19881230,1.018553,1.015184,19881230,1.001663,0.01686195856291,0.0134985519081767
"755",19890131,1.072303,1.069633,19890131,1.004979,0.0669904545269104,0.0643336825943626
"756",19890228,0.974969,0.970813,19890228,1.004129,-0.0290400934541279,-0.0331790038929262
"757",19890331,1.023038,1.02044,19890331,1.005757,0.0171820827496103,0.0145989538228419
"758",19890428,1.051707,1.049899,19890428,1.006541,0.0448724890491297,0.0430762383251155
"759",19890531,1.041022,1.035451,19890531,1.005686,0.0351362154787873,0.0295967130893737
"760",19890630,0.994389,0.99206,19890630,1.002423,-0.00801458067103422,-0.0103379511443772
"761",19890731,1.090053,1.088194,19890731,1.002417,0.0874246945133612,0.0855701768824753
"762",19890831,1.019853,1.015516,19890831,1.001608,0.0182157091397033,0.0138856718396818
"763",19890929,0.995996,0.993384,19890929,1.00321,-0.00719091715592945,-0.00979455946412011
"764",19891031,0.976361,0.974332,19891031,1.0048,-0.0283031449044585,-0.0303224522292993
"765",19891130,1.020479,1.016641,19891130,1.002389,0.0180468859893714,0.014218033118879
"766",19891229,1.022657,1.019988,19891229,1.001589,0.0210345760586428,0.0183698103713199
"767",19900131,0.932339,0.930593,19900131,1.010309,-0.0771744090174391,-0.0789025931670408
"768",19900228,1.013381,1.008986,19900228,1.00471,0.00863035104657084,0.0042559544545191
"769",19900330,1.026588,1.02436,19900330,1.005469,0.021004128421662,0.0187882470767373
"770",19900430,0.975496,0.973492,19900430,1.001554,-0.026017568698243,-0.0280184593142258
"771",19900531,1.097419,1.092408,19900531,1.002327,0.0948712346369998,0.0898718681627853
"772",19900629,0.993246,0.991079,19900629,1.005418,-0.0121064074842503,-0.0142617299471463
"773",19900731,0.995546,0.993492,19900731,1.003849,-0.00827116428865293,-0.0103172887555797
"774",19900831,0.909199,0.905103,19900831,1.009202,-0.0990911631169974,-0.103149815398701
"775",19900928,0.951041,0.948787,19900928,1.008359,-0.0568428506117364,-0.0590781656136355
"776",19901031,0.996403,0.99389,19901031,1.006029,-0.00956831264307489,-0.0120662525632959
"777",19901130,1.064561,1.059897,19901130,1.002247,0.0621742943605719,0.0575207508727889
"778",19901231,1.027987,1.024954,19901231,1,0.027987,0.0249539999999999
"779",19910131,1.045001,1.043063,19910131,1.005979,0.0387900741466771,0.0368635925799645
"780",19910228,1.071565,1.067371,19910228,1.001486,0.069975017124553,0.0657872401611206
"781",19910328,1.024354,1.022312,19910328,1.001484,0.022836111210963,0.0207971370486197
"782",19910430,1.002268,1.000214,19910430,1.001481,0.000785836176622201,-0.0012651263478789
"783",19910531,1.04293,1.038759,19910531,1.002959,0.0398530747518093,0.0356943803286076
"784",19910628,0.954643,0.952502,19910628,1.00295,-0.0481649135051597,-0.0502996161324094
"785",19910731,1.046526,1.044799,19910731,1.001471,0.0449888214436565,0.043264358129192
"786",19910830,1.023885,1.019912,19910830,1.002937,0.0208866558916463,0.0169252904220305
"787",19910930,0.983139,0.980939,19910930,1.004392,-0.0211600649945439,-0.0233504448462353
"788",19911031,1.013458,1.011899,19911031,1.001458,0.0119825294720297,0.0104257991847887
"789",19911129,0.959786,0.956027,19911129,1.002911,-0.0429998275021414,-0.0467479168141541
"790",19911231,1.114089,1.111476,19911231,1.000726,0.113280758169569,0.110669653831318
"791",19920131,0.981652,0.980346,19920131,1.00145,-0.0197693344650257,-0.0210734435069149
"792",19920228,1.012865,1.009442,19920228,1.003621,0.009210648242713,0.00579999820649424
"793",19920331,0.98053,0.978127,19920331,1.005051,-0.0243977668794916,-0.0267886903251675
"794",19920430,1.028614,1.027157,19920430,1.001436,0.0271390283552817,0.0256841176071163
"795",19920529,1.00485,1.001087,19920529,1.001434,0.00341110847045356,-0.000346503114533658
"796",19920630,0.98497,0.982455,19920630,1.003579,-0.0185426359060921,-0.0210486668214461
"797",19920731,1.040924,1.039465,19920731,1.00214,0.0387011794759216,0.0372452950685533
"798",19920831,0.979385,0.975786,19920831,1.002847,-0.0233953933152317,-0.0269841760507834
"799",19920930,1.01134,1.008916,19920930,1.002839,0.00847693398441818,0.00605979623847874
"800",19921030,1.004796,1.003455,19921030,1.003539,0.00125256716480382,-8.37037723496747e-05
"801",19921130,1.033794,1.030069,19921130,1.00141,0.0323384028519789,0.0286186477067334
"802",19921231,1.01338,1.011197,19921231,0.999296,0.0140939221211733,0.0119093842064812
"803",19930129,1.007282,1.005964,19930129,1.004933,0.00233746926412004,0.00102593904270232
"804",19930226,1.013526,1.010361,19930226,1.003506,0.00998499261588859,0.00683105033751663
"805",19930331,1.021202,1.018578,19930331,1.003494,0.0176463436751988,0.0150314800088489
"806",19930430,0.975481,0.97422,19930430,1.002786,-0.0272291396170269,-0.0284866362314591
"807",19930528,1.026259,1.022549,19930528,1.001389,0.0248355034856584,0.0211306495278056
"808",19930630,1.003466,1.001095,19930630,1.001387,0.00207612042097605,-0.000291595556962454
"809",19930730,0.995407,0.994091,19930730,1,-0.00459299999999996,-0.00590900000000005
"810",19930831,1.037431,1.033957,19930831,1.00277,0.0345652542457393,0.0311008506437169
"811",19930930,0.992418,0.990158,19930930,1.002072,-0.00963403827269904,-0.0118893652352327
"812",19931029,1.019884,1.01859,19931029,1.004135,0.0156841460560582,0.0143954747120658
"813",19931130,0.991345,0.987916,19931130,1.000686,-0.00933459646682366,-0.0127612457853912
"814",19931231,1.012646,1.010617,19931231,1,0.0126459999999999,0.0106170000000001
"815",19940131,1.033429,1.031954,19940131,1.002743,0.0306020585533882,0.0291310934107742
"816",19940228,0.972839,0.969879,19940228,1.00342,-0.0304767694484861,-0.0334266807518286
"817",19940331,0.956544,0.954272,19940331,1.003408,-0.046704829939566,-0.0489691132620031
"818",19940429,1.012817,1.011477,19940429,1.001359,0.011442449710843,0.010104268299381
"819",19940531,1.016309,1.012559,19940531,1.000678,0.0156204093624521,0.0118729501398052
"820",19940630,0.975238,0.972887,19940630,1.00339,-0.0280568871525528,-0.0303999441891987
"821",19940729,1.032714,1.031381,19940729,1.002703,0.0299300989425584,0.0286006923286359
"822",19940831,1.041341,1.03799,19940831,1.004043,0.0371478113985158,0.033810304937139
"823",19940930,0.97606,0.973762,19940930,1.002685,-0.0265537033066218,-0.0288455496990581
"824",19941031,1.022619,1.021043,19941031,1.000669,0.0219353252673959,0.0203603789065114
"825",19941130,0.963752,0.960577,19941130,1.001338,-0.0375357771302,-0.0407065346566294
"826",19941230,1.014955,1.012419,19941230,1,0.0149550000000001,0.012419
"827",19950131,1.026,1.024348,19950131,1.004008,0.0219042079345981,0.0202588027187034
"828",19950228,1.039228,1.036328,19950228,1.003992,0.0350958971784636,0.032207427947633
"829",19950331,1.029334,1.027179,19950331,1.003313,0.0259350770896023,0.0237871930294935
"830",19950428,1.029395,1.027914,19950428,1.003303,0.0260061018456039,0.024529977484369
"831",19950531,1.039809,1.036454,19950531,1.001975,0.0377594251353577,0.0344110381995557
"832",19950630,1.024155,1.022198,19950630,1.001971,0.0221403613477835,0.0201872110071051
"833",19950731,1.033405,1.032023,19950731,1,0.0334049999999999,0.0320229999999999
"834",19950831,1.003495,1.000642,19950831,1.002623,0.00086971872777708,-0.00197581743087882
"835",19950929,1.042102,1.040182,19950929,1.001962,0.0400613995341141,0.038145159197654
"836",19951031,0.996558,0.995136,19951031,1.003264,-0.00668418282725169,-0.00810155651952016
"837",19951130,1.044179,1.041338,19951130,0.999349,0.0448592033413751,0.0420163526455724
"838",19951229,1.017643,1.015809,19951229,0.999349,0.0183059171520661,0.0164707224403084
"839",19960131,1.034861,1.033415,19960131,1.005863,0.0288289757153808,0.0273914041971919
"840",19960229,1.010088,1.007689,19960229,1.003238,0.00682789128800954,0.0044366341785298
"841",19960329,1.009585,1.00786,19960329,1.005165,0.00439728800744144,0.00268115185069107
"842",19960430,1.015133,1.013857,19960430,1.003854,0.0112356976213672,0.0099645964452999
"843",19960531,1.025257,1.02253,19960531,1.001919,0.0232933001569988,0.020571523246889
"844",19960628,1.004128,1.002562,19960628,1.000639,0.00348677195272207,0.00192177198769983
"845",19960731,0.955559,0.953952,19960731,1.001914,-0.0462664460223132,-0.0478703761001443
"846",19960830,1.021928,1.019589,19960830,1.001911,0.0199788204740741,0.0176442817775233
"847",19960930,1.056035,1.054112,19960930,1.003179,0.0526885032481741,0.0507715970928417
"848",19961031,1.026798,1.025348,19961031,1.003169,0.0235543562450595,0.0221089367793461
"849",19961129,1.076455,1.074218,19961129,1.001895,0.0744189760404035,0.0721862071374746
"850",19961231,0.980185,0.978482,19961231,1,-0.019815,-0.021518
"851",19970131,1.062779,1.061689,19970131,1.003153,0.0594385901253347,0.058352016093258
"852",19970228,1.007752,1.0058,19970228,1.003143,0.00459455930011976,0.00264867521380308
"853",19970331,0.958347,0.95669,19970331,1.002506,-0.0440486141728827,-0.0457014721108899
"854",19970430,1.060274,1.059016,19970430,1.00125,0.0589503121098627,0.0576938826466917
"855",19970530,1.061401,1.059272,19970530,0.999376,0.062063727766126,0.059933398440627
"856",19970630,1.044103,1.042762,19970630,1.001249,0.0428005421228885,0.0414612149425366
"857",19970731,1.080388,1.078977,19970731,1.001248,0.0790413563872288,0.0776321151203301
"858",19970829,0.94503,0.943542,19970829,1.001869,-0.0567329660863845,-0.0582181902025114
"859",19970930,1.053886,1.052408,19970930,1.002488,0.0512704391474013,0.0497961072850748
"860",19971031,0.967395,0.96627,19971031,1.002481,-0.034999167066508,-0.0361213828491512
"861",19971128,1.046321,1.044625,19971128,0.999381,0.0469690738567174,0.0452720233824737
"862",19971231,1.017147,1.0157,19971231,0.998762,0.0184077888425871,0.0169589952361022
"863",19980130,1.011994,1.01108,19980130,1.00186,0.0101151857544968,0.00920288263829283
"864",19980227,1.071956,1.070303,19980227,1.001856,0.0699701354286442,0.0683201977130445
"865",19980331,1.051336,1.050104,19980331,1.001853,0.0493914775920219,0.0481617562656396
"866",19980430,1.011275,1.010232,19980430,1.00185,0.00940759594749707,0.00836652193442133
"867",19980529,0.982326,0.980794,19980529,1.001846,-0.0194840324760492,-0.0210132096150507
"868",19980630,1.04097,1.0398,19980630,1.001229,0.0396922182637538,0.0385236544287073
"869",19980731,0.989891,0.988888,19980731,1.001227,-0.0113221077737617,-0.0123238786009567
"870",19980831,0.856876,0.855496,19980831,1.001225,-0.144172388823691,-0.14555070039202
"871",19980930,1.063176,1.061612,19980930,1.001224,0.0618762634535328,0.0603141754492502
"872",19981030,1.080111,1.079144,19981030,1.002445,0.0774765697868711,0.0765119283352205
"873",19981130,1.062164,1.060685,19981130,1,0.0621640000000001,0.0606850000000001
"874",19981231,1.059673,1.058454,19981231,0.99939,0.0603197950749959,0.059100051031129
"875",19990129,1.0428,1.042,19990129,1.002441,0.0402607235737564,0.0394626716185791
"876",19990226,0.968065,0.966844,19990226,1.001217,-0.0331117030573792,-0.0343312189065906
"877",19990331,1.038979,1.037774,19990331,1.00304,0.0358300765672357,0.0346287286648588
"878",19990430,1.037559,1.036771,19990430,1.007273,0.0300673203788842,0.0292850101213868
"879",19990528,0.976841,0.975167,19990528,1,-0.023159,-0.024833
"880",19990630,1.054431,1.053398,19990630,1,0.0544309999999999,0.0533980000000001
"881",19990730,0.96978,0.968916,19990730,1.003008,-0.0331283499234303,-0.0339897588055129
"882",19990831,0.995011,0.993749,19990831,1.0024,-0.00737130885873905,-0.0086302873104549
"883",19990930,0.971921,0.970743,19990930,1.004788,-0.0327103826876913,-0.0338827693005888
"884",19991029,1.064238,1.063512,19991029,1.001787,0.0623395991363433,0.061614894184093
"885",19991130,1.020822,1.019547,19991130,1.000595,0.0202149720916054,0.018940730265492
"886",19991231,1.062579,1.061549,19991231,1,0.0625789999999999,0.0615490000000001
"887",20000131,0.95037,0.949704,20000131,1.002971,-0.0524451853543123,-0.0531092125295747
"888",20000229,0.982542,0.981334,20000229,1.005924,-0.0232443007622842,-0.0244451867139068
"889",20000331,1.098488,1.097431,20000331,1.008245,0.0895050310192462,0.0884566747169586
"890",20000428,0.968415,0.967692,20000428,1.000584,-0.0321502242690268,-0.0328728022834663
"891",20000531,0.977696,0.976383,20000531,1.001168,-0.0234446166877088,-0.0247560848928452
"892",20000630,1.026219,1.025497,20000630,1.005248,0.0208615187496022,0.0201432880244479
"893",20000731,0.987205,0.986441,20000731,1.00232,-0.0150800143666694,-0.0158422459893049
"894",20000831,1.062594,1.061275,20000831,1,0.062594,0.061275
"895",20000929,0.947912,0.947205,20000929,1.005208,-0.0569991484349509,-0.0577024854557466
"896",20001031,0.99588,0.995171,20001031,1.001727,-0.00583691963978217,-0.00654469730774954
"897",20001130,0.921732,0.920443,20001130,1.000575,-0.0787976913274867,-0.0800859505784174
"898",20001229,1.00572,1.004861,20001229,0.999426,0.00629761483091285,0.00543812148173051
"899",20010131,1.032375,1.031555,20010131,1.006322,0.0258893276704675,0.025074479142859
"900",20010228,0.909048,0.907869,20010228,1.003998,-0.0945719015376525,-0.0957462066657503
"901",20010330,0.936294,0.935413,20010330,1.002275,-0.0658312339427802,-0.0667102342171559
"902",20010430,1.077825,1.076981,20010430,1.003973,0.0735597471246736,0.0727190870670824
"903",20010531,1.00687,1.00533,20010531,1.004522,0.00233743014090293,0.00080436267199735
"904",20010629,0.975494,0.974817,20010629,1.001688,-0.0261498590379439,-0.0268257181876991
"905",20010731,0.990683,0.989752,20010731,0.997191,-0.00652633246790235,-0.00745995501363339
"906",20010831,0.936565,0.935067,20010831,1,-0.063435,-0.064933
"907",20010928,0.919639,0.918648,20010928,1.004507,-0.0844872161169609,-0.0854737697198725
"908",20011031,1.01954,1.018546,20011031,0.996635,0.0229823355591563,0.0219849794558689
"909",20011130,1.078787,1.077259,20011130,0.998312,0.0806110714886727,0.0790804878635136
"910",20011231,1.009051,1.007849,20011231,0.996054,0.0130484893389313,0.0118417274565434
"911",20020131,0.985676,0.98468,20020131,1.002264,-0.0165505296009835,-0.0175442797506445
"912",20020228,0.980519,0.979027,20020228,1.003953,-0.0233417301407537,-0.024827855487259
"913",20020328,1.037572,1.03669,20020328,1.005624,0.0317693292920613,0.0308922619189678
"914",20020430,0.938999,0.938174,20020430,1.005593,-0.0662236113417655,-0.0670440227805882
"915",20020531,0.9922,0.990562,20020531,1,-0.00780000000000003,-0.00943799999999995
"916",20020628,0.928651,0.927389,20020628,1.000556,-0.071865043036072,-0.0731263417539848
"917",20020731,0.926013,0.924926,20020731,1.001112,-0.0750155826720686,-0.0761013752706989
"918",20020830,1.007061,1.005401,20020830,1.003331,0.00371761661904202,0.00206312772155948
"919",20020930,0.891035,0.889579,20020930,1.00166,-0.110441666833057,-0.111895253878562
"920",20021031,1.088599,1.087103,20021031,1.001657,0.0867981754233236,0.0853046501946275
"921",20021129,1.059019,1.057288,20021129,1,0.0590189999999999,0.057288
"922",20021231,0.941166,0.939536,20021231,0.997794,-0.0567531975538037,-0.0583868012836316
"923",20030131,0.973421,0.97214,20030131,1.004422,-0.0308645171053601,-0.0321398774618635
"924",20030228,0.984754,0.982775,20030228,1.007705,-0.0227755146595482,-0.0247393830535724
"925",20030331,1.010308,1.008967,20030331,1.006008,0.00427431988612414,0.00294132849838169
"926",20030430,1.082774,1.081462,20030430,0.997828,0.0851309043241919,0.083816048457249
"927",20030530,1.053251,1.051508,20030530,0.998368,0.0549727154716497,0.0532268662457132
"928",20030630,1.012816,1.011351,20030630,1.00109,0.0117132325764915,0.0102498276878202
"929",20030731,1.017932,1.016505,20030731,1.001089,0.0168246779257391,0.0153992302382706
"930",20030829,1.019597,1.018014,20030829,1.003806,0.0157311273293845,0.0141541293835661
"931",20030930,0.989263,0.987893,20030930,1.00325,-0.0139416895090955,-0.0153072514328432
"932",20031031,1.05556,1.05397,20031031,0.99892,0.0567012373363232,0.0551095182797421
"933",20031128,1.009259,1.007606,20031128,0.997297,0.011994420919746,0.0103369407508496
"934",20031231,1.05178,1.050107,20031231,0.998916,0.0529213667615696,0.0512465512615674
"935",20040130,1.019078,1.017991,20040130,1.004883,0.0141260226314903,0.0130443046603437
"936",20040227,1.014403,1.012716,20040227,1.0054,0.00895464491744558,0.00727670578874062
"937",20040331,0.985018,0.983733,20040331,1.006445,-0.0212897873207181,-0.0225665585302725
"938",20040430,0.984416,0.983281,20040430,1.003202,-0.0187260392224098,-0.0198574165521999
"939",20040528,1.013629,1.012024,20040528,1.005851,0.00773275564671083,0.00613709187543687
"940",20040630,1.019488,1.018019,20040630,1.003173,0.0162633962437186,0.0147990426377105
"941",20040730,0.967046,0.965889,20040730,0.998419,-0.0314226792559036,-0.0325815113694751
"942",20040831,1.003807,1.002019,20040831,1.000528,0.00327726960165009,0.00149021316744746
"943",20040930,1.010817,1.009347,20040930,1.002111,0.00868766034900337,0.00722075698201108
"944",20041029,1.014973,1.013699,20041029,1.005266,0.00965615071035919,0.00838882445044398
"945",20041130,1.040559,1.035572,20041130,1.000524,0.0400140326468932,0.0350296444662996
"946",20041231,1.033734,1.032086,20041231,0.996335,0.0375365715346745,0.0358825093969399
"947",20050131,0.976176,0.975251,20050131,1.002102,-0.0258716178592598,-0.0267946775877107
"948",20050228,1.021152,1.019015,20050228,1.005768,0.0152957739757082,0.0131710295018335
"949",20050331,0.98276,0.981271,20050331,1.007821,-0.024866518955251,-0.0263439638586614
"950",20050429,0.981074,0.979924,20050429,1.006725,-0.0254796493580671,-0.0266219672701086
"951",20050531,1.031994,1.030156,20050531,0.998972,0.0330559815490326,0.0312160901406646
"952",20050630,1.001717,1.000139,20050630,1.000514,0.00120238197566458,-0.000374807349022621
"953",20050729,1.037364,1.036163,20050729,1.004627,0.0325862235436636,0.0313907549767227
"954",20050831,0.990841,0.988735,20050831,1.005118,-0.014204302380417,-0.0162995787559271
"955",20050930,1.008067,1.006916,20050930,1.01222,-0.00410286301396912,-0.00523996759597711
"956",20051031,0.984328,0.983303,20051031,1.002012,-0.0176484912356338,-0.0186714330766496
"957",20051130,1.038289,1.035675,20051130,0.991968,0.0466960627762187,0.0440608971257137
"958",20051230,0.99994,0.998604,20051230,0.995951,0.0040052171241356,0.00266378566817038
"959",20060131,1.026442,1.025424,20060131,1.007622,0.0186776390352732,0.0176673395380409
"960",20060228,1.002425,1.000167,20060228,1.002017,0.000407178720520651,-0.00184627606118448
"961",20060331,1.012909,1.011511,20060331,1.005536,0.00733240779047195,0.00594210450943589
"962",20060428,1.012064,1.01085,20060428,1.008509,0.00352500572627501,0.00232124849654292
"963",20060531,0.971681,0.969481,20060531,1.004963,-0.0331176371667415,-0.0353067724881414
"964",20060630,1.001587,1.000348,20060630,1.001975,-0.000387235210459358,-0.00162379300880766
"965",20060731,1.005571,1.00451,20060731,1.002957,0.002606293191034,0.00154842131816202
"966",20060831,1.02415,1.021679,20060831,1.001966,0.0221404718323774,0.0196743202863172
"967",20060929,1.026487,1.025296,20060929,0.995096,0.0315457001133559,0.0303488306655841
"968",20061031,1.032527,1.03142,20061031,0.994579,0.0381548373734011,0.0370418036174101
"969",20061130,1.018385,1.015887,20061130,0.998513,0.0199015936697871,0.0173998736120611
"970",20061229,1.013768,1.012294,20061229,1.001489,0.0122607437525524,0.0107889352753749
"971",20070131,1.015313,1.014345,20070131,1.003053,0.0122226841453044,0.0112576304542233
"972",20070228,0.980712,0.978402,20070228,1.00535,-0.024506888148406,-0.0268045954145322
"973",20070330,1.010894,1.009679,20070330,1.009106,0.00177186539372465,0.000567829345975435
"974",20070430,1.043991,1.042857,20070430,1.006496,0.0372530044828792,0.0361263234031728
"975",20070531,1.034459,1.032154,20070531,1.006111,0.0281758175787761,0.0258848178779478
"976",20070629,0.98338,0.982171,20070629,1.001938,-0.0185221041621337,-0.0197287656521661
"977",20070731,0.968803,0.967717,20070731,0.999746,-0.0309508615188259,-0.0320371374329079
"978",20070831,1.015094,1.012859,20070831,0.998166,0.0169591029948926,0.0147199964735325
"979",20070928,1.037468,1.035923,20070928,1.002756,0.0346165966596061,0.0330758429767559
"980",20071031,1.01736,1.016292,20071031,1.002139,0.015188511773317,0.0141227913493038
"981",20071130,0.958618,0.956419,20071130,1.00594,-0.0470425671511224,-0.0492285822216038
"982",20071231,0.993884,0.992097,20071231,0.999329,-0.00544865604820843,-0.0072368559303293
"983",20080131,0.938834,0.937668,20080131,1.004971,-0.0658098591899667,-0.0669700916742872
"984",20080229,0.968581,0.966307,20080229,1.002904,-0.0342236146231344,-0.0364910300487384
"985",20080331,0.9966,0.994946,20080331,1.008668,-0.0119642935039079,-0.0136040798359817
"986",20080430,1.048629,1.04749,20080430,1.006065,0.0423074055851262,0.0411752719754688
"987",20080530,1.012986,1.010708,20080530,1.008421,0.00452687915067207,0.00226790199728089
"988",20080630,0.917158,0.915431,20080630,1.010077,-0.0919919966497602,-0.0937017672910084
"989",20080731,0.992694,0.991262,20080731,1.005251,-0.0124914076185947,-0.0139159274648818
"990",20080829,1.014955,1.012682,20080829,0.996008,0.0190229395747825,0.0167408293909286
"991",20080930,0.914533,0.912713,20080930,0.998617,-0.084200449221273,-0.086022969767188
"992",20081031,0.83302,0.831545,20081031,0.989899,-0.158479804505308,-0.159969855510512
"993",20081128,0.926488,0.923486,20081128,0.980847,-0.0554204682279703,-0.0584810882839015
"994",20081231,1.011995,1.009229,20081231,0.989658,0.0225704233179542,0.0197755184114108
"995",20090130,0.917385,0.915961,20090130,1.004352,-0.0865901596253106,-0.0880079892308672
"996",20090227,0.896412,0.892598,20090227,1.004973,-0.108023797654265,-0.111818924488518
"997",20090331,1.087634,1.084154,20090331,1.002432,0.0849952914511907,0.0815237342782353
"998",20090430,1.09423,1.09255,20090430,1.002496,0.0915056020173646,0.0898297848569969
"999",20090529,1.05464,1.051848,20090529,1.002889,0.0516019220472057,0.0488179648994056
"1000",20090630,1.002476,1.00068,20090630,1.00859,-0.00606192803815242,-0.00784263179289912
"1001",20090731,1.074482,1.073101,20090731,0.998414,0.076188835493092,0.074805641747812
"1002",20090831,1.034751,1.032255,20090831,1.002243,0.0324352477393206,0.0299448337379258
"1003",20090930,1.036534,1.034978,20090930,1.000625,0.0358865708931917,0.0343315427857587
"1004",20091030,0.981741,0.980542,20091030,1.000963,-0.0192035070227372,-0.0204013534965828
"1005",20091130,1.060257,1.057607,20091130,1.000708,0.0595068691366514,0.0568587440092414
"1006",20091231,1.018983,1.017346,20091231,0.998239,0.0207805946271384,0.0191407067846479
"1007",20100129,0.964249,0.963219,20100129,1.003417,-0.0390346187078752,-0.0400611111830873
"1008",20100226,1.030424,1.028014,20100226,1.000249,0.0301674882954146,0.0277580882360293
"1009",20100331,1.061014,1.05943,20100331,1.004106,0.0566752912541106,0.0550977685622833
"1010",20100430,1.015977,1.014957,20100430,1.001737,0.0142153080099865,0.0131970766778107
"1011",20100528,0.919889,0.917663,20100528,1.000775,-0.0808233618945318,-0.0830476380804875
"1012",20100630,0.946475,0.944885,20100630,0.999024,-0.0526003379298196,-0.0541918912858951
"1013",20100730,1.070451,1.06862,20100730,1.000211,0.0702251824864955,0.0683945687459946
"1014",20100831,0.954566,0.95216,20100831,1.001381,-0.0467504376456115,-0.0491531195419127
"1015",20100930,1.090383,1.088751,20100930,1.000582,0.0897487662180612,0.0881177154895849
"1016",20101029,1.038726,1.037081,20101029,1.001245,0.037434394179247,0.0357914396576262
"1017",20101130,0.999949,0.997429,20101130,1.000421,-0.000471801371622615,-0.00299074089808193
"1018",20101231,1.067054,1.065249,20101231,1.001718,0.0652239452620396,0.0634220409336759
"1019",20110131,1.023349,1.022319,20110131,1.004763,0.0184978945283614,0.0174727771623755
"1020",20110228,1.032508,1.030251,20110228,1.004931,0.0274416850510135,0.0251957597088754
"1021",20110331,1.000625,0.999133,20110331,1.009751,-0.00903787171292725,-0.0105154637133313
"1022",20110429,1.029441,1.028358,20110429,1.006439,0.0228548377000493,0.0217787665223625
"1023",20110531,0.988687,0.986427,20110531,1.004704,-0.0159420087906489,-0.0181914275249228
"1024",20110630,0.983455,0.981894,20110630,0.998929,-0.0154905904223424,-0.017053264045793
"1025",20110729,0.980172,0.979018,20110729,1.000886,-0.020695663642013,-0.0218486421030967
"1026",20110831,0.945678,0.943266,20110831,1.002758,-0.0569230063484909,-0.0593283723490613
"1027",20110930,0.929762,0.928261,20110930,1.001518,-0.0716472394904534,-0.0731459644260013
"1028",20111031,1.109014,1.107554,20111031,0.997937,0.111306625568548,0.109843607361988
"1029",20111130,0.997273,0.994448,20111130,0.999156,-0.00188459059446178,-0.00471197690851077
"1030",20111230,1.009427,1.007613,20111230,0.997533,0.0119234150649654,0.0101049288594965
"1031",20120131,1.045205,1.044003,20120131,1.0044,0.0406262445240939,0.0394295101553166
"1032",20120229,1.04334,1.040744,20120229,1.004403,0.0387663119285784,0.0361816920100797
"1033",20120330,1.032866,1.031282,20120330,1.007595,0.0250805134999679,0.0235084532972076
"1034",20120430,0.993966,0.992763,20120430,1.003021,-0.00902772723601986,-0.0102271039190605
"1035",20120531,0.94021,0.937567,20120531,0.998827,-0.0586858384885471,-0.0613319423683981
"1036",20120629,1.041465,1.039888,20120629,0.998534,0.042994029246876,0.0414147139706809
"1037",20120731,1.014363,1.013096,20120731,0.99837,0.0160191111511763,0.0147500425693881
"1038",20120831,1.022744,1.019938,20120831,1.005565,0.0170839279410084,0.014293456912283
"1039",20120928,1.02512,1.023547,20120928,1.004462,0.0205662334662735,0.0190002210138362
"1040",20121031,0.982163,0.980773,20121031,0.999611,-0.0174547899132763,-0.0188453308336943
"1041",20121130,1.005326,1.002154,20121130,0.995262,0.0101119102306728,0.00692480974858878
"1042",20121231,1.008508,1.005902,20121231,0.997307,0.0112312457447907,0.00861820883639641
"1043",20130131,1.052361,1.051024,20130131,1.002957,0.0492583430795139,0.0479252849324545
"1044",20130228,1.013013,1.010511,20130228,1.00819,0.00478382051002302,0.00230214542893692
"1045",20130328,1.037584,1.036025,20130328,1.002615,0.0348777945672067,0.0333228607192191
"1046",20130430,1.019621,1.018482,20130430,0.99896,0.0206825098102026,0.0195423240169779
"1047",20130531,1.02312,1.020441,20130531,1.00178,0.0213020822935177,0.018627842440456
"1048",20130628,0.986399,0.984738,20130628,1.0024,-0.0159626895450917,-0.0176197126895451
"1049",20130731,1.050672,1.049287,20130731,1.000394,0.0502581982698818,0.0488737437449644
"1050",20130830,0.970793,0.968362,20130830,1.001203,-0.0303734607267457,-0.0328015397476836
"1051",20130930,1.03166,1.030064,20130930,1.001163,0.0304615731903797,0.0288674271821872
"1052",20131031,1.046268,1.044953,20131031,0.997425,0.0489690954207083,0.0476507005539264
"1053",20131129,1.030817,1.028398,20131129,0.997958,0.032926235372631,0.0305022856673327
"1054",20131231,1.02595,1.024196,20131231,0.999914,0.0260382392885787,0.0242840884316053
"1055",20140131,0.965334,0.964269,20140131,1.00372,-0.038243733312079,-0.0393047861953532
"1056",20140228,1.045757,1.043194,20140228,1.003698,0.04190403886428,0.0393504819178676
"1057",20140331,1.008056,1.006537,20140331,1.00644,0.00160565955248204,9.63793171973037e-05
"1058",20140430,1.006555,1.005388,20140430,1.003297,0.003247293672761,0.00208412862791363
"1059",20140530,1.023309,1.020895,20140530,1.003493,0.0197470236464032,0.0173414263975933
"1060",20140630,1.020635,1.019048,20140630,1.001862,0.0187381096398505,0.0171540591418777
"1061",20140731,0.986026,0.984722,20140731,0.99961,-0.0135892998269326,-0.0148938085853483
"1062",20140829,1.039777,1.037446,20140829,0.998329,0.0415173755345182,0.0391824739139102
"1063",20140930,0.986072,0.984533,20140930,1.000753,-0.0146699535249958,-0.016207795529966
"1064",20141031,1.023972,1.0228,20141031,0.997488,0.026550695346711,0.0253757438685978
"1065",20141128,1.027631,1.025159,20141128,0.994601,0.0332092969944731,0.0307238782185018
"1066",20141231,0.997527,0.995751,20141231,0.99433,0.00321523035611926,0.00142910301408983
"1067",20150130,0.97057,0.969532,20150130,0.995294,-0.0248409012814303,-0.0258838092061241
"1068",20150227,1.057008,1.054305,20150227,1.004343,0.052437264958286,0.0497459533247109
"1069",20150331,0.985007,0.983372,20150331,1.005952,-0.0208210729736608,-0.0224463990329558
"1070",20150430,1.0091,1.008004,20150430,1.002033,0.00705266193827958,0.00595888558560431
"1071",20150529,1.012522,1.010141,20150529,1.005097,0.00738734669390118,0.00501842110761452
"1072",20150630,0.980657,0.97898,20150630,1.003503,-0.0227662498268566,-0.0244373958025039
"1073",20150731,1.021297,1.020101,20150731,1.000067,0.021228577685295,0.0200326578119265
"1074",20150831,0.939914,0.937567,20150831,0.998584,-0.0587531945234452,-0.0611035225879846
"1075",20150930,0.975453,0.973742,20150930,0.998443,-0.0230258512503968,-0.0247395194317552
"1076",20151030,1.083449,1.082049,20151030,0.99955,0.0839367715471961,0.0825361412635686
"1077",20151130,1.003373,1.000817,20151130,0.997889,0.00549560121416315,0.00293419408371065
"1078",20151231,0.984753,0.982924,20151231,0.996583,-0.0118705617093608,-0.0137058328307827
"1079",20160129,0.9509,0.94975,20160129,1.001653,-0.0506692437400975,-0.0518173459271823
"1080",20160229,0.998258,0.995543,20160229,1.000823,-0.00256289074092031,-0.00527565813335629
"1081",20160331,1.06734,1.065146,20160331,1.004306,0.0627637393384088,0.060579146196478
"1082",20160429,1.003747,1.002576,20160429,1.004741,-0.000989309682793982,-0.00215478416825843
"1083",20160531,1.018487,1.015886,20160531,1.004046,0.0143828071622216,0.011792288401129
"1084",20160630,1.002675,1.001002,20160630,1.003284,-0.000607006590357395,-0.00227453044202852
"1085",20160729,1.036571,1.035324,20160729,0.998382,0.0382508899399228,0.037001869024081
"1086",20160831,1.001247,0.998604,20160831,1.000918,0.000328698255001925,-0.00231187769627472
"1087",20160930,1.000446,0.998967,20160930,1.002404,-0.00195330425656737,-0.00342875726752889
"1088",20161031,0.982042,0.980794,20161031,1.001247,-0.0191810811917539,-0.0204275268739882
"1089",20161130,1.03579,1.033007,20161130,0.998445,0.0374031619167805,0.0346158276119366
"1090",20161230,1.0192,1.017569,20161230,1.000327,0.0188668305464115,0.0172363637090671
"1091",20170131,1.019384,1.018311,20170131,1.005828,0.0134774534015758,0.0124106706116751
"1092",20170228,1.039459,1.037052,20170228,1.003146,0.0361991175761054,0.0337996662499775
"1093",20170331,1.001664,1.000055,20170331,1.000813,0.000850308699027913,-0.00075738424660754
"1094",20170428,1.010591,1.009439,20170428,1.002966,0.00760245112994862,0.00645385785759434
"1095",20170531,1.014552,1.01192,20170531,1.000855,0.0136852990692955,0.0110555475068814
"1096",20170630,1.005798,1.004364,20170630,1.000907,0.00488656788293018,0.00345386734232056
"1097",20170731,1.020696,1.019162,20170731,0.99931,0.0214007665289049,0.019865707338063
"1098",20170831,1.002238,0.999676,20170831,1.002994,-0.000753743292582043,-0.0033080955618876
"1099",20170929,1.02005,1.018742,20170929,1.005295,0.0146772837823721,0.0133761731631015
"1100",20171031,1.024158,1.023006,20171031,0.999368,0.0248056771879828,0.0236529486635555
"1101",20171130,1.031389,1.02886,20171130,1.000024,0.0313642472580657,0.0288353079526091
"1102",20171229,1.011149,1.009851,20171229,0.999412,0.011743905416385,0.0104451417433451
"1103",20180131,1.05806,1.057018,20180131,1.005448,0.0523269229239107,0.0512905689801959
"1104",20180228,0.962339,0.960298,20180228,1.004535,-0.0420055050346677,-0.0440372908858327
"1105",20180329,0.974541,0.972908,20180329,1.002261,-0.0276574664683152,-0.0292867825845764
"1106",20180430,1.00377,1.002656,20180430,1.003975,-0.000204188351303536,-0.00131377773350938
"1107",20180531,1.0238,1.021317,20180531,1.004159,0.0195596514097867,0.0170869354355236
"1108",20180629,1.00684,1.005507,20180629,1.001594,0.00523765118401265,0.00390677260446837
"1109",20180731,1.037144,1.03597,20180731,1.000067,0.0370745160074275,0.0359005946601578
"1110",20180831,1.032938,1.030647,20180831,1.000556,0.0323640056128791,0.0300742787010424
"1111",20180928,1.005138,1.003758,20180928,1.001162,0.00397138525033913,0.00259298694916499
"1112",20181031,0.931591,0.930508,20181031,1.001767,-0.0700522177312689,-0.0711333074457434
"1113",20181130,1.019752,1.017259,20181130,0.996651,0.0231786252158479,0.0206772481038999
"1114",20181231,0.909354,0.907812,20181231,0.996806,-0.0877322167001402,-0.0892791576294686
"1115",20190131,1.081409,1.080024,20190131,1.001907,0.0793506782565647,0.0779683144243926
"1116",20190228,1.031708,1.029398,20190228,1.004227,0.0273653267637697,0.0250650500335083
"1117",20190329,1.019531,1.018007,20190329,1.005641,0.0138120860227458,0.012296634683749
"1118",20190430,1.040629,1.039469,20190430,1.005295,0.0351478919123243,0.0339940017606772
"1119",20190531,0.936813,0.934497,20190531,1.002129,-0.0651772376610197,-0.0674883173723143
"1120",20190628,1.069561,1.068056,20190628,1.000199,0.0693481997082579,0.0678434991436703
"1121",20190731,1.014603,1.013367,20190731,1.001671,0.0129104266770226,0.0116764885875702
"1122",20190830,0.983915,0.981623,20190830,0.999949,-0.0160348177757066,-0.0183269346736683
"1123",20190930,1.018791,1.017272,20190930,1.000783,0.0179939107678688,0.0164760992143151
"1124",20191031,1.021621,1.020441,20191031,1.002286,0.0192909010003133,0.0181135923279383
"1125",20191129,1.036206,1.033979,20191129,0.999464,0.0367617042734905,0.0345335099613393
"1126",20191231,1.029788,1.028136,20191231,0.99909,0.0307259606241679,0.0290724559349007
